scenario,family,model,mlbam_id,player_name,position,actual,predicted
position_50,range,position_only,502054,Tommy Pham,LF,-2,-2.2892988887935344
position_50,range,position_only,573262,Mike Yastrzemski,RF,-2,-0.8618357449579443
position_50,range,position_only,592206,Nick Castellanos,RF,-11,-0.06140944784855762
position_50,range,position_only,592450,Aaron Judge,RF,4,-1.9410576125953671
position_50,range,position_only,595777,Jurickson Profar,LF,-6,-2.769366513243164
position_50,range,position_only,596146,Max Kepler,LF,0,-2.2043285948222735
position_50,range,position_only,606192,Teoscar Hernández,RF,-8,-0.579959600248185
position_50,range,position_only,607043,Brandon Nimmo,LF,-1,-1.3564767651598508
position_50,range,position_only,621438,Tyrone Taylor,CF,3,4.012961687577633
position_50,range,position_only,621439,Byron Buxton,CF,2,4.509775716679247
position_50,range,position_only,621493,Taylor Ward,LF,0,-1.2750716291657076
position_50,range,position_only,624424,Michael Conforto,LF,-7,-1.8929964468560918
position_50,range,position_only,643217,Andrew Benintendi,LF,-7,-3.0226667794313182
position_50,range,position_only,643565,Mike Tauchman,RF,0,-2.5685048669251747
position_50,range,position_only,656775,Cedric Mullins,CF,3,4.748171720353725
position_50,range,position_only,657656,Ramón Laureano,LF,-8,-1.9473758000481496
position_50,range,position_only,660670,Ronald Acuña Jr.,RF,-10,-1.4316833941471692
position_50,range,position_only,660821,Jesús Sánchez,RF,-1,-1.26575391705191
position_50,range,position_only,662139,Daulton Varsho,CF,8,2.9501300700398496
position_50,range,position_only,663457,Lars Nootbaar,LF,-1,-1.8102124871184886
position_50,range,position_only,663656,Kyle Tucker,RF,-2,-1.1552904414137029
position_50,range,position_only,663757,Trent Grisham,CF,-1,5.095625655228291
position_50,range,position_only,664023,Ian Happ,LF,0,-1.4376598385193846
position_50,range,position_only,664056,Harrison Bader,CF,6,4.770906731510066
position_50,range,position_only,664702,Myles Straw,CF,9,3.437227233027759
position_50,range,position_only,664728,Kyle Isbel,CF,11,4.409119201512823
position_50,range,position_only,665487,Fernando Tatis Jr.,RF,7,-0.8194129413397304
position_50,range,position_only,665742,Juan Soto,RF,-11,0.6775995756744972
position_50,range,position_only,665750,Leody Taveras,CF,-1,3.283046009853889
position_50,range,position_only,665833,Oneil Cruz,CF,0,4.833586517211346
position_50,range,position_only,666134,Nolan Jones,RF,-5,-1.3529996745658002
position_50,range,position_only,666139,Josh Lowe,RF,-4,-1.5009932354045015
position_50,range,position_only,666160,Mickey Moniak,RF,-7,-1.285070749557585
position_50,range,position_only,666176,Jo Adell,CF,-11,6.008656920137761
position_50,range,position_only,666185,Dylan Carlson,LF,-2,-3.437698143452107
position_50,range,position_only,666969,Adolis García,RF,1,-0.9280347476312985
position_50,range,position_only,666971,Lourdes Gurriel Jr.,LF,-3,-2.0787799601688635
position_50,range,position_only,667472,Dane Myers,CF,1,3.925325655426806
position_50,range,position_only,668227,Randy Arozarena,LF,-4,-0.7762737579154866
position_50,range,position_only,668709,JJ Bleday,CF,-7,4.15364315781558
position_50,range,position_only,668804,Bryan Reynolds,RF,-2,-1.1484343663771517
position_50,range,position_only,669016,Brandon Marsh,CF,0,4.5078013586269
position_50,range,position_only,669065,Kyle Stowers,LF,-2,-2.564495336667499
position_50,range,position_only,669326,Bryce Teodosio,CF,9,2.2727940104857716
position_50,range,position_only,669743,Alex Call,RF,0,-2.2366197561632513
position_50,range,position_only,670242,Matt Wallner,RF,-3,-2.1151175561484927
position_50,range,position_only,670770,TJ Friedl,CF,1,5.568182960313981
position_50,range,position_only,671218,Heliot Ramos,LF,-8,-0.7925319762580658
position_50,range,position_only,671732,Lawrence Butler,RF,4,-0.7799750292266685
position_50,range,position_only,671739,Michael Harris II,CF,7,5.536287882149381
position_50,range,position_only,672016,Denzel Clarke,CF,12,1.874259291737966
position_50,range,position_only,672761,Wenceel Pérez,RF,2,-1.8692851797609609
position_50,range,position_only,673357,Luis Robert Jr.,CF,6,4.078291045708432
position_50,range,position_only,676694,Jake Meyers,CF,8,3.9497489093561646
position_50,range,position_only,677594,Julio Rodríguez,CF,10,5.352294225106073
position_50,range,position_only,677800,Wilyer Abreu,RF,7,-1.9882020569672854
position_50,range,position_only,677950,Alek Thomas,CF,0,4.892597699588836
position_50,range,position_only,678009,Parker Meadows,CF,4,2.941297399535784
position_50,range,position_only,678882,Ceddanne Rafaela,CF,19,4.452862278539356
position_50,range,position_only,680757,Steven Kwan,LF,5,-1.580309140623231
position_50,range,position_only,680776,Jarren Duran,LF,-3,-1.0496684982358806
position_50,range,position_only,681297,Colton Cowser,CF,0,3.9997112264792025
position_50,range,position_only,681624,Andy Pages,CF,10,5.26981462210531
position_50,range,position_only,682657,Angel Martínez,CF,-5,4.324165422284634
position_50,range,position_only,682985,Riley Greene,LF,1,-1.847683505967768
position_50,range,position_only,682998,Corbin Carroll,RF,9,-1.0920946131606701
position_50,range,position_only,686217,Sal Frelick,RF,6,-1.0011489331686647
position_50,range,position_only,686555,Isaac Collins,LF,3,-2.752732159417463
position_50,range,position_only,686611,Dylan Crews,RF,2,-2.2081617619217195
position_50,range,position_only,686668,Brenton Doyle,CF,5,4.761117276331508
position_50,range,position_only,687363,Victor Scott II,CF,15,4.496851864299052
position_50,range,position_only,687597,Jordan Beck,LF,-2,-1.6730697570789568
position_50,range,position_only,691016,Tyler Soderstrom,LF,4,-2.832862124911288
position_50,range,position_only,691023,Jordan Walker,RF,-4,-1.412935162616014
position_50,range,position_only,691176,Jasson Domínguez,LF,-8,-2.4175705468955946
position_50,range,position_only,691718,Pete Crow-Armstrong,CF,22,4.508721716230202
position_50,range,position_only,694192,Jackson Chourio,CF,3,4.971592223204698
position_50,range,position_only,694671,Wyatt Langford,LF,9,-2.175385134547068
position_50,range,position_only,695578,James Wood,LF,-6,-1.7694526204343886
position_50,range,position_only,695734,Daylen Lile,RF,-7,-1.950199138991049
position_50,range,position_only,696285,Jacob Young,CF,13,3.973023033216827
position_50,range,position_only,701358,Cam Smith,RF,1,-1.0542455821343886
position_50,range,position_only,701538,Jackson Merrill,CF,2,4.592525467733421
position_50,range,position_only,802415,Chandler Simpson,CF,-5,4.439622701006795
position_50,range,position_only,808982,Jung Hoo Lee,CF,-5,5.795785268868305
position_50,range,no_position,502054,Tommy Pham,LF,-2,0.4064979656513372
position_50,range,no_position,573262,Mike Yastrzemski,RF,-2,5.282352630497525
position_50,range,no_position,592206,Nick Castellanos,RF,-11,-6.242179668495474
position_50,range,no_position,592450,Aaron Judge,RF,4,-1.0843001306693878
position_50,range,no_position,595777,Jurickson Profar,LF,-6,-5.987994876375011
position_50,range,no_position,596146,Max Kepler,LF,0,-2.1263219740736705
position_50,range,no_position,606192,Teoscar Hernández,RF,-8,0.3054876589865748
position_50,range,no_position,607043,Brandon Nimmo,LF,-1,0.7634618757593439
position_50,range,no_position,621438,Tyrone Taylor,CF,3,-2.1268977992024514
position_50,range,no_position,621439,Byron Buxton,CF,2,-1.250464386762383
position_50,range,no_position,621493,Taylor Ward,LF,0,0.8872715227155794
position_50,range,no_position,624424,Michael Conforto,LF,-7,-7.396382848389221
position_50,range,no_position,643217,Andrew Benintendi,LF,-7,-9.951402007860601
position_50,range,no_position,643565,Mike Tauchman,RF,0,-2.5218245413084732
position_50,range,no_position,656775,Cedric Mullins,CF,3,-0.9912311855206238
position_50,range,no_position,657656,Ramón Laureano,LF,-8,-0.4441949705876833
position_50,range,no_position,660670,Ronald Acuña Jr.,RF,-10,-8.656922754102645
position_50,range,no_position,660821,Jesús Sánchez,RF,-1,3.50365040413882
position_50,range,no_position,662139,Daulton Varsho,CF,8,10.298691073053945
position_50,range,no_position,663457,Lars Nootbaar,LF,-1,-4.8248932014207355
position_50,range,no_position,663656,Kyle Tucker,RF,-2,-2.1149778244227124
position_50,range,no_position,663757,Trent Grisham,CF,-1,0.6202416463373888
position_50,range,no_position,664023,Ian Happ,LF,0,0.7052349710149676
position_50,range,no_position,664056,Harrison Bader,CF,6,3.1120587570230587
position_50,range,no_position,664702,Myles Straw,CF,9,3.7602871617658655
position_50,range,no_position,664728,Kyle Isbel,CF,11,7.4617901301246174
position_50,range,no_position,665487,Fernando Tatis Jr.,RF,7,3.289996255383887
position_50,range,no_position,665742,Juan Soto,RF,-11,-2.9233782594162587
position_50,range,no_position,665750,Leody Taveras,CF,-1,-4.348271278169103
position_50,range,no_position,665833,Oneil Cruz,CF,0,-1.9670176087493492
position_50,range,no_position,666134,Nolan Jones,RF,-5,-5.089414758381688
position_50,range,no_position,666139,Josh Lowe,RF,-4,-2.5254491893843705
position_50,range,no_position,666160,Mickey Moniak,RF,-7,-4.712161105232491
position_50,range,no_position,666176,Jo Adell,CF,-11,-12.401441478830463
position_50,range,no_position,666185,Dylan Carlson,LF,-2,-2.749272840723723
position_50,range,no_position,666969,Adolis García,RF,1,6.329617118133347
position_50,range,no_position,666971,Lourdes Gurriel Jr.,LF,-3,-0.7469384215743327
position_50,range,no_position,667472,Dane Myers,CF,1,5.5554292344635545
position_50,range,no_position,668227,Randy Arozarena,LF,-4,-4.570173457002834
position_50,range,no_position,668709,JJ Bleday,CF,-7,1.2031969974701957
position_50,range,no_position,668804,Bryan Reynolds,RF,-2,-3.1190740532841748
position_50,range,no_position,669016,Brandon Marsh,CF,0,0.7238831360363903
position_50,range,no_position,669065,Kyle Stowers,LF,-2,-2.8939449588525634
position_50,range,no_position,669326,Bryce Teodosio,CF,9,11.6563270416368
position_50,range,no_position,669743,Alex Call,RF,0,4.330100575841367
position_50,range,no_position,670242,Matt Wallner,RF,-3,-6.641663929586884
position_50,range,no_position,670770,TJ Friedl,CF,1,-2.690525176257458
position_50,range,no_position,671218,Heliot Ramos,LF,-8,-0.8655474492057783
position_50,range,no_position,671732,Lawrence Butler,RF,4,-1.557148863868402
position_50,range,no_position,671739,Michael Harris II,CF,7,4.2340650255686
position_50,range,no_position,672016,Denzel Clarke,CF,12,7.121287608736933
position_50,range,no_position,672761,Wenceel Pérez,RF,2,3.6545375635442814
position_50,range,no_position,673357,Luis Robert Jr.,CF,6,1.382282852679581
position_50,range,no_position,676694,Jake Meyers,CF,8,2.6156410714863543
position_50,range,no_position,677594,Julio Rodríguez,CF,10,2.740755502003427
position_50,range,no_position,677800,Wilyer Abreu,RF,7,5.998091067638031
position_50,range,no_position,677950,Alek Thomas,CF,0,-0.563200606366052
position_50,range,no_position,678009,Parker Meadows,CF,4,3.892444974586163
position_50,range,no_position,678882,Ceddanne Rafaela,CF,19,18.10329183427152
position_50,range,no_position,680757,Steven Kwan,LF,5,3.4412456044353004
position_50,range,no_position,680776,Jarren Duran,LF,-3,4.846303340175689
position_50,range,no_position,681297,Colton Cowser,CF,0,-5.30769885230265
position_50,range,no_position,681624,Andy Pages,CF,10,8.836153030528932
position_50,range,no_position,682657,Angel Martínez,CF,-5,-2.921349400324561
position_50,range,no_position,682985,Riley Greene,LF,1,2.985220641817204
position_50,range,no_position,682998,Corbin Carroll,RF,9,4.703082430220702
position_50,range,no_position,686217,Sal Frelick,RF,6,3.012458529034157
position_50,range,no_position,686555,Isaac Collins,LF,3,11.956584403494352
position_50,range,no_position,686611,Dylan Crews,RF,2,5.412331025998176
position_50,range,no_position,686668,Brenton Doyle,CF,5,2.0801518402041705
position_50,range,no_position,687363,Victor Scott II,CF,15,5.612868624584278
position_50,range,no_position,687597,Jordan Beck,LF,-2,-1.2974110657653901
position_50,range,no_position,691016,Tyler Soderstrom,LF,4,2.0881514901962888
position_50,range,no_position,691023,Jordan Walker,RF,-4,-3.4416036566093133
position_50,range,no_position,691176,Jasson Domínguez,LF,-8,-6.310789175975575
position_50,range,no_position,691718,Pete Crow-Armstrong,CF,22,14.614617933020401
position_50,range,no_position,694192,Jackson Chourio,CF,3,5.295251894818117
position_50,range,no_position,694671,Wyatt Langford,LF,9,5.885324478054392
position_50,range,no_position,695578,James Wood,LF,-6,-5.882252584049019
position_50,range,no_position,695734,Daylen Lile,RF,-7,-2.062693045290706
position_50,range,no_position,696285,Jacob Young,CF,13,7.3274380660761285
position_50,range,no_position,701358,Cam Smith,RF,1,4.466301573677289
position_50,range,no_position,701538,Jackson Merrill,CF,2,0.8490504903586381
position_50,range,no_position,802415,Chandler Simpson,CF,-5,1.5650802706645344
position_50,range,no_position,808982,Jung Hoo Lee,CF,-5,-0.5043278656551128
position_50,range,common_slope,502054,Tommy Pham,LF,-2,-0.7917967846624022
position_50,range,common_slope,573262,Mike Yastrzemski,RF,-2,3.8900117540033854
position_50,range,common_slope,592206,Nick Castellanos,RF,-11,-6.610583007781977
position_50,range,common_slope,592450,Aaron Judge,RF,4,-2.4542128169797257
position_50,range,common_slope,595777,Jurickson Profar,LF,-6,-6.869610169166442
position_50,range,common_slope,596146,Max Kepler,LF,0,-3.199311055792606
position_50,range,common_slope,606192,Teoscar Hernández,RF,-8,-0.6192936815794061
position_50,range,common_slope,607043,Brandon Nimmo,LF,-1,-0.295235423882173
position_50,range,common_slope,621438,Tyrone Taylor,CF,3,-0.23593282553238398
position_50,range,common_slope,621439,Byron Buxton,CF,2,0.6995746972240201
position_50,range,common_slope,621493,Taylor Ward,LF,0,-0.18205906599578206
position_50,range,common_slope,624424,Michael Conforto,LF,-7,-7.942902498271867
position_50,range,common_slope,643217,Andrew Benintendi,LF,-7,-10.692785311149873
position_50,range,common_slope,643565,Mike Tauchman,RF,0,-3.887463634164083
position_50,range,common_slope,656775,Cedric Mullins,CF,3,0.9751821660101727
position_50,range,common_slope,657656,Ramón Laureano,LF,-8,-1.3828997594985586
position_50,range,common_slope,660670,Ronald Acuña Jr.,RF,-10,-9.206046623794027
position_50,range,common_slope,660821,Jesús Sánchez,RF,-1,2.09453414241543
position_50,range,common_slope,662139,Daulton Varsho,CF,8,11.080012671289925
position_50,range,common_slope,663457,Lars Nootbaar,LF,-1,-5.6097507876980615
position_50,range,common_slope,663656,Kyle Tucker,RF,-2,-3.1383524995001584
position_50,range,common_slope,663757,Trent Grisham,CF,-1,2.623899445573636
position_50,range,common_slope,664023,Ian Happ,LF,0,-0.38319634080003295
position_50,range,common_slope,664056,Harrison Bader,CF,6,4.771332103046502
position_50,range,common_slope,664702,Myles Straw,CF,9,5.093372094255586
position_50,range,common_slope,664728,Kyle Isbel,CF,11,8.699031027850463
position_50,range,common_slope,665487,Fernando Tatis Jr.,RF,7,1.7984949371905656
position_50,range,common_slope,665742,Juan Soto,RF,-11,-3.3612818067686394
position_50,range,common_slope,665750,Leody Taveras,CF,-1,-2.354638338838572
position_50,range,common_slope,665833,Oneil Cruz,CF,0,0.14277141316403402
position_50,range,common_slope,666134,Nolan Jones,RF,-5,-5.9184991274612
position_50,range,common_slope,666139,Josh Lowe,RF,-4,-3.5661018061313627
position_50,range,common_slope,666160,Mickey Moniak,RF,-7,-5.515378259413875
position_50,range,common_slope,666176,Jo Adell,CF,-11,-8.808588081744293
position_50,range,common_slope,666185,Dylan Carlson,LF,-2,-4.067257399302747
position_50,range,common_slope,666969,Adolis García,RF,1,4.7851030205570515
position_50,range,common_slope,666971,Lourdes Gurriel Jr.,LF,-3,-1.8132873418257427
position_50,range,common_slope,667472,Dane Myers,CF,1,6.889066777516912
position_50,range,common_slope,668227,Randy Arozarena,LF,-4,-5.1293693372342695
position_50,range,common_slope,668709,JJ Bleday,CF,-7,3.001421090919706
position_50,range,common_slope,668804,Bryan Reynolds,RF,-2,-4.079187627670975
position_50,range,common_slope,669016,Brandon Marsh,CF,0,2.565303738954268
position_50,range,common_slope,669065,Kyle Stowers,LF,-2,-3.968510920170564
position_50,range,common_slope,669326,Bryce Teodosio,CF,9,12.247017721919786
position_50,range,common_slope,669743,Alex Call,RF,0,2.6123145515997495
position_50,range,common_slope,670242,Matt Wallner,RF,-3,-7.5926485906971175
position_50,range,common_slope,670770,TJ Friedl,CF,1,-0.38120297368344314
position_50,range,common_slope,671218,Heliot Ramos,LF,-8,-1.615494350028349
position_50,range,common_slope,671732,Lawrence Butler,RF,4,-2.669731215993873
position_50,range,common_slope,671739,Michael Harris II,CF,7,6.024976273613103
position_50,range,common_slope,672016,Denzel Clarke,CF,12,8.002628040398811
position_50,range,common_slope,672761,Wenceel Pérez,RF,2,2.02618179610261
position_50,range,common_slope,673357,Luis Robert Jr.,CF,6,3.01140682139223
position_50,range,common_slope,676694,Jake Meyers,CF,8,4.117425877752677
position_50,range,common_slope,677594,Julio Rodríguez,CF,10,4.554077332502491
position_50,range,common_slope,677800,Wilyer Abreu,RF,7,4.061631595225618
position_50,range,common_slope,677950,Alek Thomas,CF,0,1.4620353904171908
position_50,range,common_slope,678009,Parker Meadows,CF,4,5.181905157092964
position_50,range,common_slope,678882,Ceddanne Rafaela,CF,19,18.530751144089287
position_50,range,common_slope,680757,Steven Kwan,LF,5,2.048085124858069
position_50,range,common_slope,680776,Jarren Duran,LF,-3,3.651472173821684
position_50,range,common_slope,681297,Colton Cowser,CF,0,-3.1540722841615443
position_50,range,common_slope,681624,Andy Pages,CF,10,10.234957652865656
position_50,range,common_slope,682657,Angel Martínez,CF,-5,-0.7552470733575092
position_50,range,common_slope,682985,Riley Greene,LF,1,1.655053897222279
position_50,range,common_slope,682998,Corbin Carroll,RF,9,3.00961704743528
position_50,range,common_slope,686217,Sal Frelick,RF,6,1.52593840624839
position_50,range,common_slope,686555,Isaac Collins,LF,3,10.030924902122488
position_50,range,common_slope,686611,Dylan Crews,RF,2,3.5920529383186626
position_50,range,common_slope,686668,Brenton Doyle,CF,5,3.817790716628352
position_50,range,common_slope,687363,Victor Scott II,CF,15,6.973932366817635
position_50,range,common_slope,687597,Jordan Beck,LF,-2,-2.2685881220706774
position_50,range,common_slope,691016,Tyler Soderstrom,LF,4,0.5041188350023715
position_50,range,common_slope,691023,Jordan Walker,RF,-4,-4.403981930884167
position_50,range,common_slope,691176,Jasson Domínguez,LF,-8,-7.041137118177618
position_50,range,common_slope,691718,Pete Crow-Armstrong,CF,22,15.414787808464444
position_50,range,common_slope,694192,Jackson Chourio,CF,3,6.872857409678071
position_50,range,common_slope,694671,Wyatt Langford,LF,9,4.068265512757701
position_50,range,common_slope,695578,James Wood,LF,-6,-6.51450684008464
position_50,range,common_slope,695734,Daylen Lile,RF,-7,-3.2222878550471914
position_50,range,common_slope,696285,Jacob Young,CF,13,8.472920872611303
position_50,range,common_slope,701358,Cam Smith,RF,1,2.99995356970834
position_50,range,common_slope,701538,Jackson Merrill,CF,2,2.6725975780882267
position_50,range,common_slope,802415,Chandler Simpson,CF,-5,3.3839498911080566
position_50,range,common_slope,808982,Jung Hoo Lee,CF,-5,1.8338025649518843
position_50,range,position_slopes,502054,Tommy Pham,LF,-2,-1.2664407406377434
position_50,range,position_slopes,573262,Mike Yastrzemski,RF,-2,4.161531906222078
position_50,range,position_slopes,592206,Nick Castellanos,RF,-11,-5.991915782789258
position_50,range,position_slopes,592450,Aaron Judge,RF,4,-2.516539966084558
position_50,range,position_slopes,595777,Jurickson Profar,LF,-6,-5.937960486571832
position_50,range,position_slopes,596146,Max Kepler,LF,0,-2.9514894129119673
position_50,range,position_slopes,606192,Teoscar Hernández,RF,-8,-0.5493125599798615
position_50,range,position_slopes,607043,Brandon Nimmo,LF,-1,-0.44386327292110883
position_50,range,position_slopes,621438,Tyrone Taylor,CF,3,-0.8143258226132141
position_50,range,position_slopes,621439,Byron Buxton,CF,2,0.2596262281923848
position_50,range,position_slopes,621493,Taylor Ward,LF,0,-0.309505033858785
position_50,range,position_slopes,624424,Michael Conforto,LF,-7,-6.195272896717539
position_50,range,position_slopes,643217,Andrew Benintendi,LF,-7,-9.0076087817201
position_50,range,position_slopes,643565,Mike Tauchman,RF,0,-4.0729650372875845
position_50,range,position_slopes,656775,Cedric Mullins,CF,3,0.5742999022837982
position_50,range,position_slopes,657656,Ramón Laureano,LF,-8,-1.5790008070578974
position_50,range,position_slopes,660670,Ronald Acuña Jr.,RF,-10,-9.137854413829606
position_50,range,position_slopes,660821,Jesús Sánchez,RF,-1,2.1436121864861004
position_50,range,position_slopes,662139,Daulton Varsho,CF,8,11.934343557625109
position_50,range,position_slopes,663457,Lars Nootbaar,LF,-1,-4.609876558173249
position_50,range,position_slopes,663656,Kyle Tucker,RF,-2,-3.112515401182226
position_50,range,position_slopes,663757,Trent Grisham,CF,-1,2.4164468398848893
position_50,range,position_slopes,664023,Ian Happ,LF,0,-0.5368857447290438
position_50,range,position_slopes,664056,Harrison Bader,CF,6,4.829006524593865
position_50,range,position_slopes,664702,Myles Straw,CF,9,5.176118207676848
position_50,range,position_slopes,664728,Kyle Isbel,CF,11,9.2058190309617
position_50,range,position_slopes,665487,Fernando Tatis Jr.,RF,7,1.888679972870739
position_50,range,position_slopes,665742,Juan Soto,RF,-11,-2.820812406890909
position_50,range,position_slopes,665750,Leody Taveras,CF,-1,-3.2666501799343077
position_50,range,position_slopes,665833,Oneil Cruz,CF,0,-0.35831918318022343
position_50,range,position_slopes,666134,Nolan Jones,RF,-5,-5.952483673524692
position_50,range,position_slopes,666139,Josh Lowe,RF,-4,-3.596908064731537
position_50,range,position_slopes,666160,Mickey Moniak,RF,-7,-5.467753049542678
position_50,range,position_slopes,666176,Jo Adell,CF,-11,-10.574577249646968
position_50,range,position_slopes,666185,Dylan Carlson,LF,-2,-4.195383710491095
position_50,range,position_slopes,666969,Adolis García,RF,1,5.051776894926033
position_50,range,position_slopes,666971,Lourdes Gurriel Jr.,LF,-3,-1.9128654367299516
position_50,range,position_slopes,667472,Dane Myers,CF,1,7.157091772238283
position_50,range,position_slopes,668227,Randy Arozarena,LF,-4,-3.6595584882591914
position_50,range,position_slopes,668709,JJ Bleday,CF,-7,2.7865121594395554
position_50,range,position_slopes,668804,Bryan Reynolds,RF,-2,-4.070784606964785
position_50,range,position_slopes,669016,Brandon Marsh,CF,0,2.3450080886420874
position_50,range,position_slopes,669065,Kyle Stowers,LF,-2,-3.699497474775665
position_50,range,position_slopes,669326,Bryce Teodosio,CF,9,13.305462465443933
position_50,range,position_slopes,669743,Alex Call,RF,0,2.5635927422832125
position_50,range,position_slopes,670242,Matt Wallner,RF,-3,-7.9404484966894815
position_50,range,position_slopes,670770,TJ Friedl,CF,1,-0.9503519004357184
position_50,range,position_slopes,671218,Heliot Ramos,LF,-8,-1.1810843996590064
position_50,range,position_slopes,671732,Lawrence Butler,RF,4,-2.58316628032731
position_50,range,position_slopes,671739,Michael Harris II,CF,7,6.257998742657786
position_50,range,position_slopes,672016,Denzel Clarke,CF,12,8.440878549065301
position_50,range,position_slopes,672761,Wenceel Pérez,RF,2,1.928708253717268
position_50,range,position_slopes,673357,Luis Robert Jr.,CF,6,2.851188078880775
position_50,range,position_slopes,676694,Jake Meyers,CF,8,4.090853917086485
position_50,range,position_slopes,677594,Julio Rodríguez,CF,10,4.645245321672069
position_50,range,position_slopes,677800,Wilyer Abreu,RF,7,3.723311639041792
position_50,range,position_slopes,677950,Alek Thomas,CF,0,1.12224850756205
position_50,range,position_slopes,678009,Parker Meadows,CF,4,5.233935616219707
position_50,range,position_slopes,678882,Ceddanne Rafaela,CF,19,20.583459481849733
position_50,range,position_slopes,680757,Steven Kwan,LF,5,1.1292264284382791
position_50,range,position_slopes,680776,Jarren Duran,LF,-3,2.714723034561944
position_50,range,position_slopes,681297,Colton Cowser,CF,0,-4.163494228068449
position_50,range,position_slopes,681624,Andy Pages,CF,10,10.989260730637854
position_50,range,position_slopes,682657,Angel Martínez,CF,-5,-1.3507556780858598
position_50,range,position_slopes,682985,Riley Greene,LF,1,0.7282908515762796
position_50,range,position_slopes,682998,Corbin Carroll,RF,9,2.92847320360118
position_50,range,position_slopes,686217,Sal Frelick,RF,6,1.569786734414357
position_50,range,position_slopes,686555,Isaac Collins,LF,3,7.787090474111997
position_50,range,position_slopes,686611,Dylan Crews,RF,2,3.5356470680240792
position_50,range,position_slopes,686668,Brenton Doyle,CF,5,3.762382669313919
position_50,range,position_slopes,687363,Victor Scott II,CF,15,7.29287423916924
position_50,range,position_slopes,687597,Jordan Beck,LF,-2,-2.033727271745137
position_50,range,position_slopes,691016,Tyler Soderstrom,LF,4,-0.6752506666791542
position_50,range,position_slopes,691023,Jordan Walker,RF,-4,-4.423225431745102
position_50,range,position_slopes,691176,Jasson Domínguez,LF,-8,-5.82335192160123
position_50,range,position_slopes,691718,Pete Crow-Armstrong,CF,22,16.586167512371507
position_50,range,position_slopes,694192,Jackson Chourio,CF,3,7.169307707574769
position_50,range,position_slopes,694671,Wyatt Langford,LF,9,1.7975038131590086
position_50,range,position_slopes,695578,James Wood,LF,-6,-5.125892053007247
position_50,range,position_slopes,695734,Daylen Lile,RF,-7,-3.3639916515464066
position_50,range,position_slopes,696285,Jacob Young,CF,13,8.936628696450033
position_50,range,position_slopes,701358,Cam Smith,RF,1,3.086843073090214
position_50,range,position_slopes,701538,Jackson Merrill,CF,2,2.4714499666489655
position_50,range,position_slopes,802415,Chandler Simpson,CF,-5,3.235496542618345
position_50,range,position_slopes,808982,Jung Hoo Lee,CF,-5,1.5313321751941493
position_50,arm,position_only,502054,Tommy Pham,LF,-1.171167899055583,-0.3634221182079246
position_50,arm,position_only,543807,George Springer,RF,-2.588107061546566,-0.3432980990612994
position_50,arm,position_only,573262,Mike Yastrzemski,RF,4.558942932422652,-0.3084069487702355
position_50,arm,position_only,592206,Nick Castellanos,RF,-1.5426271239484215,-0.061330153557492606
position_50,arm,position_only,592450,Aaron Judge,RF,2.2808366216085663,-0.3799675470395671
position_50,arm,position_only,595777,Jurickson Profar,LF,-2.213223359833487,-0.4468176155954144
position_50,arm,position_only,596146,Max Kepler,LF,-1.3472028936192504,-0.3576724753412645
position_50,arm,position_only,606192,Teoscar Hernández,RF,-0.8419174315230058,-0.13973852755670474
position_50,arm,position_only,607043,Brandon Nimmo,LF,-0.106130228114432,-0.24947060554671796
position_50,arm,position_only,621438,Tyrone Taylor,CF,4.971724418396483,0.16460856183040304
position_50,arm,position_only,621439,Byron Buxton,CF,-0.4418317589943382,0.44450067120048614
position_50,arm,position_only,621493,Taylor Ward,LF,-2.227229009385241,0.053691310819435456
position_50,arm,position_only,624424,Michael Conforto,LF,-1.1316390801068077,-0.4151387000553556
position_50,arm,position_only,641584,Jake Fraley,RF,-1.7735897761757091,-0.35774914939635016
position_50,arm,position_only,641933,Tyler O'Neill,RF,-1.4540820160712462,-0.39514133995465306
position_50,arm,position_only,642201,Eli White,RF,1.4882608106309727,-0.437228131397951
position_50,arm,position_only,643217,Andrew Benintendi,LF,-2.919123780075372,-0.4452637348985347
position_50,arm,position_only,643565,Mike Tauchman,RF,-0.17766717753047778,-0.3561986064707839
position_50,arm,position_only,656775,Cedric Mullins,CF,-4.388636968516528,0.592376621671091
position_50,arm,position_only,657077,Alex Verdugo,LF,-0.6414576010268973,-0.6521210183481473
position_50,arm,position_only,657656,Ramón Laureano,LF,3.3681020179076624,-0.5220631377946683
position_50,arm,position_only,657757,Gavin Sheets,LF,1.2922565475564758,-0.7453233620087458
position_50,arm,position_only,660670,Ronald Acuña Jr.,RF,1.1798816140276314,-0.2949342257260074
position_50,arm,position_only,660821,Jesús Sánchez,RF,1.0580654957276394,-0.26100653859329825
position_50,arm,position_only,662139,Daulton Varsho,CF,-1.757961029988357,0.2877582956990314
position_50,arm,position_only,663457,Lars Nootbaar,LF,-2.8965229750583656,-0.11775361561204756
position_50,arm,position_only,663616,Trevor Larnach,RF,-2.65356450862029,-0.3428719354107338
position_50,arm,position_only,663656,Kyle Tucker,RF,2.049856492631077,-0.3149688653605857
position_50,arm,position_only,663757,Trent Grisham,CF,-1.4324983890233218,0.36714536993792324
position_50,arm,position_only,664023,Ian Happ,LF,0.5428484766547604,-0.3053730456108813
position_50,arm,position_only,664056,Harrison Bader,CF,-0.3385543499974198,0.5498027534891398
position_50,arm,position_only,664702,Myles Straw,CF,0.03546860408964611,0.25972971910543446
position_50,arm,position_only,664728,Kyle Isbel,CF,-0.5482903215002092,0.36841078233308755
position_50,arm,position_only,664983,Jake McCarthy,LF,-1.3172867967726531,-0.5714868240226156
position_50,arm,position_only,665487,Fernando Tatis Jr.,RF,2.068462681764043,-0.20622060396193437
position_50,arm,position_only,665742,Juan Soto,RF,-2.0554635184924863,0.10994722882435148
position_50,arm,position_only,665750,Leody Taveras,CF,-1.0644030741468782,0.25071970645440833
position_50,arm,position_only,665833,Oneil Cruz,CF,3.80747216804713,0.30521604636642996
position_50,arm,position_only,666134,Nolan Jones,RF,3.8729823530397134,-0.39466195948764465
position_50,arm,position_only,666139,Josh Lowe,RF,-1.7429419368804109,-0.256178661643895
position_50,arm,position_only,666158,Gavin Lux,LF,3.0390916504963e-4,-0.6909076906548416
position_50,arm,position_only,666160,Mickey Moniak,RF,-4.5247540144401475,0.0359063292341783
position_50,arm,position_only,666176,Jo Adell,CF,-1.993598499467375,0.5579345691448623
position_50,arm,position_only,666185,Dylan Carlson,LF,0.01472747703655152,-0.5854737048649967
position_50,arm,position_only,666624,Christopher Morel,LF,-1.3918179209059698,-0.5922650933060755
position_50,arm,position_only,666969,Adolis García,RF,1.1197200706829331,-0.21787688393586407
position_50,arm,position_only,666971,Lourdes Gurriel Jr.,LF,0.41072361980023625,-0.34257854328742365
position_50,arm,position_only,667472,Dane Myers,CF,-0.8418758207522142,0.373449955109323
position_50,arm,position_only,668227,Randy Arozarena,LF,-2.0790715056740408,-0.10018845988457525
position_50,arm,position_only,668709,JJ Bleday,CF,1.0126045737285507,0.26294269472574816
position_50,arm,position_only,668804,Bryan Reynolds,RF,-2.069397318078966,-0.15975654726956856
position_50,arm,position_only,668885,Austin Martin,LF,-0.01572468570430395,-0.6918402895415586
position_50,arm,position_only,669016,Brandon Marsh,CF,0.31710187701797105,0.4415761075437857
position_50,arm,position_only,669065,Kyle Stowers,LF,2.0180535235053756,-0.5040450986091403
position_50,arm,position_only,669326,Bryce Teodosio,CF,0.24022242948825295,0.15219600122435872
position_50,arm,position_only,669720,Austin Hays,LF,-0.4204643210044666,-0.6242103574008229
position_50,arm,position_only,669743,Alex Call,RF,-2.7372281083705943,-0.23139003545625086
position_50,arm,position_only,670224,Kameron Misner,CF,1.6127277239481357,0.08037324710580981
position_50,arm,position_only,670242,Matt Wallner,RF,1.1556046390933497,-0.31333363731482056
position_50,arm,position_only,670770,TJ Friedl,CF,-1.125652275116681,0.4755185481600897
position_50,arm,position_only,671218,Heliot Ramos,LF,-2.852264117949154,-0.006792699086204057
position_50,arm,position_only,671289,Tyler Freeman,RF,0.37899715749436674,-0.37249741865205355
position_50,arm,position_only,671732,Lawrence Butler,RF,-1.902911308551653,-0.12554431199939542
position_50,arm,position_only,671739,Michael Harris II,CF,-0.9876726709145612,0.588743587220381
position_50,arm,position_only,672016,Denzel Clarke,CF,-0.4975823975302214,0.1924625459348194
position_50,arm,position_only,672761,Wenceel Pérez,RF,0.874762636324407,-0.2483575783907599
position_50,arm,position_only,673357,Luis Robert Jr.,CF,0.6909152403243717,0.3224019194369579
position_50,arm,position_only,673548,Seiya Suzuki,RF,-0.6890459802663226,-0.433674651466131
position_50,arm,position_only,676475,Alec Burleson,LF,-1.980615923782456,-0.5120529472641673
position_50,arm,position_only,676694,Jake Meyers,CF,-0.8234849465069446,0.27347816287806076
position_50,arm,position_only,677594,Julio Rodríguez,CF,0.8319043325567982,0.4941106052636682
position_50,arm,position_only,677800,Wilyer Abreu,RF,1.4368238353644978,-0.3728691867533971
position_50,arm,position_only,677950,Alek Thomas,CF,0.02656015185094707,0.4573208711728051
position_50,arm,position_only,678882,Ceddanne Rafaela,CF,2.2587024372292106,0.4078863340363656
position_50,arm,position_only,680718,Addison Barger,RF,3.94320411359214,-0.629119296322415
position_50,arm,position_only,680757,Steven Kwan,LF,6.790884884520767,-0.5833370815480043
position_50,arm,position_only,680776,Jarren Duran,LF,3.64684485830116,-0.4245232887293427
position_50,arm,position_only,681297,Colton Cowser,CF,1.1786261677806569,0.25086685772157236
position_50,arm,position_only,681481,Kerry Carpenter,RF,-0.5665430102449543,-0.34958396349481075
position_50,arm,position_only,681624,Andy Pages,CF,3.0784142474100085,0.410791082092943
position_50,arm,position_only,682622,Noelvi Marte,RF,0.9944570487786196,-0.4713703364272631
position_50,arm,position_only,682641,Luis Matos,RF,-0.535526893459448,-0.42398011231815225
position_50,arm,position_only,682657,Angel Martínez,CF,0.4419789022372485,0.2772383994298682
position_50,arm,position_only,682985,Riley Greene,LF,-3.710555132428767,-0.16602669702914785
position_50,arm,position_only,682998,Corbin Carroll,RF,-2.626904589820516,0.09024520810081837
position_50,arm,position_only,686217,Sal Frelick,RF,1.120727573310276,-0.23347000141165392
position_50,arm,position_only,686527,Dominic Canzone,RF,-2.1685577148189843,-0.3299355068712875
position_50,arm,position_only,686555,Isaac Collins,LF,-2.3026726170174268,-0.4129628350908097
position_50,arm,position_only,686611,Dylan Crews,RF,-1.7328196929618065,-0.17999503330005978
position_50,arm,position_only,686668,Brenton Doyle,CF,5.092036285918088,0.3332037340369004
position_50,arm,position_only,687363,Victor Scott II,CF,-3.1357383113379647,0.572583591467645
position_50,arm,position_only,687597,Jordan Beck,LF,1.155567072838218,-0.3016039163533024
position_50,arm,position_only,690987,Robert Hassell III,CF,0.5614899581726053,0.14842796311925854
position_50,arm,position_only,691016,Tyler Soderstrom,LF,-1.5081317433325103,-0.4076354853596645
position_50,arm,position_only,691023,Jordan Walker,RF,-2.5154327582345086,-0.08161305866874569
position_50,arm,position_only,691176,Jasson Domínguez,LF,-0.8547502290328867,-0.48145415563021476
position_50,arm,position_only,691718,Pete Crow-Armstrong,CF,2.5085929766777535,0.4320923544993063
position_50,arm,position_only,694192,Jackson Chourio,CF,-1.248463846581786,0.5146604084680797
position_50,arm,position_only,694671,Wyatt Langford,LF,0.448713777369651,-0.36210182872889274
position_50,arm,position_only,695506,Jac Caglianone,RF,-0.6001541553280275,-0.442146189647554
position_50,arm,position_only,695578,James Wood,LF,0.08169507460643674,-0.38361726216360664
position_50,arm,position_only,695734,Daylen Lile,RF,-2.5341406617277435,-0.2146081792704123
position_50,arm,position_only,696285,Jacob Young,CF,1.8164990036521376,0.30237544312024267
position_50,arm,position_only,701358,Cam Smith,RF,-0.35894770017858596,-0.2102467434059277
position_50,arm,position_only,701538,Jackson Merrill,CF,2.6648216021736344,0.29679768693660524
position_50,arm,position_only,802415,Chandler Simpson,CF,-0.9882414771666924,0.3934366393919961
position_50,arm,position_only,805300,Jakob Marsee,CF,-0.6424612826953974,0.20654901645914764
position_50,arm,position_only,808982,Jung Hoo Lee,CF,2.427216286187558,0.44095945730202524
position_50,arm,no_position,502054,Tommy Pham,LF,-1.171167899055583,-0.35745301394735246
position_50,arm,no_position,543807,George Springer,RF,-2.588107061546566,-0.93281013118421
position_50,arm,no_position,573262,Mike Yastrzemski,RF,4.558942932422652,-0.11706600246643914
position_50,arm,no_position,592206,Nick Castellanos,RF,-1.5426271239484215,-1.4736630234364414
position_50,arm,no_position,592450,Aaron Judge,RF,2.2808366216085663,0.1202003858820668
position_50,arm,no_position,595777,Jurickson Profar,LF,-2.213223359833487,-1.0723302071140677
position_50,arm,no_position,596146,Max Kepler,LF,-1.3472028936192504,-1.061909021188284
position_50,arm,no_position,606192,Teoscar Hernández,RF,-0.8419174315230058,-0.43037561275006864
position_50,arm,no_position,607043,Brandon Nimmo,LF,-0.106130228114432,-0.8107599133261195
position_50,arm,no_position,621438,Tyrone Taylor,CF,4.971724418396483,0.00949308310628061
position_50,arm,no_position,621439,Byron Buxton,CF,-0.4418317589943382,0.11425358745600875
position_50,arm,no_position,621493,Taylor Ward,LF,-2.227229009385241,-0.3363270969964358
position_50,arm,no_position,624424,Michael Conforto,LF,-1.1316390801068077,-0.3901615015457508
position_50,arm,no_position,641584,Jake Fraley,RF,-1.7735897761757091,0.10752133513200604
position_50,arm,no_position,641933,Tyler O'Neill,RF,-1.4540820160712462,0.38649913170781525
position_50,arm,no_position,642201,Eli White,RF,1.4882608106309727,-0.0877144365437924
position_50,arm,no_position,643217,Andrew Benintendi,LF,-2.919123780075372,-1.5386366407108445
position_50,arm,no_position,643565,Mike Tauchman,RF,-0.17766717753047778,-1.2501280840362567
position_50,arm,no_position,656775,Cedric Mullins,CF,-4.388636968516528,-0.964057161199367
position_50,arm,no_position,657077,Alex Verdugo,LF,-0.6414576010268973,0.2006607941122733
position_50,arm,no_position,657656,Ramón Laureano,LF,3.3681020179076624,0.326088422739325
position_50,arm,no_position,657757,Gavin Sheets,LF,1.2922565475564758,-0.9707954919072803
position_50,arm,no_position,660670,Ronald Acuña Jr.,RF,1.1798816140276314,1.3738721794034896
position_50,arm,no_position,660821,Jesús Sánchez,RF,1.0580654957276394,0.10515830833888754
position_50,arm,no_position,662139,Daulton Varsho,CF,-1.757961029988357,-4.171956184033394
position_50,arm,no_position,663457,Lars Nootbaar,LF,-2.8965229750583656,0.5780323420657759
position_50,arm,no_position,663616,Trevor Larnach,RF,-2.65356450862029,-1.3490670032856529
position_50,arm,no_position,663656,Kyle Tucker,RF,2.049856492631077,-0.7645176485886366
position_50,arm,no_position,663757,Trent Grisham,CF,-1.4324983890233218,-0.9669565441428661
position_50,arm,no_position,664023,Ian Happ,LF,0.5428484766547604,-0.6707299868585351
position_50,arm,no_position,664056,Harrison Bader,CF,-0.3385543499974198,0.47453117294628094
position_50,arm,no_position,664702,Myles Straw,CF,0.03546860408964611,-1.4085424906975859
position_50,arm,no_position,664728,Kyle Isbel,CF,-0.5482903215002092,-1.3109961990803791
position_50,arm,no_position,664983,Jake McCarthy,LF,-1.3172867967726531,-2.355403161419606
position_50,arm,no_position,665487,Fernando Tatis Jr.,RF,2.068462681764043,1.8713217528618675
position_50,arm,no_position,665742,Juan Soto,RF,-2.0554635184924863,-0.038940640539608
position_50,arm,no_position,665750,Leody Taveras,CF,-1.0644030741468782,0.5175117640119199
position_50,arm,no_position,665833,Oneil Cruz,CF,3.80747216804713,2.3006015272978
position_50,arm,no_position,666134,Nolan Jones,RF,3.8729823530397134,1.521456386252577
position_50,arm,no_position,666139,Josh Lowe,RF,-1.7429419368804109,-0.6834249454943151
position_50,arm,no_position,666158,Gavin Lux,LF,3.0390916504963e-4,-0.7381453233768932
position_50,arm,no_position,666160,Mickey Moniak,RF,-4.5247540144401475,-0.5737241238040253
position_50,arm,no_position,666176,Jo Adell,CF,-1.993598499467375,-0.8424318134087041
position_50,arm,no_position,666185,Dylan Carlson,LF,0.01472747703655152,-1.4592761262255027
position_50,arm,no_position,666624,Christopher Morel,LF,-1.3918179209059698,0.625029584841384
position_50,arm,no_position,666969,Adolis García,RF,1.1197200706829331,0.9136026552137552
position_50,arm,no_position,666971,Lourdes Gurriel Jr.,LF,0.41072361980023625,-0.5591749993518443
position_50,arm,no_position,667472,Dane Myers,CF,-0.8418758207522142,1.2416905221500079
position_50,arm,no_position,668227,Randy Arozarena,LF,-2.0790715056740408,-1.2070648062596632
position_50,arm,no_position,668709,JJ Bleday,CF,1.0126045737285507,8.378612094415348e-4
position_50,arm,no_position,668804,Bryan Reynolds,RF,-2.069397318078966,-0.30585882307651235
position_50,arm,no_position,668885,Austin Martin,LF,-0.01572468570430395,-1.2464947013273546
position_50,arm,no_position,669016,Brandon Marsh,CF,0.31710187701797105,0.16058819162760646
position_50,arm,no_position,669065,Kyle Stowers,LF,2.0180535235053756,0.6167778811720469
position_50,arm,no_position,669326,Bryce Teodosio,CF,0.24022242948825295,-0.3074833222613809
position_50,arm,no_position,669720,Austin Hays,LF,-0.4204643210044666,0.3518314602388679
position_50,arm,no_position,669743,Alex Call,RF,-2.7372281083705943,-0.01900944303718688
position_50,arm,no_position,670224,Kameron Misner,CF,1.6127277239481357,-0.12890166516247734
position_50,arm,no_position,670242,Matt Wallner,RF,1.1556046390933497,1.7746644648437782
position_50,arm,no_position,670770,TJ Friedl,CF,-1.125652275116681,-1.2072561808120061
position_50,arm,no_position,671218,Heliot Ramos,LF,-2.852264117949154,-0.08856074170159885
position_50,arm,no_position,671289,Tyler Freeman,RF,0.37899715749436674,0.74111946133727
position_50,arm,no_position,671732,Lawrence Butler,RF,-1.902911308551653,-0.3967483085210817
position_50,arm,no_position,671739,Michael Harris II,CF,-0.9876726709145612,0.30803104783285445
position_50,arm,no_position,672016,Denzel Clarke,CF,-0.4975823975302214,-0.8531523659033257
position_50,arm,no_position,672761,Wenceel Pérez,RF,0.874762636324407,0.046621037296487304
position_50,arm,no_position,673357,Luis Robert Jr.,CF,0.6909152403243717,-1.0011806026846684
position_50,arm,no_position,673548,Seiya Suzuki,RF,-0.6890459802663226,0.17471234607231945
position_50,arm,no_position,676475,Alec Burleson,LF,-1.980615923782456,-0.3298179006906245
position_50,arm,no_position,676694,Jake Meyers,CF,-0.8234849465069446,-2.85245496463005
position_50,arm,no_position,677594,Julio Rodríguez,CF,0.8319043325567982,1.2293642712132808
position_50,arm,no_position,677800,Wilyer Abreu,RF,1.4368238353644978,1.2284576610540134
position_50,arm,no_position,677950,Alek Thomas,CF,0.02656015185094707,-1.211274433053646
position_50,arm,no_position,678882,Ceddanne Rafaela,CF,2.2587024372292106,1.3181372779122897
position_50,arm,no_position,680718,Addison Barger,RF,3.94320411359214,1.4403082147401334
position_50,arm,no_position,680757,Steven Kwan,LF,6.790884884520767,-0.28422516215572186
position_50,arm,no_position,680776,Jarren Duran,LF,3.64684485830116,0.007990912480680979
position_50,arm,no_position,681297,Colton Cowser,CF,1.1786261677806569,0.7429482252801571
position_50,arm,no_position,681481,Kerry Carpenter,RF,-0.5665430102449543,-0.43202609944216047
position_50,arm,no_position,681624,Andy Pages,CF,3.0784142474100085,1.597738867888559
position_50,arm,no_position,682622,Noelvi Marte,RF,0.9944570487786196,0.5622692153806421
position_50,arm,no_position,682641,Luis Matos,RF,-0.535526893459448,0.7239926932825517
position_50,arm,no_position,682657,Angel Martínez,CF,0.4419789022372485,1.0376924005619281
position_50,arm,no_position,682985,Riley Greene,LF,-3.710555132428767,-0.8178733343746614
position_50,arm,no_position,682998,Corbin Carroll,RF,-2.626904589820516,-0.21041662512554637
position_50,arm,no_position,686217,Sal Frelick,RF,1.120727573310276,-0.38336381102869327
position_50,arm,no_position,686527,Dominic Canzone,RF,-2.1685577148189843,0.49300284971126934
position_50,arm,no_position,686555,Isaac Collins,LF,-2.3026726170174268,-0.871850321732445
position_50,arm,no_position,686611,Dylan Crews,RF,-1.7328196929618065,-0.3977370533846554
position_50,arm,no_position,686668,Brenton Doyle,CF,5.092036285918088,1.4881972561859071
position_50,arm,no_position,687363,Victor Scott II,CF,-3.1357383113379647,-0.17804926469916377
position_50,arm,no_position,687597,Jordan Beck,LF,1.155567072838218,-0.05590613351760437
position_50,arm,no_position,690987,Robert Hassell III,CF,0.5614899581726053,-0.37156569846929993
position_50,arm,no_position,691016,Tyler Soderstrom,LF,-1.5081317433325103,0.5635135666753652
position_50,arm,no_position,691023,Jordan Walker,RF,-2.5154327582345086,1.3933822702813596
position_50,arm,no_position,691176,Jasson Domínguez,LF,-0.8547502290328867,0.745612662715462
position_50,arm,no_position,691718,Pete Crow-Armstrong,CF,2.5085929766777535,1.1081074170167462
position_50,arm,no_position,694192,Jackson Chourio,CF,-1.248463846581786,-0.15099977315365432
position_50,arm,no_position,694671,Wyatt Langford,LF,0.448713777369651,-0.48929213712187747
position_50,arm,no_position,695506,Jac Caglianone,RF,-0.6001541553280275,1.4066760732765093
position_50,arm,no_position,695578,James Wood,LF,0.08169507460643674,-0.5125067492422
position_50,arm,no_position,695734,Daylen Lile,RF,-2.5341406617277435,-0.9764688640043597
position_50,arm,no_position,696285,Jacob Young,CF,1.8164990036521376,-0.031240852625960946
position_50,arm,no_position,701358,Cam Smith,RF,-0.35894770017858596,0.6045187340888261
position_50,arm,no_position,701538,Jackson Merrill,CF,2.6648216021736344,1.1601329799629103
position_50,arm,no_position,802415,Chandler Simpson,CF,-0.9882414771666924,-0.6658174491477005
position_50,arm,no_position,805300,Jakob Marsee,CF,-0.6424612826953974,-0.412265523695702
position_50,arm,no_position,808982,Jung Hoo Lee,CF,2.427216286187558,0.9036079274489153
position_50,arm,common_slope,502054,Tommy Pham,LF,-1.171167899055583,-0.3200249218323586
position_50,arm,common_slope,543807,George Springer,RF,-2.588107061546566,-1.3479932618678947
position_50,arm,common_slope,573262,Mike Yastrzemski,RF,4.558942932422652,-0.7330187360037395
position_50,arm,common_slope,592206,Nick Castellanos,RF,-1.5426271239484215,-2.0706970276532433
position_50,arm,common_slope,592450,Aaron Judge,RF,2.2808366216085663,-0.3338528968279135
position_50,arm,common_slope,595777,Jurickson Profar,LF,-2.213223359833487,-1.0171429384553465
position_50,arm,common_slope,596146,Max Kepler,LF,-1.3472028936192504,-1.0697281960779255
position_50,arm,common_slope,606192,Teoscar Hernández,RF,-0.8419174315230058,-0.9319182361423037
position_50,arm,common_slope,607043,Brandon Nimmo,LF,-0.106130228114432,-0.8737056213389616
position_50,arm,common_slope,621438,Tyrone Taylor,CF,4.971724418396483,0.38176933433867155
position_50,arm,common_slope,621439,Byron Buxton,CF,-0.4418317589943382,0.5466526551011138
position_50,arm,common_slope,621493,Taylor Ward,LF,-2.227229009385241,-0.4045206366200318
position_50,arm,common_slope,624424,Michael Conforto,LF,-1.1316390801068077,-0.3359246687402172
position_50,arm,common_slope,641584,Jake Fraley,RF,-1.7735897761757091,-0.26493470433797733
position_50,arm,common_slope,641933,Tyler O'Neill,RF,-1.4540820160712462,0.031907982480212926
position_50,arm,common_slope,642201,Eli White,RF,1.4882608106309727,-0.5179599583232253
position_50,arm,common_slope,643217,Andrew Benintendi,LF,-2.919123780075372,-1.491825142653405
position_50,arm,common_slope,643565,Mike Tauchman,RF,-0.17766717753047778,-1.7546290268191576
position_50,arm,common_slope,656775,Cedric Mullins,CF,-4.388636968516528,-0.5279012380933608
position_50,arm,common_slope,657077,Alex Verdugo,LF,-0.6414576010268973,0.3859321976092663
position_50,arm,common_slope,657656,Ramón Laureano,LF,3.3681020179076624,0.3066082528828283
position_50,arm,common_slope,657757,Gavin Sheets,LF,1.2922565475564758,-0.946111150549015
position_50,arm,common_slope,660670,Ronald Acuña Jr.,RF,1.1798816140276314,0.9853092445003269
position_50,arm,common_slope,660821,Jesús Sánchez,RF,1.0580654957276394,-0.3683246539863118
position_50,arm,common_slope,662139,Daulton Varsho,CF,-1.757961029988357,-3.8816497442691555
position_50,arm,common_slope,663457,Lars Nootbaar,LF,-2.8965229750583656,0.6551824533808535
position_50,arm,common_slope,663616,Trevor Larnach,RF,-2.65356450862029,-1.7904226962173766
position_50,arm,common_slope,663656,Kyle Tucker,RF,2.049856492631077,-1.3161085777675425
position_50,arm,common_slope,663757,Trent Grisham,CF,-1.4324983890233218,-0.5462085901564386
position_50,arm,common_slope,664023,Ian Happ,LF,0.5428484766547604,-0.7241135966890883
position_50,arm,common_slope,664056,Harrison Bader,CF,-0.3385543499974198,0.8972209933819175
position_50,arm,common_slope,664702,Myles Straw,CF,0.03546860408964611,-1.0152319530778255
position_50,arm,common_slope,664728,Kyle Isbel,CF,-0.5482903215002092,-0.9374503724621568
position_50,arm,common_slope,664983,Jake McCarthy,LF,-1.3172867967726531,-2.3605401039491305
position_50,arm,common_slope,665487,Fernando Tatis Jr.,RF,2.068462681764043,1.4407355074020711
position_50,arm,common_slope,665742,Juan Soto,RF,-2.0554635184924863,-0.5420454875725362
position_50,arm,common_slope,665750,Leody Taveras,CF,-1.0644030741468782,1.0816253970811722
position_50,arm,common_slope,665833,Oneil Cruz,CF,3.80747216804713,2.839150316668188
position_50,arm,common_slope,666134,Nolan Jones,RF,3.8729823530397134,1.1280320714381529
position_50,arm,common_slope,666139,Josh Lowe,RF,-1.7429419368804109,-1.1342471696077652
position_50,arm,common_slope,666158,Gavin Lux,LF,3.0390916504963e-4,-0.656010518130521
position_50,arm,common_slope,666160,Mickey Moniak,RF,-4.5247540144401475,-1.0010645517693437
position_50,arm,common_slope,666176,Jo Adell,CF,-1.993598499467375,-0.457321318716141
position_50,arm,common_slope,666185,Dylan Carlson,LF,0.01472747703655152,-1.4533729094511156
position_50,arm,common_slope,666624,Christopher Morel,LF,-1.3918179209059698,0.8798003212534209
position_50,arm,common_slope,666969,Adolis García,RF,1.1197200706829331,0.4702839551507614
position_50,arm,common_slope,666971,Lourdes Gurriel Jr.,LF,0.41072361980023625,-0.5892404759394709
position_50,arm,common_slope,667472,Dane Myers,CF,-0.8418758207522142,1.7924130793207718
position_50,arm,common_slope,668227,Randy Arozarena,LF,-2.0790715056740408,-1.2916142232460275
position_50,arm,common_slope,668709,JJ Bleday,CF,1.0126045737285507,0.45031450402624823
position_50,arm,common_slope,668804,Bryan Reynolds,RF,-2.069397318078966,-0.7523929354959715
position_50,arm,common_slope,668885,Austin Martin,LF,-0.01572468570430395,-1.1974939727143665
position_50,arm,common_slope,669016,Brandon Marsh,CF,0.31710187701797105,0.5762044562032732
position_50,arm,common_slope,669065,Kyle Stowers,LF,2.0180535235053756,0.6579769276276597
position_50,arm,common_slope,669326,Bryce Teodosio,CF,0.24022242948825295,0.19306345708276604
position_50,arm,common_slope,669720,Austin Hays,LF,-0.4204643210044666,0.5255485421435392
position_50,arm,common_slope,669743,Alex Call,RF,-2.7372281083705943,-0.41325641181171024
position_50,arm,common_slope,670224,Kameron Misner,CF,1.6127277239481357,0.35889042452239367
position_50,arm,common_slope,670242,Matt Wallner,RF,1.1556046390933497,1.4108242984182713
position_50,arm,common_slope,670770,TJ Friedl,CF,-1.125652275116681,-0.846669047125337
position_50,arm,common_slope,671218,Heliot Ramos,LF,-2.852264117949154,-0.10397189324442083
position_50,arm,common_slope,671289,Tyler Freeman,RF,0.37899715749436674,0.3621984615388056
position_50,arm,common_slope,671732,Lawrence Butler,RF,-1.902911308551653,-0.8642271264250766
position_50,arm,common_slope,671739,Michael Harris II,CF,-0.9876726709145612,0.7281436955307703
position_50,arm,common_slope,672016,Denzel Clarke,CF,-0.4975823975302214,-0.3755047870184889
position_50,arm,common_slope,672761,Wenceel Pérez,RF,0.874762636324407,-0.4312811666304939
position_50,arm,common_slope,673357,Luis Robert Jr.,CF,0.6909152403243717,-0.6283160786394506
position_50,arm,common_slope,673548,Seiya Suzuki,RF,-0.6890459802663226,-0.19506361433461897
position_50,arm,common_slope,676475,Alec Burleson,LF,-1.980615923782456,-0.1868988122999117
position_50,arm,common_slope,676694,Jake Meyers,CF,-0.8234849465069446,-2.517635795262032
position_50,arm,common_slope,677594,Julio Rodríguez,CF,0.8319043325567982,1.6883816693791833
position_50,arm,common_slope,677800,Wilyer Abreu,RF,1.4368238353644978,0.854920942273111
position_50,arm,common_slope,677950,Alek Thomas,CF,0.02656015185094707,-0.8798476619186605
position_50,arm,common_slope,678882,Ceddanne Rafaela,CF,2.2587024372292106,1.7736387235234277
position_50,arm,common_slope,680718,Addison Barger,RF,3.94320411359214,1.1053263902954316
position_50,arm,common_slope,680757,Steven Kwan,LF,6.790884884520767,-0.4168716809527055
position_50,arm,common_slope,680776,Jarren Duran,LF,3.64684485830116,-0.08649203645469261
position_50,arm,common_slope,681297,Colton Cowser,CF,1.1786261677806569,1.2448342496603484
position_50,arm,common_slope,681481,Kerry Carpenter,RF,-0.5665430102449543,-0.8656606529058766
position_50,arm,common_slope,681624,Andy Pages,CF,3.0784142474100085,2.0477791436330826
position_50,arm,common_slope,682622,Noelvi Marte,RF,0.9944570487786196,0.19069086749540512
position_50,arm,common_slope,682641,Luis Matos,RF,-0.535526893459448,0.37537212199504044
position_50,arm,common_slope,682657,Angel Martínez,CF,0.4419789022372485,1.5746131353279558
position_50,arm,common_slope,682985,Riley Greene,LF,-3.710555132428767,-0.8167935676070904
position_50,arm,common_slope,682998,Corbin Carroll,RF,-2.626904589820516,-0.6953543330502335
position_50,arm,common_slope,686217,Sal Frelick,RF,1.120727573310276,-0.9111007646038224
position_50,arm,common_slope,686527,Dominic Canzone,RF,-2.1685577148189843,0.1382642854760578
position_50,arm,common_slope,686555,Isaac Collins,LF,-2.3026726170174268,-0.8145761467756699
position_50,arm,common_slope,686611,Dylan Crews,RF,-1.7328196929618065,-0.8539429741444372
position_50,arm,common_slope,686668,Brenton Doyle,CF,5.092036285918088,1.8899715199230687
position_50,arm,common_slope,687363,Victor Scott II,CF,-3.1357383113379647,0.2723884799480547
position_50,arm,common_slope,687597,Jordan Beck,LF,1.155567072838218,-0.09724208915581195
position_50,arm,common_slope,690987,Robert Hassell III,CF,0.5614899581726053,0.11348915388956138
position_50,arm,common_slope,691016,Tyler Soderstrom,LF,-1.5081317433325103,0.7113373987309491
position_50,arm,common_slope,691023,Jordan Walker,RF,-2.5154327582345086,1.0171459817785429
position_50,arm,common_slope,691176,Jasson Domínguez,LF,-0.8547502290328867,0.9168000965645379
position_50,arm,common_slope,691718,Pete Crow-Armstrong,CF,2.5085929766777535,1.5295045473947195
position_50,arm,common_slope,694192,Jackson Chourio,CF,-1.248463846581786,0.2656804692298819
position_50,arm,common_slope,694671,Wyatt Langford,LF,0.448713777369651,-0.5096160017746306
position_50,arm,common_slope,695506,Jac Caglianone,RF,-0.6001541553280275,1.0929168489599717
position_50,arm,common_slope,695578,James Wood,LF,0.08169507460643674,-0.5162145347492213
position_50,arm,common_slope,695734,Daylen Lile,RF,-2.5341406617277435,-1.4379215198266035
position_50,arm,common_slope,696285,Jacob Young,CF,1.8164990036521376,0.37892772870818203
position_50,arm,common_slope,701358,Cam Smith,RF,-0.35894770017858596,0.18068212365275943
position_50,arm,common_slope,701538,Jackson Merrill,CF,2.6648216021736344,1.6347489671584827
position_50,arm,common_slope,802415,Chandler Simpson,CF,-0.9882414771666924,-0.25012632038317717
position_50,arm,common_slope,805300,Jakob Marsee,CF,-0.6424612826953974,0.09223680517769536
position_50,arm,common_slope,808982,Jung Hoo Lee,CF,2.427216286187558,1.3085980384116438
position_50,arm,position_slopes,502054,Tommy Pham,LF,-1.171167899055583,-0.32989608499749934
position_50,arm,position_slopes,543807,George Springer,RF,-2.588107061546566,-1.446155754899835
position_50,arm,position_slopes,573262,Mike Yastrzemski,RF,4.558942932422652,-0.8109591632140839
position_50,arm,position_slopes,592206,Nick Castellanos,RF,-1.5426271239484215,-2.4126939043588513
position_50,arm,position_slopes,592450,Aaron Judge,RF,2.2808366216085663,-0.32560574775202034
position_50,arm,position_slopes,595777,Jurickson Profar,LF,-2.213223359833487,-0.8453727048572551
position_50,arm,position_slopes,596146,Max Kepler,LF,-1.3472028936192504,-0.8620558413896304
position_50,arm,position_slopes,606192,Teoscar Hernández,RF,-0.8419174315230058,-1.0466490306543377
position_50,arm,position_slopes,607043,Brandon Nimmo,LF,-0.106130228114432,-0.7023895599575599
position_50,arm,position_slopes,621438,Tyrone Taylor,CF,4.971724418396483,0.3782804157562234
position_50,arm,position_slopes,621439,Byron Buxton,CF,-0.4418317589943382,0.5454027805214506
position_50,arm,position_slopes,621493,Taylor Ward,LF,-2.227229009385241,-0.23815566675682256
position_50,arm,position_slopes,624424,Michael Conforto,LF,-1.1316390801068077,-0.35866785767519727
position_50,arm,position_slopes,641584,Jake Fraley,RF,-1.7735897761757091,-0.24330108293803512
position_50,arm,position_slopes,641933,Tyler O'Neill,RF,-1.4540820160712462,0.10272587134406494
position_50,arm,position_slopes,642201,Eli White,RF,1.4882608106309727,-0.5228316331120448
position_50,arm,position_slopes,643217,Andrew Benintendi,LF,-2.919123780075372,-1.1129440682788208
position_50,arm,position_slopes,643565,Mike Tauchman,RF,-0.17766717753047778,-2.0017903840834936
position_50,arm,position_slopes,656775,Cedric Mullins,CF,-4.388636968516528,-0.46321706798812634
position_50,arm,position_slopes,657077,Alex Verdugo,LF,-0.6414576010268973,0.12217103855665892
position_50,arm,position_slopes,657656,Ramón Laureano,LF,3.3681020179076624,-0.036805247284614886
position_50,arm,position_slopes,657757,Gavin Sheets,LF,1.2922565475564758,-0.9147275556292773
position_50,arm,position_slopes,660670,Ronald Acuña Jr.,RF,1.1798816140276314,1.154504726359983
position_50,arm,position_slopes,660821,Jesús Sánchez,RF,1.0580654957276394,-0.38621094362513386
position_50,arm,position_slopes,662139,Daulton Varsho,CF,-1.757961029988357,-4.22096899900753
position_50,arm,position_slopes,663457,Lars Nootbaar,LF,-2.8965229750583656,0.5576786400635934
position_50,arm,position_slopes,663616,Trevor Larnach,RF,-2.65356450862029,-1.9437026157427566
position_50,arm,position_slopes,663656,Kyle Tucker,RF,2.049856492631077,-1.5074505383965422
position_50,arm,position_slopes,663757,Trent Grisham,CF,-1.4324983890233218,-0.5414206755383475
position_50,arm,position_slopes,664023,Ian Happ,LF,0.5428484766547604,-0.6095288908078984
position_50,arm,position_slopes,664056,Harrison Bader,CF,-0.3385543499974198,0.8940458864832729
position_50,arm,position_slopes,664702,Myles Straw,CF,0.03546860408964611,-1.0257084882232081
position_50,arm,position_slopes,664728,Kyle Isbel,CF,-0.5482903215002092,-0.9460981715560506
position_50,arm,position_slopes,664983,Jake McCarthy,LF,-1.3172867967726531,-1.9798696985373998
position_50,arm,position_slopes,665487,Fernando Tatis Jr.,RF,2.068462681764043,1.6280290668718191
position_50,arm,position_slopes,665742,Juan Soto,RF,-2.0554635184924863,-0.6391292311155646
position_50,arm,position_slopes,665750,Leody Taveras,CF,-1.0644030741468782,1.117355202201822
position_50,arm,position_slopes,665833,Oneil Cruz,CF,3.80747216804713,2.7794046124008087
position_50,arm,position_slopes,666134,Nolan Jones,RF,3.8729823530397134,1.2171384351333137
position_50,arm,position_slopes,666139,Josh Lowe,RF,-1.7429419368804109,-1.2425949694158143
position_50,arm,position_slopes,666158,Gavin Lux,LF,3.0390916504963e-4,-0.6826266180144878
position_50,arm,position_slopes,666160,Mickey Moniak,RF,-4.5247540144401475,-1.0916240459060924
position_50,arm,position_slopes,666176,Jo Adell,CF,-1.993598499467375,-0.43768041972827176
position_50,arm,position_slopes,666185,Dylan Carlson,LF,0.01472747703655152,-1.274143441157682
position_50,arm,position_slopes,666624,Christopher Morel,LF,-1.3918179209059698,0.6508876115286333
position_50,arm,position_slopes,666969,Adolis García,RF,1.1197200706829331,0.5485766756362219
position_50,arm,position_slopes,666971,Lourdes Gurriel Jr.,LF,0.41072361980023625,-0.5180376225173102
position_50,arm,position_slopes,667472,Dane Myers,CF,-0.8418758207522142,1.8486128614590767
position_50,arm,position_slopes,668227,Randy Arozarena,LF,-2.0790715056740408,-0.8707363104079265
position_50,arm,position_slopes,668709,JJ Bleday,CF,1.0126045737285507,0.45192209853893345
position_50,arm,position_slopes,668804,Bryan Reynolds,RF,-2.069397318078966,-0.8284290555752682
position_50,arm,position_slopes,668885,Austin Martin,LF,-0.01572468570430395,-1.092152580871023
position_50,arm,position_slopes,669016,Brandon Marsh,CF,0.31710187701797105,0.574541700312668
position_50,arm,position_slopes,669065,Kyle Stowers,LF,2.0180535235053756,0.2183798778136279
position_50,arm,position_slopes,669326,Bryce Teodosio,CF,0.24022242948825295,0.1982863775094819
position_50,arm,position_slopes,669720,Austin Hays,LF,-0.4204643210044666,0.23588512814384394
position_50,arm,position_slopes,669743,Alex Call,RF,-2.7372281083705943,-0.43437969966539153
position_50,arm,position_slopes,670224,Kameron Misner,CF,1.6127277239481357,0.3579401698922375
position_50,arm,position_slopes,670242,Matt Wallner,RF,1.1556046390933497,1.6717124809562907
position_50,arm,position_slopes,670770,TJ Friedl,CF,-1.125652275116681,-0.8454467541860957
position_50,arm,position_slopes,671218,Heliot Ramos,LF,-2.852264117949154,-0.05620707570531327
position_50,arm,position_slopes,671289,Tyler Freeman,RF,0.37899715749436674,0.46523221658194297
position_50,arm,position_slopes,671732,Lawrence Butler,RF,-1.902911308551653,-0.961063395407882
position_50,arm,position_slopes,671739,Michael Harris II,CF,-0.9876726709145612,0.7252434310605765
position_50,arm,position_slopes,672016,Denzel Clarke,CF,-0.4975823975302214,-0.3715913945382125
position_50,arm,position_slopes,672761,Wenceel Pérez,RF,0.874762636324407,-0.4600204251304929
position_50,arm,position_slopes,673357,Luis Robert Jr.,CF,0.6909152403243717,-0.6395530172030025
position_50,arm,position_slopes,673548,Seiya Suzuki,RF,-0.6890459802663226,-0.1516157835771118
position_50,arm,position_slopes,676475,Alec Burleson,LF,-1.980615923782456,-0.27775365548864356
position_50,arm,position_slopes,676694,Jake Meyers,CF,-0.8234849465069446,-2.6246925937867083
position_50,arm,position_slopes,677594,Julio Rodríguez,CF,0.8319043325567982,1.6930507786182267
position_50,arm,position_slopes,677800,Wilyer Abreu,RF,1.4368238353644978,1.0115391519383943
position_50,arm,position_slopes,677950,Alek Thomas,CF,0.02656015185094707,-0.9057459054344219
position_50,arm,position_slopes,678882,Ceddanne Rafaela,CF,2.2587024372292106,1.768001817864238
position_50,arm,position_slopes,680718,Addison Barger,RF,3.94320411359214,1.2127030352570172
position_50,arm,position_slopes,680757,Steven Kwan,LF,6.790884884520767,-0.46882877406822177
position_50,arm,position_slopes,680776,Jarren Duran,LF,3.64684485830116,-0.19313961873075575
position_50,arm,position_slopes,681297,Colton Cowser,CF,1.1786261677806569,1.2500811901611495
position_50,arm,position_slopes,681481,Kerry Carpenter,RF,-0.5665430102449543,-0.9304196082338411
position_50,arm,position_slopes,681624,Andy Pages,CF,3.0784142474100085,2.030504160183458
position_50,arm,position_slopes,682622,Noelvi Marte,RF,0.9944570487786196,0.28379094310810493
position_50,arm,position_slopes,682641,Luis Matos,RF,-0.535526893459448,0.5007686727366101
position_50,arm,position_slopes,682657,Angel Martínez,CF,0.4419789022372485,1.6034224622713766
position_50,arm,position_slopes,682985,Riley Greene,LF,-3.710555132428767,-0.5681153591921966
position_50,arm,position_slopes,682998,Corbin Carroll,RF,-2.626904589820516,-0.8007593627174681
position_50,arm,position_slopes,686217,Sal Frelick,RF,1.120727573310276,-1.020654531960469
position_50,arm,position_slopes,686527,Dominic Canzone,RF,-2.1685577148189843,0.2145178133258696
position_50,arm,position_slopes,686555,Isaac Collins,LF,-2.3026726170174268,-0.6961311986711204
position_50,arm,position_slopes,686611,Dylan Crews,RF,-1.7328196929618065,-0.9411714822382728
position_50,arm,position_slopes,686668,Brenton Doyle,CF,5.092036285918088,1.8452707926194234
position_50,arm,position_slopes,687363,Victor Scott II,CF,-3.1357383113379647,0.278222674864076
position_50,arm,position_slopes,687597,Jordan Beck,LF,1.155567072838218,-0.14463204421362008
position_50,arm,position_slopes,690987,Robert Hassell III,CF,0.5614899581726053,0.11762238848935289
position_50,arm,position_slopes,691016,Tyler Soderstrom,LF,-1.5081317433325103,0.5194472290561145
position_50,arm,position_slopes,691023,Jordan Walker,RF,-2.5154327582345086,1.2409460133397499
position_50,arm,position_slopes,691176,Jasson Domínguez,LF,-0.8547502290328867,0.6619595982266185
position_50,arm,position_slopes,691718,Pete Crow-Armstrong,CF,2.5085929766777535,1.522775563718324
position_50,arm,position_slopes,694192,Jackson Chourio,CF,-1.248463846581786,0.26592897014030825
position_50,arm,position_slopes,694671,Wyatt Langford,LF,0.448713777369651,-0.4649882631750841
position_50,arm,position_slopes,695506,Jac Caglianone,RF,-0.6001541553280275,1.3789544186131995
position_50,arm,position_slopes,695578,James Wood,LF,0.08169507460643674,-0.4774525557479671
position_50,arm,position_slopes,695734,Daylen Lile,RF,-2.5341406617277435,-1.576063346448794
position_50,arm,position_slopes,696285,Jacob Young,CF,1.8164990036521376,0.37933195569476297
position_50,arm,position_slopes,701358,Cam Smith,RF,-0.35894770017858596,0.2298375999126128
position_50,arm,position_slopes,701538,Jackson Merrill,CF,2.6648216021736344,1.6192340176175182
position_50,arm,position_slopes,802415,Chandler Simpson,CF,-0.9882414771666924,-0.24859513498237298
position_50,arm,position_slopes,805300,Jakob Marsee,CF,-0.6424612826953974,0.09773234713635212
position_50,arm,position_slopes,808982,Jung Hoo Lee,CF,2.427216286187558,1.3037800028214472
position_50,attempts,position_only,502054,Tommy Pham,LF,0.37282229965156793,0.33245445829339915
position_50,attempts,position_only,543807,George Springer,RF,0.36153846153846153,0.36745315752950714
position_50,attempts,position_only,573262,Mike Yastrzemski,RF,0.359375,0.3676679280984064
position_50,attempts,position_only,592206,Nick Castellanos,RF,0.36503067484662577,0.3674556213017902
position_50,attempts,position_only,592450,Aaron Judge,RF,0.31862745098039214,0.3685254316379011
position_50,attempts,position_only,595777,Jurickson Profar,LF,0.3523809523809524,0.3333333333333514
position_50,attempts,position_only,596146,Max Kepler,LF,0.2926829268292683,0.33521093000959995
position_50,attempts,position_only,606192,Teoscar Hernández,RF,0.3724832214765101,0.36718565699458894
position_50,attempts,position_only,607043,Brandon Nimmo,LF,0.3394736842105263,0.33353532905104455
position_50,attempts,position_only,621438,Tyrone Taylor,CF,0.3380952380952381,0.3680547760691594
position_50,attempts,position_only,621439,Byron Buxton,CF,0.4154929577464789,0.36581777023204576
position_50,attempts,position_only,621493,Taylor Ward,LF,0.33406113537117904,0.3337819650067509
position_50,attempts,position_only,624424,Michael Conforto,LF,0.3203125,0.3342089552238994
position_50,attempts,position_only,641584,Jake Fraley,RF,0.3986013986013986,0.3668481408548722
position_50,attempts,position_only,641933,Tyler O'Neill,RF,0.41935483870967744,0.3666204345816116
position_50,attempts,position_only,642201,Eli White,RF,0.3416149068322981,0.3678467788740699
position_50,attempts,position_only,643217,Andrew Benintendi,LF,0.328042328042328,0.3339256100450318
position_50,attempts,position_only,643565,Mike Tauchman,RF,0.3707865168539326,0.3672947197022703
position_50,attempts,position_only,656775,Cedric Mullins,CF,0.4228187919463087,0.36549144087973184
position_50,attempts,position_only,657077,Alex Verdugo,LF,0.35,0.3335683233462756
position_50,attempts,position_only,657656,Ramón Laureano,LF,0.3464285714285714,0.33337324871274804
position_50,attempts,position_only,657757,Gavin Sheets,LF,0.30303030303030304,0.33427462054360985
position_50,attempts,position_only,660670,Ronald Acuña Jr.,RF,0.36134453781512604,0.3675333801827269
position_50,attempts,position_only,660821,Jesús Sánchez,RF,0.3682170542635659,0.36733975111529976
position_50,attempts,position_only,662139,Daulton Varsho,CF,0.32666666666666666,0.3680454900211989
position_50,attempts,position_only,663457,Lars Nootbaar,LF,0.335978835978836,0.333696837513652
position_50,attempts,position_only,663616,Trevor Larnach,RF,0.40625,0.3667900092507064
position_50,attempts,position_only,663656,Kyle Tucker,RF,0.37916666666666665,0.36703373945643397
position_50,attempts,position_only,663757,Trent Grisham,CF,0.3835616438356164,0.36696629213484855
position_50,attempts,position_only,664023,Ian Happ,LF,0.27548209366391185,0.3363570391872326
position_50,attempts,position_only,664056,Harrison Bader,CF,0.3652173913043478,0.36744928196947385
position_50,attempts,position_only,664702,Myles Straw,CF,0.3651685393258427,0.36740856727437127
position_50,attempts,position_only,664728,Kyle Isbel,CF,0.3728813559322034,0.36721828211191676
position_50,attempts,position_only,664983,Jake McCarthy,LF,0.3401360544217687,0.33368694012260214
position_50,attempts,position_only,665487,Fernando Tatis Jr.,RF,0.3496932515337423,0.3680473372781206
position_50,attempts,position_only,665742,Juan Soto,RF,0.37275064267352187,0.367115774412797
position_50,attempts,position_only,665750,Leody Taveras,CF,0.3706293706293706,0.36731283422461586
position_50,attempts,position_only,665833,Oneil Cruz,CF,0.3978102189781022,0.3664217071792134
position_50,attempts,position_only,666134,Nolan Jones,RF,0.35909090909090907,0.3675783076203975
position_50,attempts,position_only,666139,Josh Lowe,RF,0.3691588785046729,0.36732071945808475
position_50,attempts,position_only,666158,Gavin Lux,LF,0.3884297520661157,0.333019976498252
position_50,attempts,position_only,666160,Mickey Moniak,RF,0.4119496855345912,0.3656892882478242
position_50,attempts,position_only,666176,Jo Adell,CF,0.4025157232704403,0.3660947619588839
position_50,attempts,position_only,666185,Dylan Carlson,LF,0.3089887640449438,0.33431917662370103
position_50,attempts,position_only,666624,Christopher Morel,LF,0.3333333333333333,0.3338038108680495
position_50,attempts,position_only,666969,Adolis García,RF,0.3044982698961938,0.36950630375869586
position_50,attempts,position_only,666971,Lourdes Gurriel Jr.,LF,0.37425149700598803,0.3321682535856473
position_50,attempts,position_only,667472,Dane Myers,CF,0.405982905982906,0.36634777715251965
position_50,attempts,position_only,668227,Randy Arozarena,LF,0.3176178660049628,0.33458920758387906
position_50,attempts,position_only,668709,JJ Bleday,CF,0.36180904522613067,0.36748878923768546
position_50,attempts,position_only,668804,Bryan Reynolds,RF,0.3684210526315789,0.36733254994126013
position_50,attempts,position_only,668885,Austin Martin,LF,0.375,0.33321583832688706
position_50,attempts,position_only,669016,Brandon Marsh,CF,0.32094594594594594,0.3689221353281319
position_50,attempts,position_only,669065,Kyle Stowers,LF,0.3333333333333333,0.33381140193619746
position_50,attempts,position_only,669326,Bryce Teodosio,CF,0.3333333333333333,0.36780715396580094
position_50,attempts,position_only,669720,Austin Hays,LF,0.3541666666666667,0.3334511605985802
position_50,attempts,position_only,669743,Alex Call,RF,0.39436619718309857,0.36669391568376897
position_50,attempts,position_only,670224,Kameron Misner,CF,0.27586206896551724,0.3685438187270992
position_50,attempts,position_only,670242,Matt Wallner,RF,0.34513274336283184,0.36795321637428247
position_50,attempts,position_only,670770,TJ Friedl,CF,0.3896551724137931,0.3666326877336221
position_50,attempts,position_only,671218,Heliot Ramos,LF,0.342042755344418,0.3333739342265737
position_50,attempts,position_only,671289,Tyler Freeman,RF,0.34831460674157305,0.367759944173077
position_50,attempts,position_only,671732,Lawrence Butler,RF,0.3623693379790941,0.36753445635529786
position_50,attempts,position_only,671739,Michael Harris II,CF,0.36182336182336183,0.3675866788321353
position_50,attempts,position_only,672016,Denzel Clarke,CF,0.42016806722689076,0.36666666666668163
position_50,attempts,position_only,672761,Wenceel Pérez,RF,0.40304182509505704,0.3662633619170806
position_50,attempts,position_only,673357,Luis Robert Jr.,CF,0.3930131004366812,0.366704161979769
position_50,attempts,position_only,673548,Seiya Suzuki,RF,0.3277310924369748,0.3679103615571336
position_50,attempts,position_only,676475,Alec Burleson,LF,0.3592814371257485,0.3332939508506789
position_50,attempts,position_only,676694,Jake Meyers,CF,0.32934131736526945,0.36807417336909454
position_50,attempts,position_only,677594,Julio Rodríguez,CF,0.34411764705882353,0.3682651782663342
position_50,attempts,position_only,677800,Wilyer Abreu,RF,0.30256410256410254,0.36883813075399907
position_50,attempts,position_only,677950,Alek Thomas,CF,0.42333333333333334,0.3654609366141416
position_50,attempts,position_only,678882,Ceddanne Rafaela,CF,0.3575949367088608,0.3677155515165466
position_50,attempts,position_only,680718,Addison Barger,RF,0.3813559322033898,0.3671748671748806
position_50,attempts,position_only,680757,Steven Kwan,LF,0.3261455525606469,0.3341404358353713
position_50,attempts,position_only,680776,Jarren Duran,LF,0.3248847926267281,0.33426863486643515
position_50,attempts,position_only,681297,Colton Cowser,CF,0.3435897435897436,0.3678843567906932
position_50,attempts,position_only,681481,Kerry Carpenter,RF,0.3142857142857143,0.3684455295895926
position_50,attempts,position_only,681624,Andy Pages,CF,0.3468208092485549,0.36817508263993515
position_50,attempts,position_only,682622,Noelvi Marte,RF,0.31851851851851853,0.3681286888091767
position_50,attempts,position_only,682641,Luis Matos,RF,0.34108527131782945,0.3677576037932361
position_50,attempts,position_only,682657,Angel Martínez,CF,0.3553299492385787,0.36763057610402966
position_50,attempts,position_only,682985,Riley Greene,LF,0.3556851311953353,0.33289092664094466
position_50,attempts,position_only,682998,Corbin Carroll,RF,0.4010840108401084,0.3658855715475326
position_50,attempts,position_only,686217,Sal Frelick,RF,0.3920863309352518,0.3665568369028142
position_50,attempts,position_only,686527,Dominic Canzone,RF,0.37662337662337664,0.3672001855718068
position_50,attempts,position_only,686555,Isaac Collins,LF,0.33620689655172414,0.3337302059769212
position_50,attempts,position_only,686611,Dylan Crews,RF,0.4076923076923077,0.3661343353687299
position_50,attempts,position_only,686668,Brenton Doyle,CF,0.36684782608695654,0.367386584390374
position_50,attempts,position_only,687363,Victor Scott II,CF,0.36156351791530944,0.3675669541534453
position_50,attempts,position_only,687597,Jordan Beck,LF,0.3324742268041237,0.33385903190588023
position_50,attempts,position_only,690987,Robert Hassell III,CF,0.3790322580645161,0.3672040022234741
position_50,attempts,position_only,691016,Tyler Soderstrom,LF,0.35968379446640314,0.3330150393888928
position_50,attempts,position_only,691023,Jordan Walker,RF,0.3879598662207358,0.36663914120562907
position_50,attempts,position_only,691176,Jasson Domínguez,LF,0.3409090909090909,0.33361074783024125
position_50,attempts,position_only,691718,Pete Crow-Armstrong,CF,0.31976744186046513,0.36923076923078063
position_50,attempts,position_only,694192,Jackson Chourio,CF,0.3300970873786408,0.3686719636776532
position_50,attempts,position_only,694671,Wyatt Langford,LF,0.2919254658385093,0.3354194247201943
position_50,attempts,position_only,695506,Jac Caglianone,RF,0.3275862068965517,0.36789838337183656
position_50,attempts,position_only,695578,James Wood,LF,0.3233333333333333,0.3341735685992272
position_50,attempts,position_only,695734,Daylen Lile,RF,0.4008810572687225,0.3664756111826073
position_50,attempts,position_only,696285,Jacob Young,CF,0.3644067796610169,0.3674434312732361
position_50,attempts,position_only,701358,Cam Smith,RF,0.35471698113207545,0.36775937022677957
position_50,attempts,position_only,701538,Jackson Merrill,CF,0.3562753036437247,0.3676735798016406
position_50,attempts,position_only,802415,Chandler Simpson,CF,0.38934426229508196,0.36676056338029855
position_50,attempts,position_only,805300,Jakob Marsee,CF,0.4032258064516129,0.3668704836020169
position_50,attempts,position_only,808982,Jung Hoo Lee,CF,0.3638968481375358,0.3675028506271565
position_50,attempts,no_position,502054,Tommy Pham,LF,0.37282229965156793,0.3563052828400495
position_50,attempts,no_position,543807,George Springer,RF,0.36153846153846153,0.3565135986449951
position_50,attempts,no_position,573262,Mike Yastrzemski,RF,0.359375,0.3564246262627905
position_50,attempts,no_position,592206,Nick Castellanos,RF,0.36503067484662577,0.3563524794782517
position_50,attempts,no_position,592450,Aaron Judge,RF,0.31862745098039214,0.35671025223376934
position_50,attempts,no_position,595777,Jurickson Profar,LF,0.3523809523809524,0.35666629635673386
position_50,attempts,no_position,596146,Max Kepler,LF,0.2926829268292683,0.35816093608886235
position_50,attempts,no_position,606192,Teoscar Hernández,RF,0.3724832214765101,0.35630545359950205
position_50,attempts,no_position,607043,Brandon Nimmo,LF,0.3394736842105263,0.3571457433232912
position_50,attempts,no_position,621438,Tyrone Taylor,CF,0.3380952380952381,0.3565476746715952
position_50,attempts,no_position,621439,Byron Buxton,CF,0.4154929577464789,0.3557613081861142
position_50,attempts,no_position,621493,Taylor Ward,LF,0.33406113537117904,0.35733089939988955
position_50,attempts,no_position,624424,Michael Conforto,LF,0.3203125,0.35688104226274014
position_50,attempts,no_position,641584,Jake Fraley,RF,0.3986013986013986,0.35607559652734866
position_50,attempts,no_position,641933,Tyler O'Neill,RF,0.41935483870967744,0.35581066468671085
position_50,attempts,no_position,642201,Eli White,RF,0.3416149068322981,0.35648679988454296
position_50,attempts,no_position,643217,Andrew Benintendi,LF,0.328042328042328,0.3572730050175533
position_50,attempts,no_position,643565,Mike Tauchman,RF,0.3707865168539326,0.35643109727374894
position_50,attempts,no_position,656775,Cedric Mullins,CF,0.4228187919463087,0.35499741657522277
position_50,attempts,no_position,657077,Alex Verdugo,LF,0.35,0.35636617390830555
position_50,attempts,no_position,657656,Ramón Laureano,LF,0.3464285714285714,0.3564912776225369
position_50,attempts,no_position,657757,Gavin Sheets,LF,0.30303030303030304,0.356867232157095
position_50,attempts,no_position,660670,Ronald Acuña Jr.,RF,0.36134453781512604,0.35599109146419344
position_50,attempts,no_position,660821,Jesús Sánchez,RF,0.3682170542635659,0.35627985698741793
position_50,attempts,no_position,662139,Daulton Varsho,CF,0.32666666666666666,0.35965921576307835
position_50,attempts,no_position,663457,Lars Nootbaar,LF,0.335978835978836,0.3567108081707283
position_50,attempts,no_position,663616,Trevor Larnach,RF,0.40625,0.3561403610421253
position_50,attempts,no_position,663656,Kyle Tucker,RF,0.37916666666666665,0.3562694890517867
position_50,attempts,no_position,663757,Trent Grisham,CF,0.3835616438356164,0.3562173349269859
position_50,attempts,no_position,664023,Ian Happ,LF,0.27548209366391185,0.35849726761747375
position_50,attempts,no_position,664056,Harrison Bader,CF,0.3652173913043478,0.3562483093434394
position_50,attempts,no_position,664702,Myles Straw,CF,0.3651685393258427,0.35651299864946906
position_50,attempts,no_position,664728,Kyle Isbel,CF,0.3728813559322034,0.3563042366651888
position_50,attempts,no_position,664983,Jake McCarthy,LF,0.3401360544217687,0.35726349066667973
position_50,attempts,no_position,665487,Fernando Tatis Jr.,RF,0.3496932515337423,0.3564806332030213
position_50,attempts,no_position,665742,Juan Soto,RF,0.37275064267352187,0.3562340611255987
position_50,attempts,no_position,665750,Leody Taveras,CF,0.3706293706293706,0.35613859508128004
position_50,attempts,no_position,665833,Oneil Cruz,CF,0.3978102189781022,0.3524771954722684
position_50,attempts,no_position,666134,Nolan Jones,RF,0.35909090909090907,0.355987948604152
position_50,attempts,no_position,666139,Josh Lowe,RF,0.3691588785046729,0.35640431834012554
position_50,attempts,no_position,666158,Gavin Lux,LF,0.3884297520661157,0.35633479745247854
position_50,attempts,no_position,666160,Mickey Moniak,RF,0.4119496855345912,0.35554337961266674
position_50,attempts,no_position,666176,Jo Adell,CF,0.4025157232704403,0.35554470286478296
position_50,attempts,no_position,666185,Dylan Carlson,LF,0.3089887640449438,0.3574032644639124
position_50,attempts,no_position,666624,Christopher Morel,LF,0.3333333333333333,0.3564884910925416
position_50,attempts,no_position,666969,Adolis García,RF,0.3044982698961938,0.3573910117299243
position_50,attempts,no_position,666971,Lourdes Gurriel Jr.,LF,0.37425149700598803,0.35623769727905663
position_50,attempts,no_position,667472,Dane Myers,CF,0.405982905982906,0.3548550253234681
position_50,attempts,no_position,668227,Randy Arozarena,LF,0.3176178660049628,0.3589070458232463
position_50,attempts,no_position,668709,JJ Bleday,CF,0.36180904522613067,0.3563487856489744
position_50,attempts,no_position,668804,Bryan Reynolds,RF,0.3684210526315789,0.35635921511308505
position_50,attempts,no_position,668885,Austin Martin,LF,0.375,0.3564483244271935
position_50,attempts,no_position,669016,Brandon Marsh,CF,0.32094594594594594,0.35682368853843033
position_50,attempts,no_position,669065,Kyle Stowers,LF,0.3333333333333333,0.3566702400718463
position_50,attempts,no_position,669326,Bryce Teodosio,CF,0.3333333333333333,0.3565163470869319
position_50,attempts,no_position,669720,Austin Hays,LF,0.3541666666666667,0.35632545271399046
position_50,attempts,no_position,669743,Alex Call,RF,0.39436619718309857,0.3560940694724383
position_50,attempts,no_position,670224,Kameron Misner,CF,0.27586206896551724,0.35678103698226915
position_50,attempts,no_position,670242,Matt Wallner,RF,0.34513274336283184,0.35656849211744635
position_50,attempts,no_position,670770,TJ Friedl,CF,0.3896551724137931,0.3557383299689855
position_50,attempts,no_position,671218,Heliot Ramos,LF,0.342042755344418,0.35684743095395854
position_50,attempts,no_position,671289,Tyler Freeman,RF,0.34831460674157305,0.3563649562159888
position_50,attempts,no_position,671732,Lawrence Butler,RF,0.3623693379790941,0.35644039037883574
position_50,attempts,no_position,671739,Michael Harris II,CF,0.36182336182336183,0.3563412364953983
position_50,attempts,no_position,672016,Denzel Clarke,CF,0.42016806722689076,0.3561820864280837
position_50,attempts,no_position,672761,Wenceel Pérez,RF,0.40304182509505704,0.3559377379736144
position_50,attempts,no_position,673357,Luis Robert Jr.,CF,0.3930131004366812,0.35605617799416106
position_50,attempts,no_position,673548,Seiya Suzuki,RF,0.3277310924369748,0.3565093417145283
position_50,attempts,no_position,676475,Alec Burleson,LF,0.3592814371257485,0.35642905777801426
position_50,attempts,no_position,676694,Jake Meyers,CF,0.32934131736526945,0.35815365398517157
position_50,attempts,no_position,677594,Julio Rodríguez,CF,0.34411764705882353,0.3566068116031569
position_50,attempts,no_position,677800,Wilyer Abreu,RF,0.30256410256410254,0.3575378446376703
position_50,attempts,no_position,677950,Alek Thomas,CF,0.42333333333333334,0.3547275522381635
position_50,attempts,no_position,678882,Ceddanne Rafaela,CF,0.3575949367088608,0.35615026552774287
position_50,attempts,no_position,680718,Addison Barger,RF,0.3813559322033898,0.3554232527561341
position_50,attempts,no_position,680757,Steven Kwan,LF,0.3261455525606469,0.35695531416091186
position_50,attempts,no_position,680776,Jarren Duran,LF,0.3248847926267281,0.3570067596468541
position_50,attempts,no_position,681297,Colton Cowser,CF,0.3435897435897436,0.3564518459323494
position_50,attempts,no_position,681481,Kerry Carpenter,RF,0.3142857142857143,0.3567495091106531
position_50,attempts,no_position,681624,Andy Pages,CF,0.3468208092485549,0.35660814241648675
position_50,attempts,no_position,682622,Noelvi Marte,RF,0.31851851851851853,0.3566556453004275
position_50,attempts,no_position,682641,Luis Matos,RF,0.34108527131782945,0.3564080413106466
position_50,attempts,no_position,682657,Angel Martínez,CF,0.3553299492385787,0.3562216020632319
position_50,attempts,no_position,682985,Riley Greene,LF,0.3556851311953353,0.3566584984114775
position_50,attempts,no_position,682998,Corbin Carroll,RF,0.4010840108401084,0.3557563461546904
position_50,attempts,no_position,686217,Sal Frelick,RF,0.3920863309352518,0.3560843714435615
position_50,attempts,no_position,686527,Dominic Canzone,RF,0.37662337662337664,0.35609317027044274
position_50,attempts,no_position,686555,Isaac Collins,LF,0.33620689655172414,0.35685968231598525
position_50,attempts,no_position,686611,Dylan Crews,RF,0.4076923076923077,0.3559408213178763
position_50,attempts,no_position,686668,Brenton Doyle,CF,0.36684782608695654,0.355633534979603
position_50,attempts,no_position,687363,Victor Scott II,CF,0.36156351791530944,0.356424492650397
position_50,attempts,no_position,687597,Jordan Beck,LF,0.3324742268041237,0.3568664777017256
position_50,attempts,no_position,690987,Robert Hassell III,CF,0.3790322580645161,0.35631718842249743
position_50,attempts,no_position,691016,Tyler Soderstrom,LF,0.35968379446640314,0.35627328820248166
position_50,attempts,no_position,691023,Jordan Walker,RF,0.3879598662207358,0.3551853835032594
position_50,attempts,no_position,691176,Jasson Domínguez,LF,0.3409090909090909,0.3565174158576897
position_50,attempts,no_position,691718,Pete Crow-Armstrong,CF,0.31976744186046513,0.3572979572834596
position_50,attempts,no_position,694192,Jackson Chourio,CF,0.3300970873786408,0.3568019722628644
position_50,attempts,no_position,694671,Wyatt Langford,LF,0.2919254658385093,0.35757836582656954
position_50,attempts,no_position,695506,Jac Caglianone,RF,0.3275862068965517,0.35666363062313466
position_50,attempts,no_position,695578,James Wood,LF,0.3233333333333333,0.35702267191223985
position_50,attempts,no_position,695734,Daylen Lile,RF,0.4008810572687225,0.35593459395514354
position_50,attempts,no_position,696285,Jacob Young,CF,0.3644067796610169,0.3563420442644477
position_50,attempts,no_position,701358,Cam Smith,RF,0.35471698113207545,0.3563403345017349
position_50,attempts,no_position,701538,Jackson Merrill,CF,0.3562753036437247,0.3561920902192148
position_50,attempts,no_position,802415,Chandler Simpson,CF,0.38934426229508196,0.3561445684302138
position_50,attempts,no_position,805300,Jakob Marsee,CF,0.4032258064516129,0.3562181033932228
position_50,attempts,no_position,808982,Jung Hoo Lee,CF,0.3638968481375358,0.3561125767166215
position_50,attempts,common_slope,502054,Tommy Pham,LF,0.37282229965156793,0.3319320389096681
position_50,attempts,common_slope,543807,George Springer,RF,0.36153846153846153,0.37212290342509824
position_50,attempts,common_slope,573262,Mike Yastrzemski,RF,0.359375,0.3696707757292286
position_50,attempts,common_slope,592206,Nick Castellanos,RF,0.36503067484662577,0.3788320604194725
position_50,attempts,common_slope,592450,Aaron Judge,RF,0.31862745098039214,0.36764827964394164
position_50,attempts,common_slope,595777,Jurickson Profar,LF,0.3523809523809524,0.33578876025524457
position_50,attempts,common_slope,596146,Max Kepler,LF,0.2926829268292683,0.33891342270730634
position_50,attempts,common_slope,606192,Teoscar Hernández,RF,0.3724832214765101,0.3711766805201765
position_50,attempts,common_slope,607043,Brandon Nimmo,LF,0.3394736842105263,0.33675576653613276
position_50,attempts,common_slope,621438,Tyrone Taylor,CF,0.3380952380952381,0.36734195388754903
position_50,attempts,common_slope,621439,Byron Buxton,CF,0.4154929577464789,0.36595393383205016
position_50,attempts,common_slope,621493,Taylor Ward,LF,0.33406113537117904,0.3363535421719374
position_50,attempts,common_slope,624424,Michael Conforto,LF,0.3203125,0.3334208654821419
position_50,attempts,common_slope,641584,Jake Fraley,RF,0.3986013986013986,0.36553418198806636
position_50,attempts,common_slope,641933,Tyler O'Neill,RF,0.41935483870967744,0.36340400493878716
position_50,attempts,common_slope,642201,Eli White,RF,0.3416149068322981,0.36753026768951136
position_50,attempts,common_slope,643217,Andrew Benintendi,LF,0.328042328042328,0.3389355966555841
position_50,attempts,common_slope,643565,Mike Tauchman,RF,0.3707865168539326,0.3741267984292537
position_50,attempts,common_slope,656775,Cedric Mullins,CF,0.4228187919463087,0.3716485814289024
position_50,attempts,common_slope,657077,Alex Verdugo,LF,0.35,0.3275675715997147
position_50,attempts,common_slope,657656,Ramón Laureano,LF,0.3464285714285714,0.32846099941270446
position_50,attempts,common_slope,657757,Gavin Sheets,LF,0.30303030303030304,0.33457547949354427
position_50,attempts,common_slope,660670,Ronald Acuña Jr.,RF,0.36134453781512604,0.3599407483005348
position_50,attempts,common_slope,660821,Jesús Sánchez,RF,0.3682170542635659,0.36744832279469947
position_50,attempts,common_slope,662139,Daulton Varsho,CF,0.32666666666666666,0.39583272298457395
position_50,attempts,common_slope,663457,Lars Nootbaar,LF,0.335978835978836,0.3296591727702885
position_50,attempts,common_slope,663616,Trevor Larnach,RF,0.40625,0.37355035082178734
position_50,attempts,common_slope,663656,Kyle Tucker,RF,0.37916666666666665,0.3718115794576628
position_50,attempts,common_slope,663757,Trent Grisham,CF,0.3835616438356164,0.37242571362636623
position_50,attempts,common_slope,664023,Ian Happ,LF,0.27548209366391185,0.3386187575569947
position_50,attempts,common_slope,664056,Harrison Bader,CF,0.3652173913043478,0.36643354586030746
position_50,attempts,common_slope,664702,Myles Straw,CF,0.3651685393258427,0.37477490467002805
position_50,attempts,common_slope,664728,Kyle Isbel,CF,0.3728813559322034,0.37498225972374444
position_50,attempts,common_slope,664983,Jake McCarthy,LF,0.3401360544217687,0.3420406137485314
position_50,attempts,common_slope,665487,Fernando Tatis Jr.,RF,0.3496932515337423,0.35903271201996534
position_50,attempts,common_slope,665742,Juan Soto,RF,0.37275064267352187,0.37056139203260124
position_50,attempts,common_slope,665750,Leody Taveras,CF,0.3706293706293706,0.3632009315004125
position_50,attempts,common_slope,665833,Oneil Cruz,CF,0.3978102189781022,0.34978278400284196
position_50,attempts,common_slope,666134,Nolan Jones,RF,0.35909090909090907,0.3583145336051215
position_50,attempts,common_slope,666139,Josh Lowe,RF,0.3691588785046729,0.37157933349202676
position_50,attempts,common_slope,666158,Gavin Lux,LF,0.3884297520661157,0.3321002338188803
position_50,attempts,common_slope,666160,Mickey Moniak,RF,0.4119496855345912,0.3707481663828785
position_50,attempts,common_slope,666176,Jo Adell,CF,0.4025157232704403,0.3720482952438269
position_50,attempts,common_slope,666185,Dylan Carlson,LF,0.3089887640449438,0.33826896277793805
position_50,attempts,common_slope,666624,Christopher Morel,LF,0.3333333333333333,0.32583894993097917
position_50,attempts,common_slope,666969,Adolis García,RF,0.3044982698961938,0.36571846362870886
position_50,attempts,common_slope,666971,Lourdes Gurriel Jr.,LF,0.37425149700598803,0.33327949070575097
position_50,attempts,common_slope,667472,Dane Myers,CF,0.405982905982906,0.3586809830177709
position_50,attempts,common_slope,668227,Randy Arozarena,LF,0.3176178660049628,0.3414509342417877
position_50,attempts,common_slope,668709,JJ Bleday,CF,0.36180904522613067,0.3669151237859767
position_50,attempts,common_slope,668804,Bryan Reynolds,RF,0.3684210526315789,0.37017184378160245
position_50,attempts,common_slope,668885,Austin Martin,LF,0.375,0.33497750972346274
position_50,attempts,common_slope,669016,Brandon Marsh,CF,0.32094594594594594,0.3689159842019937
position_50,attempts,common_slope,669065,Kyle Stowers,LF,0.3333333333333333,0.327200798986556
position_50,attempts,common_slope,669326,Bryce Teodosio,CF,0.3333333333333333,0.36780092207478843
position_50,attempts,common_slope,669720,Austin Hays,LF,0.3541666666666667,0.3268027834561808
position_50,attempts,common_slope,669743,Alex Call,RF,0.39436619718309857,0.36708520418037704
position_50,attempts,common_slope,670224,Kameron Misner,CF,0.27586206896551724,0.36729473142525615
position_50,attempts,common_slope,670242,Matt Wallner,RF,0.34513274336283184,0.35838703858614646
position_50,attempts,common_slope,670770,TJ Friedl,CF,0.3896551724137931,0.3743121515598395
position_50,attempts,common_slope,671218,Heliot Ramos,LF,0.342042755344418,0.33396228480452267
position_50,attempts,common_slope,671289,Tyler Freeman,RF,0.34831460674157305,0.3631367975856485
position_50,attempts,common_slope,671732,Lawrence Butler,RF,0.3623693379790941,0.37128720071808163
position_50,attempts,common_slope,671739,Michael Harris II,CF,0.36182336182336183,0.367724759133851
position_50,attempts,common_slope,672016,Denzel Clarke,CF,0.42016806722689076,0.3698173554326248
position_50,attempts,common_slope,672761,Wenceel Pérez,RF,0.40304182509505704,0.36679745480013093
position_50,attempts,common_slope,673357,Luis Robert Jr.,CF,0.3930131004366812,0.37220676179082796
position_50,attempts,common_slope,673548,Seiya Suzuki,RF,0.3277310924369748,0.36579425320740544
position_50,attempts,common_slope,676475,Alec Burleson,LF,0.3592814371257485,0.33099217295984495
position_50,attempts,common_slope,676694,Jake Meyers,CF,0.32934131736526945,0.38586908027352207
position_50,attempts,common_slope,677594,Julio Rodríguez,CF,0.34411764705882353,0.3629112168791753
position_50,attempts,common_slope,677800,Wilyer Abreu,RF,0.30256410256410254,0.3622859534656328
position_50,attempts,common_slope,677950,Alek Thomas,CF,0.42333333333333334,0.3722150756357724
position_50,attempts,common_slope,678882,Ceddanne Rafaela,CF,0.3575949367088608,0.3610373656834244
position_50,attempts,common_slope,680718,Addison Barger,RF,0.3813559322033898,0.3562107069048622
position_50,attempts,common_slope,680757,Steven Kwan,LF,0.3261455525606469,0.3332029372664722
position_50,attempts,common_slope,680776,Jarren Duran,LF,0.3248847926267281,0.33263428680729284
position_50,attempts,common_slope,681297,Colton Cowser,CF,0.3435897435897436,0.36304771966779215
position_50,attempts,common_slope,681481,Kerry Carpenter,RF,0.3142857142857143,0.37059871751609647
position_50,attempts,common_slope,681624,Andy Pages,CF,0.3468208092485549,0.36038737556491196
position_50,attempts,common_slope,682622,Noelvi Marte,RF,0.31851851851851853,0.3638889998970824
position_50,attempts,common_slope,682641,Luis Matos,RF,0.34108527131782945,0.36275994956627994
position_50,attempts,common_slope,682657,Angel Martínez,CF,0.3553299492385787,0.36118332088948074
position_50,attempts,common_slope,682985,Riley Greene,LF,0.3556851311953353,0.3361448894761641
position_50,attempts,common_slope,682998,Corbin Carroll,RF,0.4010840108401084,0.36979835718208126
position_50,attempts,common_slope,686217,Sal Frelick,RF,0.3920863309352518,0.3697377752379198
position_50,attempts,common_slope,686527,Dominic Canzone,RF,0.37662337662337664,0.36389336910820985
position_50,attempts,common_slope,686555,Isaac Collins,LF,0.33620689655172414,0.33540063851246943
position_50,attempts,common_slope,686611,Dylan Crews,RF,0.4076923076923077,0.3692545264165601
position_50,attempts,common_slope,686668,Brenton Doyle,CF,0.36684782608695654,0.35922781004665
position_50,attempts,common_slope,687363,Victor Scott II,CF,0.36156351791530944,0.370027676020864
position_50,attempts,common_slope,687597,Jordan Beck,LF,0.3324742268041237,0.3327780239839727
position_50,attempts,common_slope,690987,Robert Hassell III,CF,0.3790322580645161,0.3676197679851515
position_50,attempts,common_slope,691016,Tyler Soderstrom,LF,0.35968379446640314,0.32649072509444743
position_50,attempts,common_slope,691023,Jordan Walker,RF,0.3879598662207358,0.36002850673553494
position_50,attempts,common_slope,691176,Jasson Domínguez,LF,0.3409090909090909,0.3257887613067623
position_50,attempts,common_slope,691718,Pete Crow-Armstrong,CF,0.31976744186046513,0.36458055363277125
position_50,attempts,common_slope,694192,Jackson Chourio,CF,0.3300970873786408,0.3709028162285768
position_50,attempts,common_slope,694671,Wyatt Langford,LF,0.2919254658385093,0.33601055797071155
position_50,attempts,common_slope,695506,Jac Caglianone,RF,0.3275862068965517,0.3594281984570685
position_50,attempts,common_slope,695578,James Wood,LF,0.3233333333333333,0.334618644680073
position_50,attempts,common_slope,695734,Daylen Lile,RF,0.4008810572687225,0.3723974793286376
position_50,attempts,common_slope,696285,Jacob Young,CF,0.3644067796610169,0.36757965301231504
position_50,attempts,common_slope,701358,Cam Smith,RF,0.35471698113207545,0.3651751906196982
position_50,attempts,common_slope,701538,Jackson Merrill,CF,0.3562753036437247,0.3609119371258285
position_50,attempts,common_slope,802415,Chandler Simpson,CF,0.38934426229508196,0.3707981135048013
position_50,attempts,common_slope,805300,Jakob Marsee,CF,0.4032258064516129,0.3677048540163708
position_50,attempts,common_slope,808982,Jung Hoo Lee,CF,0.3638968481375358,0.363603866039985
position_50,attempts,position_slopes,502054,Tommy Pham,LF,0.37282229965156793,0.3332484126213624
position_50,attempts,position_slopes,543807,George Springer,RF,0.36153846153846153,0.3789159233074078
position_50,attempts,position_slopes,573262,Mike Yastrzemski,RF,0.359375,0.3725198102917003
position_50,attempts,position_slopes,592206,Nick Castellanos,RF,0.36503067484662577,0.39865934213046905
position_50,attempts,position_slopes,592450,Aaron Judge,RF,0.31862745098039214,0.366339401297187
position_50,attempts,position_slopes,595777,Jurickson Profar,LF,0.3523809523809524,0.3289147080729601
position_50,attempts,position_slopes,596146,Max Kepler,LF,0.2926829268292683,0.33056278685963975
position_50,attempts,position_slopes,606192,Teoscar Hernández,RF,0.3724832214765101,0.37698997424834624
position_50,attempts,position_slopes,607043,Brandon Nimmo,LF,0.3394736842105263,0.32775519305217576
position_50,attempts,position_slopes,621438,Tyrone Taylor,CF,0.3380952380952381,0.36742655499071314
position_50,attempts,position_slopes,621439,Byron Buxton,CF,0.4154929577464789,0.36594113087954044
position_50,attempts,position_slopes,621493,Taylor Ward,LF,0.33406113537117904,0.329384608459047
position_50,attempts,position_slopes,624424,Michael Conforto,LF,0.3203125,0.3354988382399502
position_50,attempts,position_slopes,641584,Jake Fraley,RF,0.3986013986013986,0.3635796626101054
position_50,attempts,position_slopes,641933,Tyler O'Neill,RF,0.41935483870967744,0.35865876322654944
position_50,attempts,position_slopes,642201,Eli White,RF,0.3416149068322981,0.36701837089162204
position_50,attempts,position_slopes,643217,Andrew Benintendi,LF,0.328042328042328,0.32566709814265504
position_50,attempts,position_slopes,643565,Mike Tauchman,RF,0.3707865168539326,0.38433269323960295
position_50,attempts,position_slopes,656775,Cedric Mullins,CF,0.4228187919463087,0.36978437324368263
position_50,attempts,position_slopes,657077,Alex Verdugo,LF,0.35,0.3431358856802232
position_50,attempts,position_slopes,657656,Ramón Laureano,LF,0.3464285714285714,0.3410056589351364
position_50,attempts,position_slopes,657757,Gavin Sheets,LF,0.30303030303030304,0.33373688623889003
position_50,attempts,position_slopes,660670,Ronald Acuña Jr.,RF,0.36134453781512604,0.34845372856415896
position_50,attempts,position_slopes,660821,Jesús Sánchez,RF,0.3682170542635659,0.3675457082973952
position_50,attempts,position_slopes,662139,Daulton Varsho,CF,0.32666666666666666,0.4005087113175389
position_50,attempts,position_slopes,663457,Lars Nootbaar,LF,0.335978835978836,0.3405555306301291
position_50,attempts,position_slopes,663616,Trevor Larnach,RF,0.40625,0.3834022081075252
position_50,attempts,position_slopes,663656,Kyle Tucker,RF,0.37916666666666665,0.37879206376738567
position_50,attempts,position_slopes,663757,Trent Grisham,CF,0.3835616438356164,0.3717117530796498
position_50,attempts,position_slopes,664023,Ian Happ,LF,0.27548209366391185,0.33363043380578145
position_50,attempts,position_slopes,664056,Harrison Bader,CF,0.3652173913043478,0.36654715404566446
position_50,attempts,position_slopes,664702,Myles Straw,CF,0.3651685393258427,0.3740839211957033
position_50,attempts,position_slopes,664728,Kyle Isbel,CF,0.3728813559322034,0.37414743066952827
position_50,attempts,position_slopes,664983,Jake McCarthy,LF,0.3401360544217687,0.3181463653345722
position_50,attempts,position_slopes,665487,Fernando Tatis Jr.,RF,0.3496932515337423,0.3448102670509972
position_50,attempts,position_slopes,665742,Juan Soto,RF,0.37275064267352187,0.37556128911875986
position_50,attempts,position_slopes,665750,Leody Taveras,CF,0.3706293706293706,0.36362684252599203
position_50,attempts,position_slopes,665833,Oneil Cruz,CF,0.3978102189781022,0.3479266085272355
position_50,attempts,position_slopes,666134,Nolan Jones,RF,0.35909090909090907,0.34405352794332755
position_50,attempts,position_slopes,666139,Josh Lowe,RF,0.3691588785046729,0.377778688026697
position_50,attempts,position_slopes,666158,Gavin Lux,LF,0.3884297520661157,0.33444906025239046
position_50,attempts,position_slopes,666160,Mickey Moniak,RF,0.4119496855345912,0.3780159146510268
position_50,attempts,position_slopes,666176,Jo Adell,CF,0.4025157232704403,0.370780007297755
position_50,attempts,position_slopes,666185,Dylan Carlson,LF,0.3089887640449438,0.3283895024888028
position_50,attempts,position_slopes,666624,Christopher Morel,LF,0.3333333333333333,0.3481074493791396
position_50,attempts,position_slopes,666969,Adolis García,RF,0.3044982698961938,0.3603918836586772
position_50,attempts,position_slopes,666971,Lourdes Gurriel Jr.,LF,0.37425149700598803,0.33006866818137137
position_50,attempts,position_slopes,667472,Dane Myers,CF,0.405982905982906,0.35874478962392886
position_50,attempts,position_slopes,668227,Randy Arozarena,LF,0.3176178660049628,0.3251746945831835
position_50,attempts,position_slopes,668709,JJ Bleday,CF,0.36180904522613067,0.3669803719389632
position_50,attempts,position_slopes,668804,Bryan Reynolds,RF,0.3684210526315789,0.37424683711999157
position_50,attempts,position_slopes,668885,Austin Martin,LF,0.375,0.33006693728472364
position_50,attempts,position_slopes,669016,Brandon Marsh,CF,0.32094594594594594,0.3689189432225809
position_50,attempts,position_slopes,669065,Kyle Stowers,LF,0.3333333333333333,0.34596144059227985
position_50,attempts,position_slopes,669326,Bryce Teodosio,CF,0.3333333333333333,0.3678038556210131
position_50,attempts,position_slopes,669720,Austin Hays,LF,0.3541666666666667,0.3436551252823428
position_50,attempts,position_slopes,669743,Alex Call,RF,0.39436619718309857,0.3675896474937396
position_50,attempts,position_slopes,670224,Kameron Misner,CF,0.27586206896551724,0.3674583788530046
position_50,attempts,position_slopes,670242,Matt Wallner,RF,0.34513274336283184,0.3437085998416649
position_50,attempts,position_slopes,670770,TJ Friedl,CF,0.3896551724137931,0.37300154020995924
position_50,attempts,position_slopes,671218,Heliot Ramos,LF,0.342042755344418,0.33233676028614656
position_50,attempts,position_slopes,671289,Tyler Freeman,RF,0.34831460674157305,0.3564179736850078
position_50,attempts,position_slopes,671732,Lawrence Butler,RF,0.3623693379790941,0.3767570287004167
position_50,attempts,position_slopes,671739,Michael Harris II,CF,0.36182336182336183,0.3677120818093598
position_50,attempts,position_slopes,672016,Denzel Clarke,CF,0.42016806722689076,0.36938432913352265
position_50,attempts,position_slopes,672761,Wenceel Pérez,RF,0.40304182509505704,0.3675068311234144
position_50,attempts,position_slopes,673357,Luis Robert Jr.,CF,0.3930131004366812,0.3713705899926122
position_50,attempts,position_slopes,673548,Seiya Suzuki,RF,0.3277310924369748,0.362715923911337
position_50,attempts,position_slopes,676475,Alec Burleson,LF,0.3592814371257485,0.33686916862869637
position_50,attempts,position_slopes,676694,Jake Meyers,CF,0.32934131736526945,0.3870816187552943
position_50,attempts,position_slopes,677594,Julio Rodríguez,CF,0.34411764705882353,0.36380628811211696
position_50,attempts,position_slopes,677800,Wilyer Abreu,RF,0.30256410256410254,0.35300685382745467
position_50,attempts,position_slopes,677950,Alek Thomas,CF,0.42333333333333334,0.3699508242106363
position_50,attempts,position_slopes,678882,Ceddanne Rafaela,CF,0.3575949367088608,0.36186571803419704
position_50,attempts,position_slopes,680718,Addison Barger,RF,0.3813559322033898,0.3395289649638089
position_50,attempts,position_slopes,680757,Steven Kwan,LF,0.3261455525606469,0.33568453575129414
position_50,attempts,position_slopes,680776,Jarren Duran,LF,0.3248847926267281,0.3370817115714705
position_50,attempts,position_slopes,681297,Colton Cowser,CF,0.3435897435897436,0.3637188441392323
position_50,attempts,position_slopes,681481,Kerry Carpenter,RF,0.3142857142857143,0.3736790811914418
position_50,attempts,position_slopes,681624,Andy Pages,CF,0.3468208092485549,0.36176496327215624
position_50,attempts,position_slopes,682622,Noelvi Marte,RF,0.31851851851851853,0.35780779516553285
position_50,attempts,position_slopes,682641,Luis Matos,RF,0.34108527131782945,0.3555309246335186
position_50,attempts,position_slopes,682657,Angel Martínez,CF,0.3553299492385787,0.36197330952648293
position_50,attempts,position_slopes,682985,Riley Greene,LF,0.3556851311953353,0.3263331251637306
position_50,attempts,position_slopes,682998,Corbin Carroll,RF,0.4010840108401084,0.375402559721244
position_50,attempts,position_slopes,686217,Sal Frelick,RF,0.3920863309352518,0.3742825158006039
position_50,attempts,position_slopes,686527,Dominic Canzone,RF,0.37662337662337664,0.3590520584696798
position_50,attempts,position_slopes,686555,Isaac Collins,LF,0.33620689655172414,0.3308901595814542
position_50,attempts,position_slopes,686611,Dylan Crews,RF,0.4076923076923077,0.3736811991509601
position_50,attempts,position_slopes,686668,Brenton Doyle,CF,0.36684782608695654,0.35990542142102394
position_50,attempts,position_slopes,687363,Victor Scott II,CF,0.36156351791530944,0.36978222340719147
position_50,attempts,position_slopes,687597,Jordan Beck,LF,0.3324742268041237,0.3356241646672307
position_50,attempts,position_slopes,690987,Robert Hassell III,CF,0.3790322580645161,0.3675764117800543
position_50,attempts,position_slopes,691016,Tyler Soderstrom,LF,0.35968379446640314,0.3417459107125866
position_50,attempts,position_slopes,691023,Jordan Walker,RF,0.3879598662207358,0.3498371355919109
position_50,attempts,position_slopes,691176,Jasson Domínguez,LF,0.3409090909090909,0.3469817647980018
position_50,attempts,position_slopes,691718,Pete Crow-Armstrong,CF,0.31976744186046513,0.3657045326194895
position_50,attempts,position_slopes,694192,Jackson Chourio,CF,0.3300970873786408,0.37074298957124685
position_50,attempts,position_slopes,694671,Wyatt Langford,LF,0.2919254658385093,0.33445125326905517
position_50,attempts,position_slopes,695506,Jac Caglianone,RF,0.3275862068965517,0.3471273863933609
position_50,attempts,position_slopes,695578,James Wood,LF,0.3233333333333333,0.33339850255636705
position_50,attempts,position_slopes,695734,Daylen Lile,RF,0.4008810572687225,0.3810487404230188
position_50,attempts,position_slopes,696285,Jacob Young,CF,0.3644067796610169,0.36756712173572614
position_50,attempts,position_slopes,701358,Cam Smith,RF,0.35471698113207545,0.36140393010251265
position_50,attempts,position_slopes,701538,Jackson Merrill,CF,0.3562753036437247,0.3617499773009024
position_50,attempts,position_slopes,802415,Chandler Simpson,CF,0.38934426229508196,0.3702435923476994
position_50,attempts,position_slopes,805300,Jakob Marsee,CF,0.4032258064516129,0.36761185804063595
position_50,attempts,position_slopes,808982,Jung Hoo Lee,CF,0.3638968481375358,0.36403360087067854
primary,range,position_only,502054,Tommy Pham,LF,-2,-2.0360934988694783
primary,range,position_only,573262,Mike Yastrzemski,RF,-2,-0.6987755979451755
primary,range,position_only,592206,Nick Castellanos,RF,-11,0.14453871562057952
primary,range,position_only,592450,Aaron Judge,RF,4,-1.8365439734761342
primary,range,position_only,595777,Jurickson Profar,LF,-6,-2.518557976945152
primary,range,position_only,596146,Max Kepler,LF,0,-1.9494802150322688
primary,range,position_only,606192,Teoscar Hernández,RF,-8,-0.39804729135570316
primary,range,position_only,607043,Brandon Nimmo,LF,-1,-1.0676663560852537
primary,range,position_only,621438,Tyrone Taylor,CF,3,5.113472645046005
primary,range,position_only,621439,Byron Buxton,CF,2,5.626336549693582
primary,range,position_only,621493,Taylor Ward,LF,0,-0.9829936029820763
primary,range,position_only,624424,Michael Conforto,LF,-7,-1.6235149251808085
primary,range,position_only,643217,Andrew Benintendi,LF,-7,-2.7653430276148763
primary,range,position_only,643565,Mike Tauchman,RF,0,-2.4818121040333425
primary,range,position_only,656775,Cedric Mullins,CF,3,5.871638505690718
primary,range,position_only,660670,Ronald Acuña Jr.,RF,-10,-1.2583685922668213
primary,range,position_only,660821,Jesús Sánchez,RF,-1,-1.119612822661586
primary,range,position_only,662139,Daulton Varsho,CF,8,3.9996944385918276
primary,range,position_only,663457,Lars Nootbaar,LF,-1,-1.540428642965752
primary,range,position_only,663656,Kyle Tucker,RF,-2,-1.0032069805165476
primary,range,position_only,663757,Trent Grisham,CF,-1,6.250756590062239
primary,range,position_only,664023,Ian Happ,LF,0,-1.1529102231139277
primary,range,position_only,664702,Myles Straw,CF,9,4.488604172938634
primary,range,position_only,664728,Kyle Isbel,CF,11,5.489025415190619
primary,range,position_only,665487,Fernando Tatis Jr.,RF,7,-0.6652170168736466
primary,range,position_only,665742,Juan Soto,RF,-11,0.9221955582408663
primary,range,position_only,665833,Oneil Cruz,CF,0,5.971052895718736
primary,range,position_only,666134,Nolan Jones,RF,-5,-1.1999888492659423
primary,range,position_only,666139,Josh Lowe,RF,-4,-1.3550489824947354
primary,range,position_only,666185,Dylan Carlson,LF,-2,-3.2210937135229534
primary,range,position_only,666969,Adolis García,RF,1,-0.7713603242458937
primary,range,position_only,666971,Lourdes Gurriel Jr.,LF,-3,-1.817915869056395
primary,range,position_only,667472,Dane Myers,CF,1,5.039171736761584
primary,range,position_only,668227,Randy Arozarena,LF,-4,-0.45558719436413675
primary,range,position_only,668709,JJ Bleday,CF,-7,5.33112887070112
primary,range,position_only,668804,Bryan Reynolds,RF,-2,-0.996102720422086
primary,range,position_only,669016,Brandon Marsh,CF,0,5.632611978664511
primary,range,position_only,669065,Kyle Stowers,LF,-2,-2.320078621402889
primary,range,position_only,669326,Bryce Teodosio,CF,9,3.2967576009850696
primary,range,position_only,670242,Matt Wallner,RF,-3,-1.9910438935275963
primary,range,position_only,670770,TJ Friedl,CF,1,6.755944751159932
primary,range,position_only,671218,Heliot Ramos,LF,-8,-0.4729291866030563
primary,range,position_only,671732,Lawrence Butler,RF,4,-0.6202991693324122
primary,range,position_only,671739,Michael Harris II,CF,7,6.717576671553695
primary,range,position_only,672016,Denzel Clarke,CF,12,2.8440851746012172
primary,range,position_only,672761,Wenceel Pérez,RF,2,-1.755789542465422
primary,range,position_only,673357,Luis Robert Jr.,CF,6,5.1638216700501065
primary,range,position_only,676694,Jake Meyers,CF,8,5.021545560704297
primary,range,position_only,677594,Julio Rodríguez,CF,10,6.5137976527984565
primary,range,position_only,677800,Wilyer Abreu,RF,7,-1.892982163764401
primary,range,position_only,677950,Alek Thomas,CF,0,6.033087579602743
primary,range,position_only,678009,Parker Meadows,CF,4,4.041669361423098
primary,range,position_only,678882,Ceddanne Rafaela,CF,19,5.514822252728898
primary,range,position_only,680757,Steven Kwan,LF,5,-1.3054859998627233
primary,range,position_only,680776,Jarren Duran,LF,-3,-0.7449132926927193
primary,range,position_only,681624,Andy Pages,CF,10,6.421351298459413
primary,range,position_only,682657,Angel Martínez,CF,-5,5.4747283303969665
primary,range,position_only,682985,Riley Greene,LF,1,-1.5799328869347775
primary,range,position_only,682998,Corbin Carroll,RF,9,-0.950915899089531
primary,range,position_only,686217,Sal Frelick,RF,6,-0.8529106160964766
primary,range,position_only,686555,Isaac Collins,LF,3,-2.5209036364773905
primary,range,position_only,686611,Dylan Crews,RF,2,-2.112098037449586
primary,range,position_only,686668,Brenton Doyle,CF,5,5.879214871526062
primary,range,position_only,687363,Victor Scott II,CF,15,5.571021837302656
primary,range,position_only,687597,Jordan Beck,LF,-2,-1.39761924304465
primary,range,position_only,691016,Tyler Soderstrom,LF,4,-2.605278878882471
primary,range,position_only,691023,Jordan Walker,RF,-4,-1.2645429655754459
primary,range,position_only,691176,Jasson Domínguez,LF,-8,-2.1561310148759203
primary,range,position_only,691718,Pete Crow-Armstrong,CF,22,5.575406669336025
primary,range,position_only,694192,Jackson Chourio,CF,3,6.1082004634029055
primary,range,position_only,694671,Wyatt Langford,LF,9,-1.9228946745817055
primary,range,position_only,695578,James Wood,LF,-6,-1.4965173635859275
primary,range,position_only,695734,Daylen Lile,RF,-7,-1.7946313082929146
primary,range,position_only,696285,Jacob Young,CF,13,5.023420028077982
primary,range,position_only,701358,Cam Smith,RF,1,-0.9028037862076133
primary,range,position_only,701538,Jackson Merrill,CF,2,5.7122119695110225
primary,range,position_only,808982,Jung Hoo Lee,CF,-5,7.012296395646593
primary,range,no_position,502054,Tommy Pham,LF,-2,0.5018981469988514
primary,range,no_position,573262,Mike Yastrzemski,RF,-2,5.476909038597081
primary,range,no_position,592206,Nick Castellanos,RF,-11,-6.306035306869304
primary,range,no_position,592450,Aaron Judge,RF,4,-1.0276426067549633
primary,range,no_position,595777,Jurickson Profar,LF,-6,-6.021256254651459
primary,range,no_position,596146,Max Kepler,LF,0,-2.104042184027977
primary,range,no_position,606192,Teoscar Hernández,RF,-8,0.38783984443395464
primary,range,no_position,607043,Brandon Nimmo,LF,-1,0.8333204040679285
primary,range,no_position,621438,Tyrone Taylor,CF,3,-2.0966402838873393
primary,range,no_position,621439,Byron Buxton,CF,2,-1.2054427915942971
primary,range,no_position,621493,Taylor Ward,LF,0,0.9545711155937893
primary,range,no_position,624424,Michael Conforto,LF,-7,-7.499148731946895
primary,range,no_position,643217,Andrew Benintendi,LF,-7,-10.114324498619089
primary,range,no_position,643565,Mike Tauchman,RF,0,-2.474447460522307
primary,range,no_position,656775,Cedric Mullins,CF,3,-0.9493821803145448
primary,range,no_position,660670,Ronald Acuña Jr.,RF,-10,-8.752102005997225
primary,range,no_position,660821,Jesús Sánchez,RF,-1,3.668664832515268
primary,range,no_position,662139,Daulton Varsho,CF,8,10.717996460856748
primary,range,no_position,663457,Lars Nootbaar,LF,-1,-4.890227632767852
primary,range,no_position,663656,Kyle Tucker,RF,-2,-2.087266197873379
primary,range,no_position,663757,Trent Grisham,CF,-1,0.7003575120361092
primary,range,no_position,664023,Ian Happ,LF,0,0.7731720479702319
primary,range,no_position,664702,Myles Straw,CF,9,3.9430398865201326
primary,range,no_position,664728,Kyle Isbel,CF,11,7.711785183206066
primary,range,no_position,665487,Fernando Tatis Jr.,RF,7,3.413711717339144
primary,range,no_position,665742,Juan Soto,RF,-11,-2.91715563071631
primary,range,no_position,665833,Oneil Cruz,CF,0,-1.9456959045563
primary,range,no_position,666134,Nolan Jones,RF,-5,-5.1210154637664544
primary,range,no_position,666139,Josh Lowe,RF,-4,-2.486982164235694
primary,range,no_position,666185,Dylan Carlson,LF,-2,-2.695983376946473
primary,range,no_position,666969,Adolis García,RF,1,6.547723514335788
primary,range,no_position,666971,Lourdes Gurriel Jr.,LF,-3,-0.6839793715042024
primary,range,no_position,667472,Dane Myers,CF,1,5.806655604358623
primary,range,no_position,668227,Randy Arozarena,LF,-4,-4.648813692971487
primary,range,no_position,668709,JJ Bleday,CF,-7,1.367878868376183
primary,range,no_position,668804,Bryan Reynolds,RF,-2,-3.1181558248145462
primary,range,no_position,669016,Brandon Marsh,CF,0,0.8241111280019465
primary,range,no_position,669065,Kyle Stowers,LF,-2,-2.872412739971927
primary,range,no_position,669326,Bryce Teodosio,CF,9,12.167448359068574
primary,range,no_position,670242,Matt Wallner,RF,-3,-6.717797385589352
primary,range,no_position,670770,TJ Friedl,CF,1,-2.7183863804773543
primary,range,no_position,671218,Heliot Ramos,LF,-8,-0.8233234269575465
primary,range,no_position,671732,Lawrence Butler,RF,4,-1.551603580593433
primary,range,no_position,671739,Michael Harris II,CF,7,4.371277037967477
primary,range,no_position,672016,Denzel Clarke,CF,12,7.404821861080733
primary,range,no_position,672761,Wenceel Pérez,RF,2,3.841127118391613
primary,range,no_position,673357,Luis Robert Jr.,CF,6,1.498700058145134
primary,range,no_position,676694,Jake Meyers,CF,8,2.7622709776156626
primary,range,no_position,677594,Julio Rodríguez,CF,10,2.832789745443538
primary,range,no_position,677800,Wilyer Abreu,RF,7,6.233530272548932
primary,range,no_position,677950,Alek Thomas,CF,0,-0.5076781305787708
primary,range,no_position,678009,Parker Meadows,CF,4,4.129323686271408
primary,range,no_position,678882,Ceddanne Rafaela,CF,19,18.655910535726385
primary,range,no_position,680757,Steven Kwan,LF,5,3.5672453851070234
primary,range,no_position,680776,Jarren Duran,LF,-3,5.0137097418936145
primary,range,no_position,681624,Andy Pages,CF,10,9.093895356107916
primary,range,no_position,682657,Angel Martínez,CF,-5,-2.8863428828766917
primary,range,no_position,682985,Riley Greene,LF,1,3.118930937544734
primary,range,no_position,682998,Corbin Carroll,RF,9,4.869369276172446
primary,range,no_position,686217,Sal Frelick,RF,6,3.1412785199961997
primary,range,no_position,686555,Isaac Collins,LF,3,12.388052993075036
primary,range,no_position,686611,Dylan Crews,RF,2,5.663784098317755
primary,range,no_position,686668,Brenton Doyle,CF,5,2.1959413980684017
primary,range,no_position,687363,Victor Scott II,CF,15,5.808735482498199
primary,range,no_position,687597,Jordan Beck,LF,-2,-1.2650401035076104
primary,range,no_position,691016,Tyler Soderstrom,LF,4,2.225652290768855
primary,range,no_position,691023,Jordan Walker,RF,-4,-3.4307815558262327
primary,range,no_position,691176,Jasson Domínguez,LF,-8,-6.349865732381519
primary,range,no_position,691718,Pete Crow-Armstrong,CF,22,14.9944458446402
primary,range,no_position,694192,Jackson Chourio,CF,3,5.4851143236096425
primary,range,no_position,694671,Wyatt Langford,LF,9,6.085990165582457
primary,range,no_position,695578,James Wood,LF,-6,-5.950394829977062
primary,range,no_position,695734,Daylen Lile,RF,-7,-1.9636986407893413
primary,range,no_position,696285,Jacob Young,CF,13,7.581509628206655
primary,range,no_position,701358,Cam Smith,RF,1,4.642139137863284
primary,range,no_position,701538,Jackson Merrill,CF,2,0.9451340187491452
primary,range,no_position,808982,Jung Hoo Lee,CF,-5,-0.45762775912477394
primary,range,common_slope,502054,Tommy Pham,LF,-2,-0.4919518929257725
primary,range,common_slope,573262,Mike Yastrzemski,RF,-2,4.069079326945611
primary,range,common_slope,592206,Nick Castellanos,RF,-11,-6.406566156059928
primary,range,common_slope,592450,Aaron Judge,RF,4,-2.298003532625979
primary,range,common_slope,595777,Jurickson Profar,LF,-6,-6.52696303430949
primary,range,common_slope,596146,Max Kepler,LF,0,-2.9107321854305064
primary,range,common_slope,606192,Teoscar Hernández,RF,-8,-0.44414449172980675
primary,range,common_slope,607043,Brandon Nimmo,LF,-1,-0.030234423093560604
primary,range,common_slope,621438,Tyrone Taylor,CF,3,-0.09031686904010883
primary,range,common_slope,621439,Byron Buxton,CF,2,0.8552404758024249
primary,range,common_slope,621493,Taylor Ward,LF,0,0.07628163416515882
primary,range,common_slope,624424,Michael Conforto,LF,-7,-7.634995411747331
primary,range,common_slope,643217,Andrew Benintendi,LF,-7,-10.3531149946948
primary,range,common_slope,643565,Mike Tauchman,RF,0,-3.7009516421463933
primary,range,common_slope,656775,Cedric Mullins,CF,3,1.1123625370949153
primary,range,common_slope,660670,Ronald Acuña Jr.,RF,-10,-8.978613475556642
primary,range,common_slope,660821,Jesús Sánchez,RF,-1,2.270008780211704
primary,range,common_slope,662139,Daulton Varsho,CF,8,11.314392745814589
primary,range,common_slope,663457,Lars Nootbaar,LF,-1,-5.335610292696542
primary,range,common_slope,663656,Kyle Tucker,RF,-2,-2.972908138313673
primary,range,common_slope,663757,Trent Grisham,CF,-1,2.80888120397697
primary,range,common_slope,664023,Ian Happ,LF,0,-0.12046481253255253
primary,range,common_slope,664702,Myles Straw,CF,9,5.256788196924167
primary,range,common_slope,664728,Kyle Isbel,CF,11,8.838893836687795
primary,range,common_slope,665487,Fernando Tatis Jr.,RF,7,1.9048207166205149
primary,range,common_slope,665742,Juan Soto,RF,-11,-3.1693835753632627
primary,range,common_slope,665833,Oneil Cruz,CF,0,0.3101871859180714
primary,range,common_slope,666134,Nolan Jones,RF,-5,-5.73437223408926
primary,range,common_slope,666139,Josh Lowe,RF,-4,-3.3774625094503508
primary,range,common_slope,666185,Dylan Carlson,LF,-2,-3.7240311916350626
primary,range,common_slope,666969,Adolis García,RF,1,4.953194251939964
primary,range,common_slope,666971,Lourdes Gurriel Jr.,LF,-3,-1.5185736801041778
primary,range,common_slope,667472,Dane Myers,CF,1,7.098463323421232
primary,range,common_slope,668227,Randy Arozarena,LF,-4,-4.868263578783338
primary,range,common_slope,668709,JJ Bleday,CF,-7,3.2917528745921096
primary,range,common_slope,668804,Bryan Reynolds,RF,-2,-3.9158740936055367
primary,range,common_slope,669016,Brandon Marsh,CF,0,2.7553050704039808
primary,range,common_slope,669065,Kyle Stowers,LF,-2,-3.6591272392549454
primary,range,common_slope,669326,Bryce Teodosio,CF,9,12.52900300270342
primary,range,common_slope,670242,Matt Wallner,RF,-3,-7.41746766192292
primary,range,common_slope,670770,TJ Friedl,CF,1,-0.26167566433673334
primary,range,common_slope,671218,Heliot Ramos,LF,-8,-1.330796351691563
primary,range,common_slope,671732,Lawrence Butler,RF,4,-2.549526341649452
primary,range,common_slope,671739,Michael Harris II,CF,7,6.13547371111732
primary,range,common_slope,672016,Denzel Clarke,CF,12,8.177548361264929
primary,range,common_slope,672761,Wenceel Pérez,RF,2,2.204859905596419
primary,range,common_slope,673357,Luis Robert Jr.,CF,6,3.1638261582825002
primary,range,common_slope,676694,Jake Meyers,CF,8,4.268024856198869
primary,range,common_slope,677594,Julio Rodríguez,CF,10,4.6245436072270865
primary,range,common_slope,677800,Wilyer Abreu,RF,7,4.205179913365958
primary,range,common_slope,677950,Alek Thomas,CF,0,1.637705770386384
primary,range,common_slope,678009,Parker Meadows,CF,4,5.418043476923529
primary,range,common_slope,678882,Ceddanne Rafaela,CF,19,18.64528827561441
primary,range,common_slope,680757,Steven Kwan,LF,5,2.289309258487206
primary,range,common_slope,680776,Jarren Duran,LF,-3,3.943523610674002
primary,range,common_slope,681624,Andy Pages,CF,10,10.346355543786629
primary,range,common_slope,682657,Angel Martínez,CF,-5,-0.4909350839301254
primary,range,common_slope,682985,Riley Greene,LF,1,1.9293356871224296
primary,range,common_slope,682998,Corbin Carroll,RF,9,3.112629419592131
primary,range,common_slope,686217,Sal Frelick,RF,6,1.6490570620674487
primary,range,common_slope,686555,Isaac Collins,LF,3,10.51836413188277
primary,range,common_slope,686611,Dylan Crews,RF,2,3.8000035261184695
primary,range,common_slope,686668,Brenton Doyle,CF,5,3.9603329704509758
primary,range,common_slope,687363,Victor Scott II,CF,15,7.090189589049323
primary,range,common_slope,687597,Jordan Beck,LF,-2,-1.9910673911963905
primary,range,common_slope,691016,Tyler Soderstrom,LF,4,0.7929957096336167
primary,range,common_slope,691023,Jordan Walker,RF,-4,-4.220358093533213
primary,range,common_slope,691176,Jasson Domínguez,LF,-8,-6.699213131330863
primary,range,common_slope,691718,Pete Crow-Armstrong,CF,22,15.463360137248216
primary,range,common_slope,694192,Jackson Chourio,CF,3,7.02460878746985
primary,range,common_slope,694671,Wyatt Langford,LF,9,4.301109702689756
primary,range,common_slope,695578,James Wood,LF,-6,-6.215345866702204
primary,range,common_slope,695734,Daylen Lile,RF,-7,-2.97700994648589
primary,range,common_slope,696285,Jacob Young,CF,13,8.618709918690515
primary,range,common_slope,701358,Cam Smith,RF,1,3.158536236195418
primary,range,common_slope,701538,Jackson Merrill,CF,2,2.8407700024230484
primary,range,common_slope,808982,Jung Hoo Lee,CF,-5,2.070504058126869
primary,range,position_slopes,502054,Tommy Pham,LF,-2,-0.9653862178441722
primary,range,position_slopes,573262,Mike Yastrzemski,RF,-2,4.454043915013857
primary,range,position_slopes,592206,Nick Castellanos,RF,-11,-5.829483533357545
primary,range,position_slopes,592450,Aaron Judge,RF,4,-2.388424601320703
primary,range,position_slopes,595777,Jurickson Profar,LF,-6,-5.673653814321789
primary,range,position_slopes,596146,Max Kepler,LF,0,-2.6854671058867847
primary,range,position_slopes,606192,Teoscar Hernández,RF,-8,-0.37025427982685605
primary,range,position_slopes,607043,Brandon Nimmo,LF,-1,-0.15488127020985473
primary,range,position_slopes,621438,Tyrone Taylor,CF,3,-1.040344673484768
primary,range,position_slopes,621439,Byron Buxton,CF,2,0.11394688156271558
primary,range,position_slopes,621493,Taylor Ward,LF,0,-0.022623668793799713
primary,range,position_slopes,624424,Michael Conforto,LF,-7,-5.950895145261011
primary,range,position_slopes,643217,Andrew Benintendi,LF,-7,-8.758626949210738
primary,range,position_slopes,643565,Mike Tauchman,RF,0,-3.9516086168927793
primary,range,position_slopes,656775,Cedric Mullins,CF,3,0.41401570962282125
primary,range,position_slopes,660670,Ronald Acuña Jr.,RF,-10,-9.054859170647168
primary,range,position_slopes,660821,Jesús Sánchez,RF,-1,2.3803404392016576
primary,range,position_slopes,662139,Daulton Varsho,CF,8,12.299881016959006
primary,range,position_slopes,663457,Lars Nootbaar,LF,-1,-4.3654704249470475
primary,range,position_slopes,663656,Kyle Tucker,RF,-2,-2.983930233186921
primary,range,position_slopes,663757,Trent Grisham,CF,-1,2.399228693544886
primary,range,position_slopes,664023,Ian Happ,LF,0,-0.2510867883481291
primary,range,position_slopes,664702,Myles Straw,CF,9,5.231768215041887
primary,range,position_slopes,664728,Kyle Isbel,CF,11,9.352516655250328
primary,range,position_slopes,665487,Fernando Tatis Jr.,RF,7,2.060249933163155
primary,range,position_slopes,665742,Juan Soto,RF,-11,-2.620724720140637
primary,range,position_slopes,665833,Oneil Cruz,CF,0,-0.5067698444766054
primary,range,position_slopes,666134,Nolan Jones,RF,-5,-5.85710497755119
primary,range,position_slopes,666139,Josh Lowe,RF,-4,-3.458713693309658
primary,range,position_slopes,666185,Dylan Carlson,LF,-2,-3.913083267487535
primary,range,position_slopes,666969,Adolis García,RF,1,5.357892373176496
primary,range,position_slopes,666971,Lourdes Gurriel Jr.,LF,-3,-1.6273796355154206
primary,range,position_slopes,667472,Dane Myers,CF,1,7.2989208080989565
primary,range,position_slopes,668227,Randy Arozarena,LF,-4,-3.407086138174385
primary,range,position_slopes,668709,JJ Bleday,CF,-7,2.915543623513165
primary,range,position_slopes,668804,Bryan Reynolds,RF,-2,-3.9606054655117164
primary,range,position_slopes,669016,Brandon Marsh,CF,0,2.333376562603547
primary,range,position_slopes,669065,Kyle Stowers,LF,-2,-3.4304378954364902
primary,range,position_slopes,669326,Bryce Teodosio,CF,9,13.805211922736868
primary,range,position_slopes,670242,Matt Wallner,RF,-3,-7.898715204237597
primary,range,position_slopes,670770,TJ Friedl,CF,1,-1.2123054543904779
primary,range,position_slopes,671218,Heliot Ramos,LF,-8,-0.8872179888307509
primary,range,position_slopes,671732,Lawrence Butler,RF,4,-2.485388199037441
primary,range,position_slopes,671739,Michael Harris II,CF,7,6.2702153564641625
primary,range,position_slopes,672016,Denzel Clarke,CF,12,8.633605494468775
primary,range,position_slopes,672761,Wenceel Pérez,RF,2,2.160033530490968
primary,range,position_slopes,673357,Luis Robert Jr.,CF,6,2.8045868976762764
primary,range,position_slopes,676694,Jake Meyers,CF,8,4.09014202116358
primary,range,position_slopes,677594,Julio Rodríguez,CF,10,4.572439224104779
primary,range,position_slopes,677800,Wilyer Abreu,RF,7,3.944646531957639
primary,range,position_slopes,677950,Alek Thomas,CF,0,1.048478722993103
primary,range,position_slopes,678009,Parker Meadows,CF,4,5.355519020309222
primary,range,position_slopes,678882,Ceddanne Rafaela,CF,19,21.3133037579264
primary,range,position_slopes,680757,Steven Kwan,LF,5,1.4363202026169801
primary,range,position_slopes,680776,Jarren Duran,LF,-3,3.072071107146923
primary,range,position_slopes,681624,Andy Pages,CF,10,11.158060382730401
primary,range,position_slopes,682657,Angel Martínez,CF,-5,-1.362842362679301
primary,range,position_slopes,682985,Riley Greene,LF,1,1.047941899701463
primary,range,position_slopes,682998,Corbin Carroll,RF,9,3.1110940387019914
primary,range,position_slopes,686217,Sal Frelick,RF,6,1.746219068919359
primary,range,position_slopes,686555,Isaac Collins,LF,3,8.501020116591514
primary,range,position_slopes,686611,Dylan Crews,RF,2,3.8484149254447764
primary,range,position_slopes,686668,Brenton Doyle,CF,5,3.7353789227108374
primary,range,position_slopes,687363,Victor Scott II,CF,15,7.3673935491302665
primary,range,position_slopes,687597,Jordan Beck,LF,-2,-1.7618530590155483
primary,range,position_slopes,691016,Tyler Soderstrom,LF,4,-0.3647234069426807
primary,range,position_slopes,691023,Jordan Walker,RF,-4,-4.302235777453191
primary,range,position_slopes,691176,Jasson Domínguez,LF,-8,-5.561323386522465
primary,range,position_slopes,691718,Pete Crow-Armstrong,CF,22,16.768750914307404
primary,range,position_slopes,694192,Jackson Chourio,CF,3,7.249357784413749
primary,range,position_slopes,694671,Wyatt Langford,LF,9,2.149728103776132
primary,range,position_slopes,695578,James Wood,LF,-6,-4.8778056618918315
primary,range,position_slopes,695734,Daylen Lile,RF,-7,-3.1775073368105486
primary,range,position_slopes,696285,Jacob Young,CF,13,9.087572232708743
primary,range,position_slopes,701358,Cam Smith,RF,1,3.3276442908256754
primary,range,position_slopes,701538,Jackson Merrill,CF,2,2.4332286823902893
primary,range,position_slopes,808982,Jung Hoo Lee,CF,-5,1.5573197376865455
primary,arm,position_only,502054,Tommy Pham,LF,-1.171167899055583,-0.4157043440650192
primary,arm,position_only,543807,George Springer,RF,-2.588107061546566,-0.18837989863008353
primary,arm,position_only,573262,Mike Yastrzemski,RF,4.558942932422652,-0.08753833067486194
primary,arm,position_only,592206,Nick Castellanos,RF,-1.5426271239484215,0.18266148099760893
primary,arm,position_only,592450,Aaron Judge,RF,2.2808366216085663,-0.20195361817796537
primary,arm,position_only,595777,Jurickson Profar,LF,-2.213223359833487,-0.5274135204755803
primary,arm,position_only,596146,Max Kepler,LF,-1.3472028936192504,-0.4093920009635178
primary,arm,position_only,606192,Teoscar Hernández,RF,-0.8419174315230058,0.08694972012176305
primary,arm,position_only,607043,Brandon Nimmo,LF,-0.106130228114432,-0.2633496235172287
primary,arm,position_only,621438,Tyrone Taylor,CF,4.971724418396483,0.2894368418974417
primary,arm,position_only,621439,Byron Buxton,CF,-0.4418317589943382,0.6279084500880899
primary,arm,position_only,621493,Taylor Ward,LF,-2.227229009385241,0.08477629642605833
primary,arm,position_only,624424,Michael Conforto,LF,-1.1316390801068077,-0.4810977371166909
primary,arm,position_only,641584,Jake Fraley,RF,-1.7735897761757091,-0.19937218024183767
primary,arm,position_only,641933,Tyler O'Neill,RF,-1.4540820160712462,-0.24482432519821035
primary,arm,position_only,642201,Eli White,RF,1.4882608106309727,-0.27676724288802207
primary,arm,position_only,643217,Andrew Benintendi,LF,-2.919123780075372,-0.5300719010759087
primary,arm,position_only,643565,Mike Tauchman,RF,-0.17766717753047778,-0.18594385155367277
primary,arm,position_only,656775,Cedric Mullins,CF,-4.388636968516528,0.8019366998436036
primary,arm,position_only,657077,Alex Verdugo,LF,-0.6414576010268973,-0.7861915044463339
primary,arm,position_only,657757,Gavin Sheets,LF,1.2922565475564758,-0.8910652721477597
primary,arm,position_only,660670,Ronald Acuña Jr.,RF,1.1798816140276314,-0.10056445227827937
primary,arm,position_only,660821,Jesús Sánchez,RF,1.0580654957276394,-0.05756021163544012
primary,arm,position_only,662139,Daulton Varsho,CF,-1.757961029988357,0.4198490435207064
primary,arm,position_only,663457,Lars Nootbaar,LF,-2.8965229750583656,-0.12511467659952258
primary,arm,position_only,663616,Trevor Larnach,RF,-2.65356450862029,-0.18856500627232187
primary,arm,position_only,663656,Kyle Tucker,RF,2.049856492631077,-0.12110431806471167
primary,arm,position_only,663757,Trent Grisham,CF,-1.4324983890233218,0.525357736588143
primary,arm,position_only,664023,Ian Happ,LF,0.5428484766547604,-0.32859768658342503
primary,arm,position_only,664702,Myles Straw,CF,0.03546860408964611,0.3935767285222707
primary,arm,position_only,664728,Kyle Isbel,CF,-0.5482903215002092,0.530085070618088
primary,arm,position_only,665487,Fernando Tatis Jr.,RF,2.068462681764043,0.025403888279851072
primary,arm,position_only,665742,Juan Soto,RF,-2.0554635184924863,0.3966300000214659
primary,arm,position_only,665833,Oneil Cruz,CF,3.80747216804713,0.4642463968595225
primary,arm,position_only,666134,Nolan Jones,RF,3.8729823530397134,-0.21204655632459235
primary,arm,position_only,666139,Josh Lowe,RF,-1.7429419368804109,-0.06816453147962215
primary,arm,position_only,666158,Gavin Lux,LF,3.0390916504963e-4,-0.8309219498979862
primary,arm,position_only,666185,Dylan Carlson,LF,0.01472747703655152,-0.6941939552279492
primary,arm,position_only,666624,Christopher Morel,LF,-1.3918179209059698,-0.7143383231414202
primary,arm,position_only,666969,Adolis García,RF,1.1197200706829331,-4.776058620400425e-4
primary,arm,position_only,666971,Lourdes Gurriel Jr.,LF,0.41072361980023625,-0.37848148687856664
primary,arm,position_only,667472,Dane Myers,CF,-0.8418758207522142,0.5355516284206612
primary,arm,position_only,668227,Randy Arozarena,LF,-2.0790715056740408,-0.09789522271652651
primary,arm,position_only,668709,JJ Bleday,CF,1.0126045737285507,0.4011663328154761
primary,arm,position_only,668804,Bryan Reynolds,RF,-2.069397318078966,0.05335261496773558
primary,arm,position_only,668885,Austin Martin,LF,-0.01572468570430395,-0.832277623386078
primary,arm,position_only,669016,Brandon Marsh,CF,0.31710187701797105,0.6271379072674139
primary,arm,position_only,669065,Kyle Stowers,LF,2.0180535235053756,-0.5780523385375608
primary,arm,position_only,669326,Bryce Teodosio,CF,0.24022242948825295,0.25896216479719786
primary,arm,position_only,669720,Austin Hays,LF,-0.4204643210044666,-0.7474903593218868
primary,arm,position_only,670224,Kameron Misner,CF,1.6127277239481357,0.17754996917110633
primary,arm,position_only,670242,Matt Wallner,RF,1.1556046390933497,-0.12418695140065872
primary,arm,position_only,670770,TJ Friedl,CF,-1.125652275116681,0.6651040410191574
primary,arm,position_only,671218,Heliot Ramos,LF,-2.852264117949154,0.006814493555337808
primary,arm,position_only,671289,Tyler Freeman,RF,0.37899715749436674,-0.2030447803520895
primary,arm,position_only,671732,Lawrence Butler,RF,-1.902911308551653,0.09802895159124647
primary,arm,position_only,671739,Michael Harris II,CF,-0.9876726709145612,0.8100451996849969
primary,arm,position_only,672016,Denzel Clarke,CF,-0.4975823975302214,0.30492999463834886
primary,arm,position_only,672761,Wenceel Pérez,RF,0.874762636324407,-0.042320065163235276
primary,arm,position_only,673357,Luis Robert Jr.,CF,0.6909152403243717,0.4753962775180313
primary,arm,position_only,673548,Seiya Suzuki,RF,-0.6890459802663226,-0.2869846139114951
primary,arm,position_only,676694,Jake Meyers,CF,-0.8234849465069446,0.4071528903566891
primary,arm,position_only,677594,Julio Rodríguez,CF,0.8319043325567982,0.6987015685586219
primary,arm,position_only,677800,Wilyer Abreu,RF,1.4368238353644978,-0.1975787883425737
primary,arm,position_only,677950,Alek Thomas,CF,0.02656015185094707,0.6462468806462952
primary,arm,position_only,678882,Ceddanne Rafaela,CF,2.2587024372292106,0.5931244208367061
primary,arm,position_only,680718,Addison Barger,RF,3.94320411359214,-0.4931123348787001
primary,arm,position_only,680757,Steven Kwan,LF,6.790884884520767,-0.6193795645497385
primary,arm,position_only,680776,Jarren Duran,LF,3.64684485830116,-0.4264338369217848
primary,arm,position_only,681481,Kerry Carpenter,RF,-0.5665430102449543,-0.18003626349779273
primary,arm,position_only,681624,Andy Pages,CF,3.0784142474100085,0.6050809127595171
primary,arm,position_only,682622,Noelvi Marte,RF,0.9944570487786196,-0.321392480808151
primary,arm,position_only,682641,Luis Matos,RF,-0.535526893459448,-0.27354868771566004
primary,arm,position_only,682657,Angel Martínez,CF,0.4419789022372485,0.41728626111276396
primary,arm,position_only,682985,Riley Greene,LF,-3.710555132428767,-0.18710440605822953
primary,arm,position_only,682998,Corbin Carroll,RF,-2.626904589820516,0.36599796910736465
primary,arm,position_only,686217,Sal Frelick,RF,1.120727573310276,-0.021114833184103676
primary,arm,position_only,686527,Dominic Canzone,RF,-2.1685577148189843,-0.1665394397025356
primary,arm,position_only,686555,Isaac Collins,LF,-2.3026726170174268,-0.4841638833729251
primary,arm,position_only,686611,Dylan Crews,RF,-1.7328196929618065,0.029495274196331578
primary,arm,position_only,686668,Brenton Doyle,CF,5.092036285918088,0.5239598108810424
primary,arm,position_only,687363,Victor Scott II,CF,-3.1357383113379647,0.7808974031220475
primary,arm,position_only,687597,Jordan Beck,LF,1.155567072838218,-0.3153072723061461
primary,arm,position_only,690987,Robert Hassell III,CF,0.5614899581726053,0.2561339939552492
primary,arm,position_only,691016,Tyler Soderstrom,LF,-1.5081317433325103,-0.473426676671552
primary,arm,position_only,691023,Jordan Walker,RF,-2.5154327582345086,0.14999825148710577
primary,arm,position_only,691176,Jasson Domínguez,LF,-0.8547502290328867,-0.5647097520781291
primary,arm,position_only,691718,Pete Crow-Armstrong,CF,2.5085929766777535,0.6288444330188923
primary,arm,position_only,694192,Jackson Chourio,CF,-1.248463846581786,0.7144983824394788
primary,arm,position_only,694671,Wyatt Langford,LF,0.448713777369651,-0.40352864137033906
primary,arm,position_only,695506,Jac Caglianone,RF,-0.6001541553280275,-0.296868176952453
primary,arm,position_only,695578,James Wood,LF,0.08169507460643674,-0.4339789405758573
primary,arm,position_only,695734,Daylen Lile,RF,-2.5341406617277435,-0.019555937527899414
primary,arm,position_only,696285,Jacob Young,CF,1.8164990036521376,0.45344897611940316
primary,arm,position_only,701358,Cam Smith,RF,-0.35894770017858596,-9.298779269180102e-4
primary,arm,position_only,701538,Jackson Merrill,CF,2.6648216021736344,0.4490151138781592
primary,arm,position_only,805300,Jakob Marsee,CF,-0.6424612826953974,0.32195332569992546
primary,arm,position_only,808982,Jung Hoo Lee,CF,2.427216286187558,0.6405181832229593
primary,arm,no_position,502054,Tommy Pham,LF,-1.171167899055583,-0.2674201526221645
primary,arm,no_position,543807,George Springer,RF,-2.588107061546566,-0.8441504420637868
primary,arm,no_position,573262,Mike Yastrzemski,RF,4.558942932422652,-0.03603733916356155
primary,arm,no_position,592206,Nick Castellanos,RF,-1.5426271239484215,-1.3535836803238206
primary,arm,no_position,592450,Aaron Judge,RF,2.2808366216085663,0.18590418448797877
primary,arm,no_position,595777,Jurickson Profar,LF,-2.213223359833487,-0.9749545051836838
primary,arm,no_position,596146,Max Kepler,LF,-1.3472028936192504,-0.9569836114462699
primary,arm,no_position,606192,Teoscar Hernández,RF,-0.8419174315230058,-0.3378053747157348
primary,arm,no_position,607043,Brandon Nimmo,LF,-0.106130228114432,-0.7004779030691064
primary,arm,no_position,621438,Tyrone Taylor,CF,4.971724418396483,0.07456531189094237
primary,arm,no_position,621439,Byron Buxton,CF,-0.4418317589943382,0.19371896005908448
primary,arm,no_position,621493,Taylor Ward,LF,-2.227229009385241,-0.20734359031091973
primary,arm,no_position,624424,Michael Conforto,LF,-1.1316390801068077,-0.30372457659779606
primary,arm,no_position,641584,Jake Fraley,RF,-1.7735897761757091,0.17423135458144123
primary,arm,no_position,641933,Tyler O'Neill,RF,-1.4540820160712462,0.4465625076724498
primary,arm,no_position,642201,Eli White,RF,1.4882608106309727,-0.023011885553722574
primary,arm,no_position,643217,Andrew Benintendi,LF,-2.919123780075372,-1.4302499947699567
primary,arm,no_position,643565,Mike Tauchman,RF,-0.17766717753047778,-1.1589844854264366
primary,arm,no_position,656775,Cedric Mullins,CF,-4.388636968516528,-0.8514905468804203
primary,arm,no_position,657077,Alex Verdugo,LF,-0.6414576010268973,0.26097475941435294
primary,arm,no_position,657757,Gavin Sheets,LF,1.2922565475564758,-0.8954548454541311
primary,arm,no_position,660670,Ronald Acuña Jr.,RF,1.1798816140276314,1.4228213134786158
primary,arm,no_position,660821,Jesús Sánchez,RF,1.0580654957276394,0.1797157412285862
primary,arm,no_position,662139,Daulton Varsho,CF,-1.757961029988357,-4.042271586233865
primary,arm,no_position,663457,Lars Nootbaar,LF,-2.8965229750583656,0.6708802709524141
primary,arm,no_position,663616,Trevor Larnach,RF,-2.65356450862029,-1.2512260616463533
primary,arm,no_position,663656,Kyle Tucker,RF,2.049856492631077,-0.6781194052450231
primary,arm,no_position,663757,Trent Grisham,CF,-1.4324983890233218,-0.8727351260828706
primary,arm,no_position,664023,Ian Happ,LF,0.5428484766547604,-0.56751288786485
primary,arm,no_position,664702,Myles Straw,CF,0.03546860408964611,-1.3155404405282654
primary,arm,no_position,664728,Kyle Isbel,CF,-0.5482903215002092,-1.2102191150833965
primary,arm,no_position,665487,Fernando Tatis Jr.,RF,2.068462681764043,1.920961370278347
primary,arm,no_position,665742,Juan Soto,RF,-2.0554635184924863,0.0650162060632201
primary,arm,no_position,665833,Oneil Cruz,CF,3.80747216804713,2.326561112668701
primary,arm,no_position,666134,Nolan Jones,RF,3.8729823530397134,1.5567934440667648
primary,arm,no_position,666139,Josh Lowe,RF,-1.7429419368804109,-0.5950647177511027
primary,arm,no_position,666158,Gavin Lux,LF,3.0390916504963e-4,-0.6635452311496172
primary,arm,no_position,666185,Dylan Carlson,LF,0.01472747703655152,-1.3654070280901882
primary,arm,no_position,666624,Christopher Morel,LF,-1.3918179209059698,0.6815226930771617
primary,arm,no_position,666969,Adolis García,RF,1.1197200706829331,0.9770471938768123
primary,arm,no_position,666971,Lourdes Gurriel Jr.,LF,0.41072361980023625,-0.4614682735198103
primary,arm,no_position,667472,Dane Myers,CF,-0.8418758207522142,1.2968538286453417
primary,arm,no_position,668227,Randy Arozarena,LF,-2.0790715056740408,-1.075239780837737
primary,arm,no_position,668709,JJ Bleday,CF,1.0126045737285507,0.06988571774963043
primary,arm,no_position,668804,Bryan Reynolds,RF,-2.069397318078966,-0.2185912970305401
primary,arm,no_position,668885,Austin Martin,LF,-0.01572468570430395,-1.163713660930265
primary,arm,no_position,669016,Brandon Marsh,CF,0.31710187701797105,0.23987788209254166
primary,arm,no_position,669065,Kyle Stowers,LF,2.0180535235053756,0.6811846602192076
primary,arm,no_position,669326,Bryce Teodosio,CF,0.24022242948825295,-0.24154640534076008
primary,arm,no_position,669720,Austin Hays,LF,-0.4204643210044666,0.41106075286086785
primary,arm,no_position,670224,Kameron Misner,CF,1.6127277239481357,-0.07060817763746413
primary,arm,no_position,670242,Matt Wallner,RF,1.1556046390933497,1.8161925170249917
primary,arm,no_position,670770,TJ Friedl,CF,-1.125652275116681,-1.0995433376621677
primary,arm,no_position,671218,Heliot Ramos,LF,-2.852264117949154,0.027801930725817214
primary,arm,no_position,671289,Tyler Freeman,RF,0.37899715749436674,0.7953596033984348
primary,arm,no_position,671732,Lawrence Butler,RF,-1.902911308551653,-0.3048209022919159
primary,arm,no_position,671739,Michael Harris II,CF,-0.9876726709145612,0.39512912816286533
primary,arm,no_position,672016,Denzel Clarke,CF,-0.4975823975302214,-0.7749871247974863
primary,arm,no_position,672761,Wenceel Pérez,RF,0.874762636324407,0.12312047467055144
primary,arm,no_position,673357,Luis Robert Jr.,CF,0.6909152403243717,-0.9098089865713428
primary,arm,no_position,673548,Seiya Suzuki,RF,-0.6890459802663226,0.23553002047425217
primary,arm,no_position,676694,Jake Meyers,CF,-0.8234849465069446,-2.7377073578091444
primary,arm,no_position,677594,Julio Rodríguez,CF,0.8319043325567982,1.2952510553323173
primary,arm,no_position,677800,Wilyer Abreu,RF,1.4368238353644978,1.2738619731916778
primary,arm,no_position,677950,Alek Thomas,CF,0.02656015185094707,-1.1055002145765207
primary,arm,no_position,678882,Ceddanne Rafaela,CF,2.2587024372292106,1.3752112017378144
primary,arm,no_position,680718,Addison Barger,RF,3.94320411359214,1.4587393310871475
primary,arm,no_position,680757,Steven Kwan,LF,6.790884884520767,-0.20328882765957687
primary,arm,no_position,680776,Jarren Duran,LF,3.64684485830116,0.09524922755305336
primary,arm,no_position,681481,Kerry Carpenter,RF,-0.5665430102449543,-0.35515147502818667
primary,arm,no_position,681624,Andy Pages,CF,3.0784142474100085,1.6503341038186823
primary,arm,no_position,682622,Noelvi Marte,RF,0.9944570487786196,0.6130600961007542
primary,arm,no_position,682641,Luis Matos,RF,-0.535526893459448,0.7763219362468692
primary,arm,no_position,682657,Angel Martínez,CF,0.4419789022372485,1.0889896628463929
primary,arm,no_position,682985,Riley Greene,LF,-3.710555132428767,-0.7018981334550496
primary,arm,no_position,682998,Corbin Carroll,RF,-2.626904589820516,-0.10587611600151138
primary,arm,no_position,686217,Sal Frelick,RF,1.120727573310276,-0.2972560113809411
primary,arm,no_position,686527,Dominic Canzone,RF,-2.1685577148189843,0.5548857812851047
primary,arm,no_position,686555,Isaac Collins,LF,-2.3026726170174268,-0.7762268420204768
primary,arm,no_position,686611,Dylan Crews,RF,-1.7328196929618065,-0.3098076140427896
primary,arm,no_position,686668,Brenton Doyle,CF,5.092036285918088,1.5358298813970772
primary,arm,no_position,687363,Victor Scott II,CF,-3.1357383113379647,-0.08566519782435864
primary,arm,no_position,687597,Jordan Beck,LF,1.155567072838218,0.03803971465745734
primary,arm,no_position,690987,Robert Hassell III,CF,0.5614899581726053,-0.3046649293958194
primary,arm,no_position,691016,Tyler Soderstrom,LF,-1.5081317433325103,0.6320688947825531
primary,arm,no_position,691023,Jordan Walker,RF,-2.5154327582345086,1.459015739500288
primary,arm,no_position,691176,Jasson Domínguez,LF,-0.8547502290328867,0.806512261534272
primary,arm,no_position,691718,Pete Crow-Armstrong,CF,2.5085929766777535,1.1718288766496128
primary,arm,no_position,694192,Jackson Chourio,CF,-1.248463846581786,-0.06172905892367028
primary,arm,no_position,694671,Wyatt Langford,LF,0.448713777369651,-0.3945401203290305
primary,arm,no_position,695506,Jac Caglianone,RF,-0.6001541553280275,1.449591682757153
primary,arm,no_position,695578,James Wood,LF,0.08169507460643674,-0.41959404468227424
primary,arm,no_position,695734,Daylen Lile,RF,-2.5341406617277435,-0.8785397206775813
primary,arm,no_position,696285,Jacob Young,CF,1.8164990036521376,0.042221418472051714
primary,arm,no_position,701358,Cam Smith,RF,-0.35894770017858596,0.6724425080882281
primary,arm,no_position,701538,Jackson Merrill,CF,2.6648216021736344,1.2104983277585037
primary,arm,no_position,805300,Jakob Marsee,CF,-0.6424612826953974,-0.3408798908782647
primary,arm,no_position,808982,Jung Hoo Lee,CF,2.427216286187558,0.9720165640611792
primary,arm,common_slope,502054,Tommy Pham,LF,-1.171167899055583,-0.39356047117253307
primary,arm,common_slope,543807,George Springer,RF,-2.588107061546566,-1.172958861377058
primary,arm,common_slope,573262,Mike Yastrzemski,RF,4.558942932422652,-0.5419218133077293
primary,arm,common_slope,592206,Nick Castellanos,RF,-1.5426271239484215,-1.7870444604664437
primary,arm,common_slope,592450,Aaron Judge,RF,2.2808366216085663,-0.18790704920557064
primary,arm,common_slope,595777,Jurickson Profar,LF,-2.213223359833487,-1.0884097344661106
primary,arm,common_slope,596146,Max Kepler,LF,-1.3472028936192504,-1.1141835600528365
primary,arm,common_slope,606192,Teoscar Hernández,RF,-0.8419174315230058,-0.7141761391045226
primary,arm,common_slope,607043,Brandon Nimmo,LF,-0.106130228114432,-0.894421430040639
primary,arm,common_slope,621438,Tyrone Taylor,CF,4.971724418396483,0.5161698457655991
primary,arm,common_slope,621439,Byron Buxton,CF,-0.4418317589943382,0.7364955167917745
primary,arm,common_slope,621493,Taylor Ward,LF,-2.227229009385241,-0.3951729595528974
primary,arm,common_slope,624424,Michael Conforto,LF,-1.1316390801068077,-0.4211259725288369
primary,arm,common_slope,641584,Jake Fraley,RF,-1.7735897761757091,-0.1342193057781318
primary,arm,common_slope,641933,Tyler O'Neill,RF,-1.4540820160712462,0.1437879088586632
primary,arm,common_slope,642201,Eli White,RF,1.4882608106309727,-0.38026444231644724
primary,arm,common_slope,643217,Andrew Benintendi,LF,-2.919123780075372,-1.547857992019602
primary,arm,common_slope,643565,Mike Tauchman,RF,-0.17766717753047778,-1.5575275254705296
primary,arm,common_slope,656775,Cedric Mullins,CF,-4.388636968516528,-0.2609678466806958
primary,arm,common_slope,657077,Alex Verdugo,LF,-0.6414576010268973,0.2167983351978671
primary,arm,common_slope,657757,Gavin Sheets,LF,1.2922565475564758,-1.08861313984877
primary,arm,common_slope,660670,Ronald Acuña Jr.,RF,1.1798816140276314,1.0970465652166346
primary,arm,common_slope,660821,Jesús Sánchez,RF,1.0580654957276394,-0.19689858236844732
primary,arm,common_slope,662139,Daulton Varsho,CF,-1.757961029988357,-3.5604222935605425
primary,arm,common_slope,663457,Lars Nootbaar,LF,-2.8965229750583656,0.5886593002453727
primary,arm,common_slope,663616,Trevor Larnach,RF,-2.65356450862029,-1.595723594991358
primary,arm,common_slope,663656,Kyle Tucker,RF,2.049856492631077,-1.1208552744621856
primary,arm,common_slope,663757,Trent Grisham,CF,-1.4324983890233218,-0.3354630785610865
primary,arm,common_slope,664023,Ian Happ,LF,0.5428484766547604,-0.7599516837681108
primary,arm,common_slope,664702,Myles Straw,CF,0.03546860408964611,-0.8120673683990522
primary,arm,common_slope,664728,Kyle Isbel,CF,-0.5482903215002092,-0.7097724886574164
primary,arm,common_slope,665487,Fernando Tatis Jr.,RF,2.068462681764043,1.5688676497080434
primary,arm,common_slope,665742,Juan Soto,RF,-2.0554635184924863,-0.28151142407999874
primary,arm,common_slope,665833,Oneil Cruz,CF,3.80747216804713,2.9145630879208526
primary,arm,common_slope,666134,Nolan Jones,RF,3.8729823530397134,1.2162486810603126
primary,arm,common_slope,666139,Josh Lowe,RF,-1.7429419368804109,-0.9405747033166204
primary,arm,common_slope,666158,Gavin Lux,LF,3.0390916504963e-4,-0.7989764786404621
primary,arm,common_slope,666185,Dylan Carlson,LF,0.01472747703655152,-1.5421206144007777
primary,arm,common_slope,666624,Christopher Morel,LF,-1.3918179209059698,0.7091565594298992
primary,arm,common_slope,666969,Adolis García,RF,1.1197200706829331,0.6222580162650748
primary,arm,common_slope,666971,Lourdes Gurriel Jr.,LF,0.41072361980023625,-0.6406982283498033
primary,arm,common_slope,667472,Dane Myers,CF,-0.8418758207522142,1.9270562069287833
primary,arm,common_slope,668227,Randy Arozarena,LF,-2.0790715056740408,-1.2747150115034558
primary,arm,common_slope,668709,JJ Bleday,CF,1.0126045737285507,0.6009566575893498
primary,arm,common_slope,668804,Bryan Reynolds,RF,-2.069397318078966,-0.5513244668531965
primary,arm,common_slope,668885,Austin Martin,LF,-0.01572468570430395,-1.3243587955352438
primary,arm,common_slope,669016,Brandon Marsh,CF,0.31710187701797105,0.7657605547980534
primary,arm,common_slope,669065,Kyle Stowers,LF,2.0180535235053756,0.520242850525249
primary,arm,common_slope,669326,Bryce Teodosio,CF,0.24022242948825295,0.3270341895884403
primary,arm,common_slope,669720,Austin Hays,LF,-0.4204643210044666,0.35924298180906367
primary,arm,common_slope,670224,Kameron Misner,CF,1.6127277239481357,0.47495658059875867
primary,arm,common_slope,670242,Matt Wallner,RF,1.1556046390933497,1.502570713429586
primary,arm,common_slope,670770,TJ Friedl,CF,-1.125652275116681,-0.5950170984204506
primary,arm,common_slope,671218,Heliot Ramos,LF,-2.852264117949154,-0.1214710924111682
primary,arm,common_slope,671289,Tyler Freeman,RF,0.37899715749436674,0.47568547477086487
primary,arm,common_slope,671732,Lawrence Butler,RF,-1.902911308551653,-0.6490316025968188
primary,arm,common_slope,671739,Michael Harris II,CF,-0.9876726709145612,0.9475902077186538
primary,arm,common_slope,672016,Denzel Clarke,CF,-0.4975823975302214,-0.21449969880082925
primary,arm,common_slope,672761,Wenceel Pérez,RF,0.874762636324407,-0.254924281436159
primary,arm,common_slope,673357,Luis Robert Jr.,CF,0.6909152403243717,-0.4238013662975374
primary,arm,common_slope,673548,Seiya Suzuki,RF,-0.6890459802663226,-0.0791249027530354
primary,arm,common_slope,676694,Jake Meyers,CF,-0.8234849465069446,-2.253904183079046
primary,arm,common_slope,677594,Julio Rodríguez,CF,0.8319043325567982,1.8585017095951142
primary,arm,common_slope,677800,Wilyer Abreu,RF,1.4368238353644978,0.9533306858291546
primary,arm,common_slope,677950,Alek Thomas,CF,0.02656015185094707,-0.6315482527286185
primary,arm,common_slope,678882,Ceddanne Rafaela,CF,2.2587024372292106,1.918173137071246
primary,arm,common_slope,680718,Addison Barger,RF,3.94320411359214,1.1464655464088715
primary,arm,common_slope,680757,Steven Kwan,LF,6.790884884520767,-0.48786782145918794
primary,arm,common_slope,680776,Jarren Duran,LF,3.64684485830116,-0.13743000070722572
primary,arm,common_slope,681481,Kerry Carpenter,RF,-0.5665430102449543,-0.7027882314821886
primary,arm,common_slope,681624,Andy Pages,CF,3.0784142474100085,2.1885167916575865
primary,arm,common_slope,682622,Noelvi Marte,RF,0.9944570487786196,0.2919679223847901
primary,arm,common_slope,682641,Luis Matos,RF,-0.535526893459448,0.47300893465705074
primary,arm,common_slope,682657,Angel Martínez,CF,0.4419789022372485,1.6914742653012806
primary,arm,common_slope,682985,Riley Greene,LF,-3.710555132428767,-0.8364795520813878
primary,arm,common_slope,682998,Corbin Carroll,RF,-2.626904589820516,-0.4360815861951598
primary,arm,common_slope,686217,Sal Frelick,RF,1.120727573310276,-0.7119231027297473
primary,arm,common_slope,686527,Dominic Canzone,RF,-2.1685577148189843,0.25841294674169873
primary,arm,common_slope,686555,Isaac Collins,LF,-2.3026726170174268,-0.8845583071528372
primary,arm,common_slope,686611,Dylan Crews,RF,-1.7328196929618065,-0.6526188752007875
primary,arm,common_slope,686668,Brenton Doyle,CF,5.092036285918088,2.022296550282961
primary,arm,common_slope,687363,Victor Scott II,CF,-3.1357383113379647,0.4995316393795553
primary,arm,common_slope,687597,Jordan Beck,LF,1.155567072838218,-0.14967051556310665
primary,arm,common_slope,690987,Robert Hassell III,CF,0.5614899581726053,0.2501948970261225
primary,arm,common_slope,691016,Tyler Soderstrom,LF,-1.5081317433325103,0.588790398157396
primary,arm,common_slope,691023,Jordan Walker,RF,-2.5154327582345086,1.168707870252493
primary,arm,common_slope,691176,Jasson Domínguez,LF,-0.8547502290328867,0.7708997125541451
primary,arm,common_slope,691718,Pete Crow-Armstrong,CF,2.5085929766777535,1.691820579799161
primary,arm,common_slope,694192,Jackson Chourio,CF,-1.248463846581786,0.48208349255583066
primary,arm,common_slope,694671,Wyatt Langford,LF,0.448713777369651,-0.568949801721966
primary,arm,common_slope,695506,Jac Caglianone,RF,-0.6001541553280275,1.1620184733971013
primary,arm,common_slope,695578,James Wood,LF,0.08169507460643674,-0.5826230349146015
primary,arm,common_slope,695734,Daylen Lile,RF,-2.5341406617277435,-1.2214016922220876
primary,arm,common_slope,696285,Jacob Young,CF,1.8164990036521376,0.5423789231464846
primary,arm,common_slope,701358,Cam Smith,RF,-0.35894770017858596,0.3380433815890034
primary,arm,common_slope,701538,Jackson Merrill,CF,2.6648216021736344,1.7518489236731296
primary,arm,common_slope,805300,Jakob Marsee,CF,-0.6424612826953974,0.23938306374066395
primary,arm,common_slope,808982,Jung Hoo Lee,CF,2.427216286187558,1.4811327018273877
primary,arm,position_slopes,502054,Tommy Pham,LF,-1.171167899055583,-0.4024318023488053
primary,arm,position_slopes,543807,George Springer,RF,-2.588107061546566,-1.1659891505945321
primary,arm,position_slopes,573262,Mike Yastrzemski,RF,4.558942932422652,-0.6198895042629365
primary,arm,position_slopes,592206,Nick Castellanos,RF,-1.5426271239484215,-1.980087535931304
primary,arm,position_slopes,592450,Aaron Judge,RF,2.2808366216085663,-0.18076686409795722
primary,arm,position_slopes,595777,Jurickson Profar,LF,-2.213223359833487,-0.8621905708671685
primary,arm,position_slopes,596146,Max Kepler,LF,-1.3472028936192504,-0.8751124187556729
primary,arm,position_slopes,606192,Teoscar Hernández,RF,-0.8419174315230058,-0.7887890731774995
primary,arm,position_slopes,607043,Brandon Nimmo,LF,-0.106130228114432,-0.7259861643474195
primary,arm,position_slopes,621438,Tyrone Taylor,CF,4.971724418396483,0.5323353713941257
primary,arm,position_slopes,621439,Byron Buxton,CF,-0.4418317589943382,0.7290797719370178
primary,arm,position_slopes,621493,Taylor Ward,LF,-2.227229009385241,-0.255886112070298
primary,arm,position_slopes,624424,Michael Conforto,LF,-1.1316390801068077,-0.4361088173231715
primary,arm,position_slopes,641584,Jake Fraley,RF,-1.7735897761757091,-0.10164251738807512
primary,arm,position_slopes,641933,Tyler O'Neill,RF,-1.4540820160712462,0.20586278547228093
primary,arm,position_slopes,642201,Eli White,RF,1.4882608106309727,-0.36746937675206226
primary,arm,position_slopes,643217,Andrew Benintendi,LF,-2.919123780075372,-1.0534126501250662
primary,arm,position_slopes,643565,Mike Tauchman,RF,-0.17766717753047778,-1.6865533876789625
primary,arm,position_slopes,656775,Cedric Mullins,CF,-4.388636968516528,-0.2509607090345813
primary,arm,position_slopes,657077,Alex Verdugo,LF,-0.6414576010268973,-0.04192522261876277
primary,arm,position_slopes,657757,Gavin Sheets,LF,1.2922565475564758,-1.0151577956529596
primary,arm,position_slopes,660670,Ronald Acuña Jr.,RF,1.1798816140276314,1.165797757091059
primary,arm,position_slopes,660821,Jesús Sánchez,RF,1.0580654957276394,-0.21778170319921425
primary,arm,position_slopes,662139,Daulton Varsho,CF,-1.757961029988357,-4.06274339291615
primary,arm,position_slopes,663457,Lars Nootbaar,LF,-2.8965229750583656,0.4756227142949843
primary,arm,position_slopes,663616,Trevor Larnach,RF,-2.65356450862029,-1.599806136381229
primary,arm,position_slopes,663656,Kyle Tucker,RF,2.049856492631077,-1.2471927545431574
primary,arm,position_slopes,663757,Trent Grisham,CF,-1.4324983890233218,-0.36205638631734965
primary,arm,position_slopes,664023,Ian Happ,LF,0.5428484766547604,-0.6504631107453721
primary,arm,position_slopes,664702,Myles Straw,CF,0.03546860408964611,-0.8562011156469976
primary,arm,position_slopes,664728,Kyle Isbel,CF,-0.5482903215002092,-0.771247639480458
primary,arm,position_slopes,665487,Fernando Tatis Jr.,RF,2.068462681764043,1.602766388008763
primary,arm,position_slopes,665742,Juan Soto,RF,-2.0554635184924863,-0.3688593466670242
primary,arm,position_slopes,665833,Oneil Cruz,CF,3.80747216804713,2.978476685036802
primary,arm,position_slopes,666134,Nolan Jones,RF,3.8729823530397134,1.187703929642327
primary,arm,position_slopes,666139,Josh Lowe,RF,-1.7429419368804109,-0.9794250821218895
primary,arm,position_slopes,666158,Gavin Lux,LF,3.0390916504963e-4,-0.7806159542960074
primary,arm,position_slopes,666185,Dylan Carlson,LF,0.01472747703655152,-1.3258404875120091
primary,arm,position_slopes,666624,Christopher Morel,LF,-1.3918179209059698,0.4856496359575227
primary,arm,position_slopes,666969,Adolis García,RF,1.1197200706829331,0.6328858525004221
primary,arm,position_slopes,666971,Lourdes Gurriel Jr.,LF,0.41072361980023625,-0.5714725876937081
primary,arm,position_slopes,667472,Dane Myers,CF,-0.8418758207522142,2.061621501956206
primary,arm,position_slopes,668227,Randy Arozarena,LF,-2.0790715056740408,-0.8171916917160212
primary,arm,position_slopes,668709,JJ Bleday,CF,1.0126045737285507,0.6258685213932937
primary,arm,position_slopes,668804,Bryan Reynolds,RF,-2.069397318078966,-0.5937692547491266
primary,arm,position_slopes,668885,Austin Martin,LF,-0.01572468570430395,-1.1659117454533912
primary,arm,position_slopes,669016,Brandon Marsh,CF,0.31710187701797105,0.7557362129413584
primary,arm,position_slopes,669065,Kyle Stowers,LF,2.0180535235053756,0.0013877015287095673
primary,arm,position_slopes,669326,Bryce Teodosio,CF,0.24022242948825295,0.37527514507053544
primary,arm,position_slopes,669720,Austin Hays,LF,-0.4204643210044666,0.06275545797622477
primary,arm,position_slopes,670224,Kameron Misner,CF,1.6127277239481357,0.5255397139727144
primary,arm,position_slopes,670242,Matt Wallner,RF,1.1556046390933497,1.6289265555655819
primary,arm,position_slopes,670770,TJ Friedl,CF,-1.125652275116681,-0.6618700868842
primary,arm,position_slopes,671218,Heliot Ramos,LF,-2.852264117949154,-0.10327147508613119
primary,arm,position_slopes,671289,Tyler Freeman,RF,0.37899715749436674,0.5339261674746729
primary,arm,position_slopes,671732,Lawrence Butler,RF,-1.902911308551653,-0.7055964142197564
primary,arm,position_slopes,671739,Michael Harris II,CF,-0.9876726709145612,0.9206763864173673
primary,arm,position_slopes,672016,Denzel Clarke,CF,-0.4975823975302214,-0.19610960916049364
primary,arm,position_slopes,672761,Wenceel Pérez,RF,0.874762636324407,-0.28241013385670244
primary,arm,position_slopes,673357,Luis Robert Jr.,CF,0.6909152403243717,-0.470582471252452
primary,arm,position_slopes,673548,Seiya Suzuki,RF,-0.6890459802663226,-0.029720989512289697
primary,arm,position_slopes,676694,Jake Meyers,CF,-0.8234849465069446,-2.456756594789706
primary,arm,position_slopes,677594,Julio Rodríguez,CF,0.8319043325567982,1.889677460992192
primary,arm,position_slopes,677800,Wilyer Abreu,RF,1.4368238353644978,1.0239228194809853
primary,arm,position_slopes,677950,Alek Thomas,CF,0.02656015185094707,-0.7318932378971614
primary,arm,position_slopes,678882,Ceddanne Rafaela,CF,2.2587024372292106,1.9564558163020591
primary,arm,position_slopes,680718,Addison Barger,RF,3.94320411359214,1.1405024325466233
primary,arm,position_slopes,680757,Steven Kwan,LF,6.790884884520767,-0.5726059075300306
primary,arm,position_slopes,680776,Jarren Duran,LF,3.64684485830116,-0.3108900197261472
primary,arm,position_slopes,681481,Kerry Carpenter,RF,-0.5665430102449543,-0.7195633624440034
primary,arm,position_slopes,681624,Andy Pages,CF,3.0784142474100085,2.220086452643362
primary,arm,position_slopes,682622,Noelvi Marte,RF,0.9944570487786196,0.35599121516833726
primary,arm,position_slopes,682641,Luis Matos,RF,-0.535526893459448,0.5609289253827673
primary,arm,position_slopes,682657,Angel Martínez,CF,0.4419789022372485,1.8031211318758205
primary,arm,position_slopes,682985,Riley Greene,LF,-3.710555132428767,-0.5596811498125126
primary,arm,position_slopes,682998,Corbin Carroll,RF,-2.626904589820516,-0.5148146162089499
primary,arm,position_slopes,686217,Sal Frelick,RF,1.120727573310276,-0.7881648967945194
primary,arm,position_slopes,686527,Dominic Canzone,RF,-2.1685577148189843,0.31494328991929244
primary,arm,position_slopes,686555,Isaac Collins,LF,-2.3026726170174268,-0.7281223773699891
primary,arm,position_slopes,686611,Dylan Crews,RF,-1.7328196929618065,-0.6986291031333837
primary,arm,position_slopes,686668,Brenton Doyle,CF,5.092036285918088,2.0182757905250566
primary,arm,position_slopes,687363,Victor Scott II,CF,-3.1357383113379647,0.47680511116524416
primary,arm,position_slopes,687597,Jordan Beck,LF,1.155567072838218,-0.23072514315853482
primary,arm,position_slopes,690987,Robert Hassell III,CF,0.5614899581726053,0.29092692372518913
primary,arm,position_slopes,691016,Tyler Soderstrom,LF,-1.5081317433325103,0.3865647415851469
primary,arm,position_slopes,691023,Jordan Walker,RF,-2.5154327582345086,1.2936443843887786
primary,arm,position_slopes,691176,Jasson Domínguez,LF,-0.8547502290328867,0.4990591689360971
primary,arm,position_slopes,691718,Pete Crow-Armstrong,CF,2.5085929766777535,1.7069323051276388
primary,arm,position_slopes,694192,Jackson Chourio,CF,-1.248463846581786,0.4541503618377636
primary,arm,position_slopes,694671,Wyatt Langford,LF,0.448713777369651,-0.5261067400529115
primary,arm,position_slopes,695506,Jac Caglianone,RF,-0.6001541553280275,1.358246736691868
primary,arm,position_slopes,695578,James Wood,LF,0.08169507460643674,-0.5403520709016175
primary,arm,position_slopes,695734,Daylen Lile,RF,-2.5341406617277435,-1.2599724698887433
primary,arm,position_slopes,696285,Jacob Young,CF,1.8164990036521376,0.549851889373338
primary,arm,position_slopes,701358,Cam Smith,RF,-0.35894770017858596,0.34666033629466214
primary,arm,position_slopes,701538,Jackson Merrill,CF,2.6648216021736344,1.7999471912440772
primary,arm,position_slopes,805300,Jakob Marsee,CF,-0.6424612826953974,0.27922459959608603
primary,arm,position_slopes,808982,Jung Hoo Lee,CF,2.427216286187558,1.4854470725820628
primary,attempts,position_only,502054,Tommy Pham,LF,0.37282229965156793,0.33122580645162975
primary,attempts,position_only,543807,George Springer,RF,0.36153846153846153,0.3650030807147382
primary,attempts,position_only,573262,Mike Yastrzemski,RF,0.359375,0.36517350157730066
primary,attempts,position_only,592206,Nick Castellanos,RF,0.36503067484662577,0.36494506882183464
primary,attempts,position_only,592450,Aaron Judge,RF,0.31862745098039214,0.366123616465623
primary,attempts,position_only,595777,Jurickson Profar,LF,0.3523809523809524,0.33218346748437033
primary,attempts,position_only,596146,Max Kepler,LF,0.2926829268292683,0.3341935483871114
primary,attempts,position_only,606192,Teoscar Hernández,RF,0.3724832214765101,0.36466591166479245
primary,attempts,position_only,607043,Brandon Nimmo,LF,0.3394736842105263,0.3323756040224874
primary,attempts,position_only,621438,Tyrone Taylor,CF,0.3380952380952381,0.36664926931108677
primary,attempts,position_only,621439,Byron Buxton,CF,0.4154929577464789,0.3640316205533785
primary,attempts,position_only,621493,Taylor Ward,LF,0.33406113537117904,0.3326296345164526
primary,attempts,position_only,624424,Michael Conforto,LF,0.3203125,0.333119136357817
primary,attempts,position_only,641584,Jake Fraley,RF,0.3986013986013986,0.36435448037522755
primary,attempts,position_only,641933,Tyler O'Neill,RF,0.41935483870967744,0.36411771949268396
primary,attempts,position_only,642201,Eli White,RF,0.3416149068322981,0.3654131618011005
primary,attempts,position_only,643217,Andrew Benintendi,LF,0.328042328042328,0.3328236493374331
primary,attempts,position_only,643565,Mike Tauchman,RF,0.3707865168539326,0.36481963555226266
primary,attempts,position_only,656775,Cedric Mullins,CF,0.4228187919463087,0.3636483632523932
primary,attempts,position_only,657077,Alex Verdugo,LF,0.35,0.3324491600353879
primary,attempts,position_only,657757,Gavin Sheets,LF,0.30303030303030304,0.33320683111956423
primary,attempts,position_only,660670,Ronald Acuña Jr.,RF,0.36134453781512604,0.36505557637068875
primary,attempts,position_only,660821,Jesús Sánchez,RF,0.3682170542635659,0.3648428696632159
primary,attempts,position_only,662139,Daulton Varsho,CF,0.32666666666666666,0.36664940445367156
primary,attempts,position_only,663457,Lars Nootbaar,LF,0.335978835978836,0.332549941245618
primary,attempts,position_only,663616,Trevor Larnach,RF,0.40625,0.36429715412099184
primary,attempts,position_only,663656,Kyle Tucker,RF,0.37916666666666665,0.3645221736414869
primary,attempts,position_only,663757,Trent Grisham,CF,0.3835616438356164,0.3653821032005462
primary,attempts,position_only,664023,Ian Happ,LF,0.27548209366391185,0.33541829554339875
primary,attempts,position_only,664702,Myles Straw,CF,0.3651685393258427,0.3659043659043898
primary,attempts,position_only,664728,Kyle Isbel,CF,0.3728813559322034,0.36567164179106926
primary,attempts,position_only,665487,Fernando Tatis Jr.,RF,0.3496932515337423,0.36557646167446683
primary,attempts,position_only,665742,Juan Soto,RF,0.37275064267352187,0.3645621181262868
primary,attempts,position_only,665833,Oneil Cruz,CF,0.3978102189781022,0.3647368421052852
primary,attempts,position_only,666134,Nolan Jones,RF,0.35909090909090907,0.36510903426792574
primary,attempts,position_only,666139,Josh Lowe,RF,0.3691588785046729,0.3648362594944719
primary,attempts,position_only,666158,Gavin Lux,LF,0.3884297520661157,0.33185952501264965
primary,attempts,position_only,666185,Dylan Carlson,LF,0.3089887640449438,0.3332485048988625
primary,attempts,position_only,666624,Christopher Morel,LF,0.3333333333333333,0.3327010622154996
primary,attempts,position_only,666969,Adolis García,RF,0.3044982698961938,0.3671442936148873
primary,attempts,position_only,666971,Lourdes Gurriel Jr.,LF,0.37425149700598803,0.33091003505129457
primary,attempts,position_only,667472,Dane Myers,CF,0.405982905982906,0.36465968586389524
primary,attempts,position_only,668227,Randy Arozarena,LF,0.3176178660049628,0.3335079905685323
primary,attempts,position_only,668709,JJ Bleday,CF,0.36180904522613067,0.3659934853420437
primary,attempts,position_only,668804,Bryan Reynolds,RF,0.3684210526315789,0.3648326858002388
primary,attempts,position_only,668885,Austin Martin,LF,0.375,0.33207022862197133
primary,attempts,position_only,669016,Brandon Marsh,CF,0.32094594594594594,0.3676431776194417
primary,attempts,position_only,669065,Kyle Stowers,LF,0.3333333333333333,0.33269008104981096
primary,attempts,position_only,669326,Bryce Teodosio,CF,0.3333333333333333,0.36637875467321995
primary,attempts,position_only,669720,Austin Hays,LF,0.3541666666666667,0.3323197770176313
primary,attempts,position_only,670224,Kameron Misner,CF,0.27586206896551724,0.36723382315030734
primary,attempts,position_only,670242,Matt Wallner,RF,0.34513274336283184,0.36550692106248894
primary,attempts,position_only,670770,TJ Friedl,CF,0.3896551724137931,0.3649789029536098
primary,attempts,position_only,671218,Heliot Ramos,LF,0.342042755344418,0.332195378151285
primary,attempts,position_only,671289,Tyler Freeman,RF,0.34831460674157305,0.36531548283130033
primary,attempts,position_only,671732,Lawrence Butler,RF,0.3623693379790941,0.3650414677054671
primary,attempts,position_only,671739,Michael Harris II,CF,0.36182336182336183,0.36607736275424646
primary,attempts,position_only,672016,Denzel Clarke,CF,0.42016806722689076,0.3650548033526959
primary,attempts,position_only,672761,Wenceel Pérez,RF,0.40304182509505704,0.36369330994739263
primary,attempts,position_only,673357,Luis Robert Jr.,CF,0.3930131004366812,0.3650752125572496
primary,attempts,position_only,673548,Seiya Suzuki,RF,0.3277310924369748,0.36549347772582946
primary,attempts,position_only,676694,Jake Meyers,CF,0.32934131736526945,0.3666796418840223
primary,attempts,position_only,677594,Julio Rodríguez,CF,0.34411764705882353,0.36687018847891933
primary,attempts,position_only,677800,Wilyer Abreu,RF,0.30256410256410254,0.3664596273291994
primary,attempts,position_only,677950,Alek Thomas,CF,0.42333333333333334,0.36361235806708875
primary,attempts,position_only,678882,Ceddanne Rafaela,CF,0.3575949367088608,0.36623445355916795
primary,attempts,position_only,680718,Addison Barger,RF,0.3813559322033898,0.3647102251753535
primary,attempts,position_only,680757,Steven Kwan,LF,0.3261455525606469,0.33302895903994073
primary,attempts,position_only,680776,Jarren Duran,LF,0.3248847926267281,0.33315796396161884
primary,attempts,position_only,681481,Kerry Carpenter,RF,0.3142857142857143,0.3660470879801826
primary,attempts,position_only,681624,Andy Pages,CF,0.3468208092485549,0.36676408076516775
primary,attempts,position_only,682622,Noelvi Marte,RF,0.31851851851851853,0.3657213316892826
primary,attempts,position_only,682641,Luis Matos,RF,0.34108527131782945,0.36532774765895715
primary,attempts,position_only,682657,Angel Martínez,CF,0.3553299492385787,0.36615865572491646
primary,attempts,position_only,682985,Riley Greene,LF,0.3556851311953353,0.3316870288536733
primary,attempts,position_only,682998,Corbin Carroll,RF,0.4010840108401084,0.3632554596241857
primary,attempts,position_only,686217,Sal Frelick,RF,0.3920863309352518,0.3640015062131412
primary,attempts,position_only,686527,Dominic Canzone,RF,0.37662337662337664,0.36472623903103446
primary,attempts,position_only,686555,Isaac Collins,LF,0.33620689655172414,0.3326073030109132
primary,attempts,position_only,686611,Dylan Crews,RF,0.4076923076923077,0.3635566687539242
primary,attempts,position_only,686668,Brenton Doyle,CF,0.36684782608695654,0.365840660804716
primary,attempts,position_only,687363,Victor Scott II,CF,0.36156351791530944,0.3660631690234165
primary,attempts,position_only,687597,Jordan Beck,LF,0.3324742268041237,0.3327232317950307
primary,attempts,position_only,690987,Robert Hassell III,CF,0.3790322580645161,0.36567741935486164
primary,attempts,position_only,691016,Tyler Soderstrom,LF,0.35968379446640314,0.33183453237412075
primary,attempts,position_only,691023,Jordan Walker,RF,0.3879598662207358,0.36408255726152766
primary,attempts,position_only,691176,Jasson Domínguez,LF,0.3409090909090909,0.3324804912370699
primary,attempts,position_only,691718,Pete Crow-Armstrong,CF,0.31976744186046513,0.36799468791502243
primary,attempts,position_only,694192,Jackson Chourio,CF,0.3300970873786408,0.3673496364838269
primary,attempts,position_only,694671,Wyatt Langford,LF,0.2919254658385093,0.3344134802333254
primary,attempts,position_only,695506,Jac Caglianone,RF,0.3275862068965517,0.3654816090540153
primary,attempts,position_only,695578,James Wood,LF,0.3233333333333333,0.3330748352074679
primary,attempts,position_only,695734,Daylen Lile,RF,0.4008810572687225,0.363931154901483
primary,attempts,position_only,696285,Jacob Young,CF,0.3644067796610169,0.36593349044254875
primary,attempts,position_only,701358,Cam Smith,RF,0.35471698113207545,0.3652882205513915
primary,attempts,position_only,701538,Jackson Merrill,CF,0.3562753036437247,0.36619902976270974
primary,attempts,position_only,805300,Jakob Marsee,CF,0.4032258064516129,0.3652903225806667
primary,attempts,position_only,808982,Jung Hoo Lee,CF,0.3638968481375358,0.3659800664452089
primary,attempts,no_position,502054,Tommy Pham,LF,0.37282229965156793,0.3539600473238008
primary,attempts,no_position,543807,George Springer,RF,0.36153846153846153,0.35396296101344144
primary,attempts,no_position,573262,Mike Yastrzemski,RF,0.359375,0.354362727439013
primary,attempts,no_position,592206,Nick Castellanos,RF,0.36503067484662577,0.35253620231934996
primary,attempts,no_position,592450,Aaron Judge,RF,0.31862745098039214,0.35521798207456695
primary,attempts,no_position,595777,Jurickson Profar,LF,0.3523809523809524,0.3537567764568785
primary,attempts,no_position,596146,Max Kepler,LF,0.2926829268292683,0.35517426038939326
primary,attempts,no_position,606192,Teoscar Hernández,RF,0.3724832214765101,0.3538483174545033
primary,attempts,no_position,607043,Brandon Nimmo,LF,0.3394736842105263,0.35409598679834975
primary,attempts,no_position,621438,Tyrone Taylor,CF,0.3380952380952381,0.3549355430837459
primary,attempts,no_position,621439,Byron Buxton,CF,0.4154929577464789,0.3539102185140532
primary,attempts,no_position,621493,Taylor Ward,LF,0.33406113537117904,0.35443236381263765
primary,attempts,no_position,624424,Michael Conforto,LF,0.3203125,0.354654736553163
primary,attempts,no_position,641584,Jake Fraley,RF,0.3986013986013986,0.35461585108312477
primary,attempts,no_position,641933,Tyler O'Neill,RF,0.41935483870967744,0.35468215705441625
primary,attempts,no_position,642201,Eli White,RF,0.3416149068322981,0.3548729208136393
primary,attempts,no_position,643217,Andrew Benintendi,LF,0.328042328042328,0.35390980826455193
primary,attempts,no_position,643565,Mike Tauchman,RF,0.3707865168539326,0.3534496303524588
primary,attempts,no_position,656775,Cedric Mullins,CF,0.4228187919463087,0.35170364471158194
primary,attempts,no_position,657077,Alex Verdugo,LF,0.35,0.35511721657177364
primary,attempts,no_position,657757,Gavin Sheets,LF,0.30303030303030304,0.35443491849808023
primary,attempts,no_position,660670,Ronald Acuña Jr.,RF,0.36134453781512604,0.35570000250650535
primary,attempts,no_position,660821,Jesús Sánchez,RF,0.3682170542635659,0.3545602438427071
primary,attempts,no_position,662139,Daulton Varsho,CF,0.32666666666666666,0.35366187003586175
primary,attempts,no_position,663457,Lars Nootbaar,LF,0.335978835978836,0.35507431909557857
primary,attempts,no_position,663616,Trevor Larnach,RF,0.40625,0.3530875861606822
primary,attempts,no_position,663656,Kyle Tucker,RF,0.37916666666666665,0.35365000394185936
primary,attempts,no_position,663757,Trent Grisham,CF,0.3835616438356164,0.3533735325114506
primary,attempts,no_position,664023,Ian Happ,LF,0.27548209366391185,0.3558265800792222
primary,attempts,no_position,664702,Myles Straw,CF,0.3651685393258427,0.35337070667705656
primary,attempts,no_position,664728,Kyle Isbel,CF,0.3728813559322034,0.35303861158040534
primary,attempts,no_position,665487,Fernando Tatis Jr.,RF,0.3496932515337423,0.3565503125336839
primary,attempts,no_position,665742,Juan Soto,RF,0.37275064267352187,0.3538698899847698
primary,attempts,no_position,665833,Oneil Cruz,CF,0.3978102189781022,0.35307521397525216
primary,attempts,no_position,666134,Nolan Jones,RF,0.35909090909090907,0.35602641664577095
primary,attempts,no_position,666139,Josh Lowe,RF,0.3691588785046729,0.35391303352349407
primary,attempts,no_position,666158,Gavin Lux,LF,0.3884297520661157,0.35409207560523615
primary,attempts,no_position,666185,Dylan Carlson,LF,0.3089887640449438,0.354287776526817
primary,attempts,no_position,666624,Christopher Morel,LF,0.3333333333333333,0.3556448436986237
primary,attempts,no_position,666969,Adolis García,RF,0.3044982698961938,0.3565427476018905
primary,attempts,no_position,666971,Lourdes Gurriel Jr.,LF,0.37425149700598803,0.3535442390848284
primary,attempts,no_position,667472,Dane Myers,CF,0.405982905982906,0.35430434979564657
primary,attempts,no_position,668227,Randy Arozarena,LF,0.3176178660049628,0.355308283696086
primary,attempts,no_position,668709,JJ Bleday,CF,0.36180904522613067,0.354693363898367
primary,attempts,no_position,668804,Bryan Reynolds,RF,0.3684210526315789,0.3541317201513088
primary,attempts,no_position,668885,Austin Martin,LF,0.375,0.35367420159266366
primary,attempts,no_position,669016,Brandon Marsh,CF,0.32094594594594594,0.355097899256975
primary,attempts,no_position,669065,Kyle Stowers,LF,0.3333333333333333,0.3555384914506013
primary,attempts,no_position,669326,Bryce Teodosio,CF,0.3333333333333333,0.35477538400624625
primary,attempts,no_position,669720,Austin Hays,LF,0.3541666666666667,0.35517800785268616
primary,attempts,no_position,670224,Kameron Misner,CF,0.27586206896551724,0.35530087197574883
primary,attempts,no_position,670242,Matt Wallner,RF,0.34513274336283184,0.356781445500602
primary,attempts,no_position,670770,TJ Friedl,CF,0.3896551724137931,0.35234279980677885
primary,attempts,no_position,671218,Heliot Ramos,LF,0.342042755344418,0.3543186137190156
primary,attempts,no_position,671289,Tyler Freeman,RF,0.34831460674157305,0.35556302784390187
primary,attempts,no_position,671732,Lawrence Butler,RF,0.3623693379790941,0.3540542313066763
primary,attempts,no_position,671739,Michael Harris II,CF,0.36182336182336183,0.35453946643267537
primary,attempts,no_position,672016,Denzel Clarke,CF,0.42016806722689076,0.3537883056108662
primary,attempts,no_position,672761,Wenceel Pérez,RF,0.40304182509505704,0.35410486029615407
primary,attempts,no_position,673357,Luis Robert Jr.,CF,0.3930131004366812,0.35316626835017295
primary,attempts,no_position,673548,Seiya Suzuki,RF,0.3277310924369748,0.35524454099333247
primary,attempts,no_position,676694,Jake Meyers,CF,0.32934131736526945,0.3535357547155093
primary,attempts,no_position,677594,Julio Rodríguez,CF,0.34411764705882353,0.35588907864759645
primary,attempts,no_position,677800,Wilyer Abreu,RF,0.30256410256410254,0.35731522135598054
primary,attempts,no_position,677950,Alek Thomas,CF,0.42333333333333334,0.3512338879271403
primary,attempts,no_position,678882,Ceddanne Rafaela,CF,0.3575949367088608,0.3556204017623339
primary,attempts,no_position,680718,Addison Barger,RF,0.3813559322033898,0.3557000844320761
primary,attempts,no_position,680757,Steven Kwan,LF,0.3261455525606469,0.35475264294728304
primary,attempts,no_position,680776,Jarren Duran,LF,0.3248847926267281,0.35494049929340266
primary,attempts,no_position,681481,Kerry Carpenter,RF,0.3142857142857143,0.3547065157865599
primary,attempts,no_position,681624,Andy Pages,CF,0.3468208092485549,0.35637822378113
primary,attempts,no_position,682622,Noelvi Marte,RF,0.31851851851851853,0.3558223962921107
primary,attempts,no_position,682641,Luis Matos,RF,0.34108527131782945,0.3556920496173988
primary,attempts,no_position,682657,Angel Martínez,CF,0.3553299492385787,0.35567656026515015
primary,attempts,no_position,682985,Riley Greene,LF,0.3556851311953353,0.35354133995339804
primary,attempts,no_position,682998,Corbin Carroll,RF,0.4010840108401084,0.3532041715086504
primary,attempts,no_position,686217,Sal Frelick,RF,0.3920863309352518,0.3537443422335586
primary,attempts,no_position,686527,Dominic Canzone,RF,0.37662337662337664,0.3550086868677013
primary,attempts,no_position,686555,Isaac Collins,LF,0.33620689655172414,0.3541344473018393
primary,attempts,no_position,686611,Dylan Crews,RF,0.4076923076923077,0.3535876163173019
primary,attempts,no_position,686668,Brenton Doyle,CF,0.36684782608695654,0.35528709219456966
primary,attempts,no_position,687363,Victor Scott II,CF,0.36156351791530944,0.35419976804074027
primary,attempts,no_position,687597,Jordan Beck,LF,0.3324742268041237,0.3546802722112214
primary,attempts,no_position,690987,Robert Hassell III,CF,0.3790322580645161,0.3544767921619296
primary,attempts,no_position,691016,Tyler Soderstrom,LF,0.35968379446640314,0.355034351381407
primary,attempts,no_position,691023,Jordan Walker,RF,0.3879598662207358,0.3545692462444989
primary,attempts,no_position,691176,Jasson Domínguez,LF,0.3409090909090909,0.3555896543573669
primary,attempts,no_position,691718,Pete Crow-Armstrong,CF,0.31976744186046513,0.3565449718537561
primary,attempts,no_position,694192,Jackson Chourio,CF,0.3300970873786408,0.35467129559677874
primary,attempts,no_position,694671,Wyatt Langford,LF,0.2919254658385093,0.35513999832352405
primary,attempts,no_position,695506,Jac Caglianone,RF,0.3275862068965517,0.35668729129841364
primary,attempts,no_position,695578,James Wood,LF,0.3233333333333333,0.354557131777774
primary,attempts,no_position,695734,Daylen Lile,RF,0.4008810572687225,0.35300500601418094
primary,attempts,no_position,696285,Jacob Young,CF,0.3644067796610169,0.3545491688078977
primary,attempts,no_position,701358,Cam Smith,RF,0.35471698113207545,0.35513196422868804
primary,attempts,no_position,701538,Jackson Merrill,CF,0.3562753036437247,0.3556960212785624
primary,attempts,no_position,805300,Jakob Marsee,CF,0.4032258064516129,0.3542873235630326
primary,attempts,no_position,808982,Jung Hoo Lee,CF,0.3638968481375358,0.3550414624298835
primary,attempts,common_slope,502054,Tommy Pham,LF,0.37282229965156793,0.33075027012701225
primary,attempts,common_slope,543807,George Springer,RF,0.36153846153846153,0.36898814697033094
primary,attempts,common_slope,573262,Mike Yastrzemski,RF,0.359375,0.3669968816786582
primary,attempts,common_slope,592206,Nick Castellanos,RF,0.36503067484662577,0.37436440706076446
primary,attempts,common_slope,592450,Aaron Judge,RF,0.31862745098039214,0.36559067521088773
primary,attempts,common_slope,595777,Jurickson Profar,LF,0.3523809523809524,0.33413042180529645
primary,attempts,common_slope,596146,Max Kepler,LF,0.2926829268292683,0.33720976147478127
primary,attempts,common_slope,606192,Teoscar Hernández,RF,0.3724832214765101,0.36807942801212806
primary,attempts,common_slope,607043,Brandon Nimmo,LF,0.3394736842105263,0.3349452343210989
primary,attempts,common_slope,621438,Tyrone Taylor,CF,0.3380952380952381,0.3661880894360796
primary,attempts,common_slope,621439,Byron Buxton,CF,0.4154929577464789,0.3642650297984522
primary,attempts,common_slope,621493,Taylor Ward,LF,0.33406113537117904,0.3346789586818419
primary,attempts,common_slope,624424,Michael Conforto,LF,0.3203125,0.33243010365162107
primary,attempts,common_slope,641584,Jake Fraley,RF,0.3986013986013986,0.3634673269022192
primary,attempts,common_slope,641933,Tyler O'Neill,RF,0.41935483870967744,0.36166710465450713
primary,attempts,common_slope,642201,Eli White,RF,0.3416149068322981,0.3653383281459284
primary,attempts,common_slope,643217,Andrew Benintendi,LF,0.328042328042328,0.33686418600842444
primary,attempts,common_slope,643565,Mike Tauchman,RF,0.3707865168539326,0.37053346200357157
primary,attempts,common_slope,656775,Cedric Mullins,CF,0.4228187919463087,0.3684186010054665
primary,attempts,common_slope,657077,Alex Verdugo,LF,0.35,0.327470294951435
primary,attempts,common_slope,657757,Gavin Sheets,LF,0.30303030303030304,0.3334061747753753
primary,attempts,common_slope,660670,Ronald Acuña Jr.,RF,0.36134453781512604,0.35902530036277663
primary,attempts,common_slope,660821,Jesús Sánchez,RF,0.3682170542635659,0.3651168455086268
primary,attempts,common_slope,662139,Daulton Varsho,CF,0.32666666666666666,0.39064390606240074
primary,attempts,common_slope,663457,Lars Nootbaar,LF,0.335978835978836,0.3291822143934178
primary,attempts,common_slope,663616,Trevor Larnach,RF,0.40625,0.3698550304087069
primary,attempts,common_slope,663656,Kyle Tucker,RF,0.37916666666666665,0.368551918772282
primary,attempts,common_slope,663757,Trent Grisham,CF,0.3835616438356164,0.36990865388264454
primary,attempts,common_slope,664023,Ian Happ,LF,0.27548209366391185,0.3372439589122878
primary,attempts,common_slope,664702,Myles Straw,CF,0.3651685393258427,0.3720393031064128
primary,attempts,common_slope,664728,Kyle Isbel,CF,0.3728813559322034,0.3720918021096739
primary,attempts,common_slope,665487,Fernando Tatis Jr.,RF,0.3496932515337423,0.3584543634185718
primary,attempts,common_slope,665742,Juan Soto,RF,0.37275064267352187,0.3675339151966666
primary,attempts,common_slope,665833,Oneil Cruz,CF,0.3978102189781022,0.3505208959339234
primary,attempts,common_slope,666134,Nolan Jones,RF,0.35909090909090907,0.35771717909187123
primary,attempts,common_slope,666139,Josh Lowe,RF,0.3691588785046729,0.3684758908120879
primary,attempts,common_slope,666158,Gavin Lux,LF,0.3884297520661157,0.3310606190604009
primary,attempts,common_slope,666185,Dylan Carlson,LF,0.3089887640449438,0.3364400277772032
primary,attempts,common_slope,666624,Christopher Morel,LF,0.3333333333333333,0.3261346746843718
primary,attempts,common_slope,666969,Adolis García,RF,0.3044982698961938,0.3642912160035291
primary,attempts,common_slope,666971,Lourdes Gurriel Jr.,LF,0.37425149700598803,0.33176584622894845
primary,attempts,common_slope,667472,Dane Myers,CF,0.405982905982906,0.35834937176002707
primary,attempts,common_slope,668227,Randy Arozarena,LF,0.3176178660049628,0.33913625065095104
primary,attempts,common_slope,668709,JJ Bleday,CF,0.36180904522613067,0.36564653239172334
primary,attempts,common_slope,668804,Bryan Reynolds,RF,0.3684210526315789,0.36732483256572696
primary,attempts,common_slope,668885,Austin Martin,LF,0.375,0.3334552965951921
primary,attempts,common_slope,669016,Brandon Marsh,CF,0.32094594594594594,0.36776239749229245
primary,attempts,common_slope,669065,Kyle Stowers,LF,0.3333333333333333,0.32721625502562157
primary,attempts,common_slope,669326,Bryce Teodosio,CF,0.3333333333333333,0.3664946792400991
primary,attempts,common_slope,669720,Austin Hays,LF,0.3541666666666667,0.3267844445976402
primary,attempts,common_slope,670224,Kameron Misner,CF,0.27586206896551724,0.36633539622053823
primary,attempts,common_slope,670242,Matt Wallner,RF,0.34513274336283184,0.3579573162084535
primary,attempts,common_slope,670770,TJ Friedl,CF,0.3896551724137931,0.3711839395768519
primary,attempts,common_slope,671218,Heliot Ramos,LF,0.342042755344418,0.3326283708848912
primary,attempts,common_slope,671289,Tyler Freeman,RF,0.34831460674157305,0.3617359550566258
primary,attempts,common_slope,671732,Lawrence Butler,RF,0.3623693379790941,0.3682863068758435
primary,attempts,common_slope,671739,Michael Harris II,CF,0.36182336182336183,0.36631532352024687
primary,attempts,common_slope,672016,Denzel Clarke,CF,0.42016806722689076,0.36771189559790785
primary,attempts,common_slope,672761,Wenceel Pérez,RF,0.40304182509505704,0.3643087587002872
primary,attempts,common_slope,673357,Luis Robert Jr.,CF,0.3930131004366812,0.3696008730367559
primary,attempts,common_slope,673548,Seiya Suzuki,RF,0.3277310924369748,0.3639523565517557
primary,attempts,common_slope,676694,Jake Meyers,CF,0.32934131736526945,0.3818937544564047
primary,attempts,common_slope,677594,Julio Rodríguez,CF,0.34411764705882353,0.3626543154637536
primary,attempts,common_slope,677800,Wilyer Abreu,RF,0.30256410256410254,0.3614544252869545
primary,attempts,common_slope,677950,Alek Thomas,CF,0.42333333333333334,0.3687687761492545
primary,attempts,common_slope,678882,Ceddanne Rafaela,CF,0.3575949367088608,0.36089523734407564
primary,attempts,common_slope,680718,Addison Barger,RF,0.3813559322033898,0.3558522441806653
primary,attempts,common_slope,680757,Steven Kwan,LF,0.3261455525606469,0.33221622566135767
primary,attempts,common_slope,680776,Jarren Duran,LF,0.3248847926267281,0.33177629946465825
primary,attempts,common_slope,681481,Kerry Carpenter,RF,0.3142857142857143,0.3680104468112941
primary,attempts,common_slope,681624,Andy Pages,CF,0.3468208092485549,0.3605984443168973
primary,attempts,common_slope,682622,Noelvi Marte,RF,0.31851851851851853,0.36246885932266937
primary,attempts,common_slope,682641,Luis Matos,RF,0.34108527131782945,0.36144842657213844
primary,attempts,common_slope,682657,Angel Martínez,CF,0.3553299492385787,0.36101929775738867
primary,attempts,common_slope,682985,Riley Greene,LF,0.3556851311953353,0.3342632447008554
primary,attempts,common_slope,682998,Corbin Carroll,RF,0.4010840108401084,0.36650150281914706
primary,attempts,common_slope,686217,Sal Frelick,RF,0.3920863309352518,0.36672951634855533
primary,attempts,common_slope,686527,Dominic Canzone,RF,0.37662337662337664,0.36220800444379236
primary,attempts,common_slope,686555,Isaac Collins,LF,0.33620689655172414,0.3339222433664062
primary,attempts,common_slope,686611,Dylan Crews,RF,0.4076923076923077,0.36621320402990415
primary,attempts,common_slope,686668,Brenton Doyle,CF,0.36684782608695654,0.3592191844227929
primary,attempts,common_slope,687363,Victor Scott II,CF,0.36156351791530944,0.36820480098746766
primary,attempts,common_slope,687597,Jordan Beck,LF,0.3324742268041237,0.331791644955517
primary,attempts,common_slope,690987,Robert Hassell III,CF,0.3790322580645161,0.36613728168472415
primary,attempts,common_slope,691016,Tyler Soderstrom,LF,0.35968379446640314,0.32633574807779114
primary,attempts,common_slope,691023,Jordan Walker,RF,0.3879598662207358,0.3587791908380064
primary,attempts,common_slope,691176,Jasson Domínguez,LF,0.3409090909090909,0.3259757467803017
primary,attempts,common_slope,691718,Pete Crow-Armstrong,CF,0.31976744186046513,0.36441165312057955
primary,attempts,common_slope,694192,Jackson Chourio,CF,0.3300970873786408,0.3693291005658795
primary,attempts,common_slope,694671,Wyatt Langford,LF,0.2919254658385093,0.33484945191112453
primary,attempts,common_slope,695506,Jac Caglianone,RF,0.3275862068965517,0.3588327286236627
primary,attempts,common_slope,695578,James Wood,LF,0.3233333333333333,0.3333912933302166
primary,attempts,common_slope,695734,Daylen Lile,RF,0.4008810572687225,0.36877709582725426
primary,attempts,common_slope,696285,Jacob Young,CF,0.3644067796610169,0.36616769280597417
primary,attempts,common_slope,701358,Cam Smith,RF,0.35471698113207545,0.3633647349746875
primary,attempts,common_slope,701538,Jackson Merrill,CF,0.3562753036437247,0.3607995680299926
primary,attempts,common_slope,805300,Jakob Marsee,CF,0.4032258064516129,0.3660891836998019
primary,attempts,common_slope,808982,Jung Hoo Lee,CF,0.3638968481375358,0.3629023124244882
primary,attempts,position_slopes,502054,Tommy Pham,LF,0.37282229965156793,0.33215987711175776
primary,attempts,position_slopes,543807,George Springer,RF,0.36153846153846153,0.3757818656861228
primary,attempts,position_slopes,573262,Mike Yastrzemski,RF,0.359375,0.37004513464364386
primary,attempts,position_slopes,592206,Nick Castellanos,RF,0.36503067484662577,0.39357837725302336
primary,attempts,position_slopes,592450,Aaron Judge,RF,0.31862745098039214,0.3646456719085588
primary,attempts,position_slopes,595777,Jurickson Profar,LF,0.3523809523809524,0.32758896284982664
primary,attempts,position_slopes,596146,Max Kepler,LF,0.2926829268292683,0.3294346826611125
primary,attempts,position_slopes,606192,Teoscar Hernández,RF,0.3724832214765101,0.3739278606087175
primary,attempts,position_slopes,607043,Brandon Nimmo,LF,0.3394736842105263,0.3262844613794414
primary,attempts,position_slopes,621438,Tyrone Taylor,CF,0.3380952380952381,0.3663025446812514
primary,attempts,position_slopes,621439,Byron Buxton,CF,0.4154929577464789,0.3642115054382903
primary,attempts,position_slopes,621493,Taylor Ward,LF,0.33406113537117904,0.32803745010029306
primary,attempts,position_slopes,624424,Michael Conforto,LF,0.3203125,0.33459201335320377
primary,attempts,position_slopes,641584,Jake Fraley,RF,0.3986013986013986,0.36191787493582184
primary,attempts,position_slopes,641933,Tyler O'Neill,RF,0.41935483870967744,0.35745633764881385
primary,attempts,position_slopes,642201,Eli White,RF,0.3416149068322981,0.3651609950740896
primary,attempts,position_slopes,643217,Andrew Benintendi,LF,0.328042328042328,0.3241321359174643
primary,attempts,position_slopes,643565,Mike Tauchman,RF,0.3707865168539326,0.3805526634206884
primary,attempts,position_slopes,656775,Cedric Mullins,CF,0.4228187919463087,0.36569541242011144
primary,attempts,position_slopes,657077,Alex Verdugo,LF,0.35,0.34259602281779306
primary,attempts,position_slopes,657757,Gavin Sheets,LF,0.30303030303030304,0.33274181306805123
primary,attempts,position_slopes,660670,Ronald Acuña Jr.,RF,0.36134453781512604,0.34833826746184754
primary,attempts,position_slopes,660821,Jesús Sánchez,RF,0.3682170542635659,0.3655264019533263
primary,attempts,position_slopes,662139,Daulton Varsho,CF,0.32666666666666666,0.3931228325244956
primary,attempts,position_slopes,663457,Lars Nootbaar,LF,0.335978835978836,0.3399106911169916
primary,attempts,position_slopes,663616,Trevor Larnach,RF,0.40625,0.37944737994812006
primary,attempts,position_slopes,663656,Kyle Tucker,RF,0.37916666666666665,0.37548803582199825
primary,attempts,position_slopes,663757,Trent Grisham,CF,0.3835616438356164,0.36865766694391
primary,attempts,position_slopes,664023,Ian Happ,LF,0.27548209366391185,0.33266730025989644
primary,attempts,position_slopes,664702,Myles Straw,CF,0.3651685393258427,0.37067819703487376
primary,attempts,position_slopes,664728,Kyle Isbel,CF,0.3728813559322034,0.370501659089667
primary,attempts,position_slopes,665487,Fernando Tatis Jr.,RF,0.3496932515337423,0.3451587008393462
primary,attempts,position_slopes,665742,Juan Soto,RF,0.37275064267352187,0.3726113119338889
primary,attempts,position_slopes,665833,Oneil Cruz,CF,0.3978102189781022,0.34979555172496024
primary,attempts,position_slopes,666134,Nolan Jones,RF,0.35909090909090907,0.34437450258621377
primary,attempts,position_slopes,666139,Josh Lowe,RF,0.3691588785046729,0.37469723387329806
primary,attempts,position_slopes,666158,Gavin Lux,LF,0.3884297520661157,0.3334578719923859
primary,attempts,position_slopes,666185,Dylan Carlson,LF,0.3089887640449438,0.327094710278962
primary,attempts,position_slopes,666624,Christopher Morel,LF,0.3333333333333333,0.34804778767894623
primary,attempts,position_slopes,666969,Adolis García,RF,0.3044982698961938,0.3594737732354225
primary,attempts,position_slopes,666971,Lourdes Gurriel Jr.,LF,0.37425149700598803,0.32879178320489055
primary,attempts,position_slopes,667472,Dane Myers,CF,0.405982905982906,0.3589575241582977
primary,attempts,position_slopes,668227,Randy Arozarena,LF,0.3176178660049628,0.32349195737462993
primary,attempts,position_slopes,668709,JJ Bleday,CF,0.36180904522613067,0.36573116095332286
primary,attempts,position_slopes,668804,Bryan Reynolds,RF,0.3684210526315789,0.37152847565175817
primary,attempts,position_slopes,668885,Austin Martin,LF,0.375,0.32884005799504684
primary,attempts,position_slopes,669016,Brandon Marsh,CF,0.32094594594594594,0.36773800681737245
primary,attempts,position_slopes,669065,Kyle Stowers,LF,0.3333333333333333,0.3457927118800386
primary,attempts,position_slopes,669326,Bryce Teodosio,CF,0.3333333333333333,0.36647068206399475
primary,attempts,position_slopes,669720,Austin Hays,LF,0.3541666666666667,0.34308849788182155
primary,attempts,position_slopes,670224,Kameron Misner,CF,0.27586206896551724,0.3665720395215065
primary,attempts,position_slopes,670242,Matt Wallner,RF,0.34513274336283184,0.34423815763025634
primary,attempts,position_slopes,670770,TJ Friedl,CF,0.3896551724137931,0.3689986102957465
primary,attempts,position_slopes,671218,Heliot Ramos,LF,0.342042755344418,0.33120528322487613
primary,attempts,position_slopes,671289,Tyler Freeman,RF,0.34831460674157305,0.3556167082463045
primary,attempts,position_slopes,671732,Lawrence Butler,RF,0.3623693379790941,0.3738323417477195
primary,attempts,position_slopes,671739,Michael Harris II,CF,0.36182336182336183,0.36626291147340356
primary,attempts,position_slopes,672016,Denzel Clarke,CF,0.42016806722689076,0.36696560117456745
primary,attempts,position_slopes,672761,Wenceel Pérez,RF,0.40304182509505704,0.3652955190968651
primary,attempts,position_slopes,673357,Luis Robert Jr.,CF,0.3930131004366812,0.3681967348660867
primary,attempts,position_slopes,673548,Seiya Suzuki,RF,0.3277310924369748,0.36131470455911985
primary,attempts,position_slopes,676694,Jake Meyers,CF,0.32934131736526945,0.3817247759217105
primary,attempts,position_slopes,677594,Julio Rodríguez,CF,0.34411764705882353,0.36400109384044604
primary,attempts,position_slopes,677800,Wilyer Abreu,RF,0.30256410256410254,0.352899077020456
primary,attempts,position_slopes,677950,Alek Thomas,CF,0.42333333333333334,0.3655036536172177
primary,attempts,position_slopes,678882,Ceddanne Rafaela,CF,0.3575949367088608,0.36227661381473975
primary,attempts,position_slopes,680718,Addison Barger,RF,0.3813559322033898,0.34017359140095493
primary,attempts,position_slopes,680757,Steven Kwan,LF,0.3261455525606469,0.3347731644016957
primary,attempts,position_slopes,680776,Jarren Duran,LF,0.3248847926267281,0.3362579191245615
primary,attempts,position_slopes,681481,Kerry Carpenter,RF,0.3142857142857143,0.37129632289655384
primary,attempts,position_slopes,681624,Andy Pages,CF,0.3468208092485549,0.36269767729686353
primary,attempts,position_slopes,682622,Noelvi Marte,RF,0.31851851851851853,0.35695485107081637
primary,attempts,position_slopes,682641,Luis Matos,RF,0.34108527131782945,0.35484262728031507
primary,attempts,position_slopes,682657,Angel Martínez,CF,0.3553299492385787,0.36233161424771543
primary,attempts,position_slopes,682985,Riley Greene,LF,0.3556851311953353,0.3247289896167625
primary,attempts,position_slopes,682998,Corbin Carroll,RF,0.4010840108401084,0.37204657942496056
primary,attempts,position_slopes,686217,Sal Frelick,RF,0.3920863309352518,0.3713371608466234
primary,attempts,position_slopes,686527,Dominic Canzone,RF,0.37662337662337664,0.3578953360682836
primary,attempts,position_slopes,686555,Isaac Collins,LF,0.33620689655172414,0.3297037750454735
primary,attempts,position_slopes,686611,Dylan Crews,RF,0.4076923076923077,0.3706839446064277
primary,attempts,position_slopes,686668,Brenton Doyle,CF,0.36684782608695654,0.3605645855317687
primary,attempts,position_slopes,687363,Victor Scott II,CF,0.36156351791530944,0.3677259717493382
primary,attempts,position_slopes,687597,Jordan Beck,LF,0.3324742268041237,0.33469653552926826
primary,attempts,position_slopes,690987,Robert Hassell III,CF,0.3790322580645161,0.36603168130960506
primary,attempts,position_slopes,691016,Tyler Soderstrom,LF,0.35968379446640314,0.3408785962844153
primary,attempts,position_slopes,691023,Jordan Walker,RF,0.3879598662207358,0.3493349362056626
primary,attempts,position_slopes,691176,Jasson Domínguez,LF,0.3409090909090909,0.3467824629519193
primary,attempts,position_slopes,691718,Pete Crow-Armstrong,CF,0.31976744186046513,0.365951266078633
primary,attempts,position_slopes,694192,Jackson Chourio,CF,0.3300970873786408,0.3689747828184889
primary,attempts,position_slopes,694671,Wyatt Langford,LF,0.2919254658385093,0.33349054198543165
primary,attempts,position_slopes,695506,Jac Caglianone,RF,0.3275862068965517,0.34738920783666055
primary,attempts,position_slopes,695578,James Wood,LF,0.3233333333333333,0.3323599643415588
primary,attempts,position_slopes,695734,Daylen Lile,RF,0.4008810572687225,0.3771985618489677
primary,attempts,position_slopes,696285,Jacob Young,CF,0.3644067796610169,0.36611595873649116
primary,attempts,position_slopes,701358,Cam Smith,RF,0.35471698113207545,0.36006732935141517
primary,attempts,position_slopes,701538,Jackson Merrill,CF,0.3562753036437247,0.3621935908463656
primary,attempts,position_slopes,805300,Jakob Marsee,CF,0.4032258064516129,0.3658972442010242
primary,attempts,position_slopes,808982,Jung Hoo Lee,CF,0.3638968481375358,0.36362730819564293
position_70,range,position_only,502054,Tommy Pham,LF,-2,-1.9609852689034755
position_70,range,position_only,573262,Mike Yastrzemski,RF,-2,-0.8747782475453434
position_70,range,position_only,592206,Nick Castellanos,RF,-11,-0.0881699816152608
position_70,range,position_only,592450,Aaron Judge,RF,4,-1.7371544237259506
position_70,range,position_only,595777,Jurickson Profar,LF,-6,-2.112629594201918
position_70,range,position_only,596146,Max Kepler,LF,0,-1.94889493378889
position_70,range,position_only,606192,Teoscar Hernández,RF,-8,-0.5487111675530514
position_70,range,position_only,607043,Brandon Nimmo,LF,-1,-1.3607415831441623
position_70,range,position_only,621438,Tyrone Taylor,CF,3,6.286645636757001
position_70,range,position_only,621439,Byron Buxton,CF,2,6.619416350223254
position_70,range,position_only,621493,Taylor Ward,LF,0,-1.3329576445327476
position_70,range,position_only,624424,Michael Conforto,LF,-7,-1.5861435739685046
position_70,range,position_only,643217,Andrew Benintendi,LF,-7,-2.1545594930494962
position_70,range,position_only,643565,Mike Tauchman,RF,0,-2.086900745978726
position_70,range,position_only,656775,Cedric Mullins,CF,3,6.762173400759342
position_70,range,position_only,660670,Ronald Acuña Jr.,RF,-10,-1.0518276908493043
position_70,range,position_only,660821,Jesús Sánchez,RF,-1,-1.1675160998037004
position_70,range,position_only,662139,Daulton Varsho,CF,8,5.446440255022167
position_70,range,position_only,663457,Lars Nootbaar,LF,-1,-1.6623468224694475
position_70,range,position_only,663656,Kyle Tucker,RF,-2,-1.0727311792777083
position_70,range,position_only,663757,Trent Grisham,CF,-1,7.092162528385527
position_70,range,position_only,664023,Ian Happ,LF,0,-1.438098993352563
position_70,range,position_only,664702,Myles Straw,CF,9,5.74407321237803
position_70,range,position_only,664728,Kyle Isbel,CF,11,6.37114300946581
position_70,range,position_only,665487,Fernando Tatis Jr.,RF,7,-1.1356059936749512
position_70,range,position_only,665742,Juan Soto,RF,-11,0.5401467920793532
position_70,range,position_only,665833,Oneil Cruz,CF,0,6.8803759697899265
position_70,range,position_only,666139,Josh Lowe,RF,-4,-1.257430994765917
position_70,range,position_only,666969,Adolis García,RF,1,-0.98874916755297
position_70,range,position_only,666971,Lourdes Gurriel Jr.,LF,-3,-1.7985275001087047
position_70,range,position_only,668227,Randy Arozarena,LF,-4,-0.8846080550307027
position_70,range,position_only,668804,Bryan Reynolds,RF,-2,-1.0681339646224517
position_70,range,position_only,669326,Bryce Teodosio,CF,9,4.91805983705689
position_70,range,position_only,670242,Matt Wallner,RF,-3,-1.6731758285923153
position_70,range,position_only,670770,TJ Friedl,CF,1,7.430904468178325
position_70,range,position_only,671218,Heliot Ramos,LF,-8,-0.8044341026724062
position_70,range,position_only,671739,Michael Harris II,CF,7,7.251604593958854
position_70,range,position_only,672016,Denzel Clarke,CF,12,4.433004574178452
position_70,range,position_only,672761,Wenceel Pérez,RF,2,-1.6426748521354106
position_70,range,position_only,673357,Luis Robert Jr.,CF,6,6.251995775959722
position_70,range,position_only,676694,Jake Meyers,CF,8,6.120491461115521
position_70,range,position_only,677594,Julio Rodríguez,CF,10,7.013523291800969
position_70,range,position_only,677800,Wilyer Abreu,RF,7,-1.8325893431411053
position_70,range,position_only,677950,Alek Thomas,CF,0,6.922694237763445
position_70,range,position_only,678009,Parker Meadows,CF,4,5.6646400576799465
position_70,range,position_only,678882,Ceddanne Rafaela,CF,19,6.214242484078611
position_70,range,position_only,680757,Steven Kwan,LF,5,-1.6646716947555698
position_70,range,position_only,680776,Jarren Duran,LF,-3,-1.1039865640848614
position_70,range,position_only,681624,Andy Pages,CF,10,6.9605547205399105
position_70,range,position_only,682657,Angel Martínez,CF,-5,6.6839452798411605
position_70,range,position_only,682985,Riley Greene,LF,1,-1.728741890129398
position_70,range,position_only,682998,Corbin Carroll,RF,9,-1.3302456150350022
position_70,range,position_only,686217,Sal Frelick,RF,6,-1.1742127952547765
position_70,range,position_only,686555,Isaac Collins,LF,3,-2.4090182441356527
position_70,range,position_only,686611,Dylan Crews,RF,2,-1.8864847085117367
position_70,range,position_only,686668,Brenton Doyle,CF,5,6.732137511041642
position_70,range,position_only,687363,Victor Scott II,CF,15,6.343560960404287
position_70,range,position_only,687597,Jordan Beck,LF,-2,-1.5500623702606608
position_70,range,position_only,691016,Tyler Soderstrom,LF,4,-2.4935352555066848
position_70,range,position_only,691023,Jordan Walker,RF,-4,-1.2006796927838472
position_70,range,position_only,691176,Jasson Domínguez,LF,-8,-1.844334350190203
position_70,range,position_only,691718,Pete Crow-Armstrong,CF,22,6.0383920944516065
position_70,range,position_only,694671,Wyatt Langford,LF,9,-2.1140394061130463
position_70,range,position_only,695578,James Wood,LF,-6,-1.5305311586682429
position_70,range,position_only,695734,Daylen Lile,RF,-7,-1.416943096490069
position_70,range,position_only,696285,Jacob Young,CF,13,6.029160234466645
position_70,range,position_only,701358,Cam Smith,RF,1,-1.0705057824023632
position_70,range,position_only,701538,Jackson Merrill,CF,2,6.674575919671299
position_70,range,position_only,808982,Jung Hoo Lee,CF,-5,7.7428180280679575
position_70,range,no_position,502054,Tommy Pham,LF,-2,0.6700009185152035
position_70,range,no_position,573262,Mike Yastrzemski,RF,-2,5.634767137469482
position_70,range,no_position,592206,Nick Castellanos,RF,-11,-6.567796158800317
position_70,range,no_position,592450,Aaron Judge,RF,4,-0.7957212737369116
position_70,range,no_position,595777,Jurickson Profar,LF,-6,-5.782554812403686
position_70,range,no_position,596146,Max Kepler,LF,0,-2.0675639814767433
position_70,range,no_position,606192,Teoscar Hernández,RF,-8,0.40821572376940307
position_70,range,no_position,607043,Brandon Nimmo,LF,-1,0.688282013739804
position_70,range,no_position,621438,Tyrone Taylor,CF,3,-1.8825658037267348
position_70,range,no_position,621439,Byron Buxton,CF,2,-1.113727112838285
position_70,range,no_position,621493,Taylor Ward,LF,0,0.7646074913727985
position_70,range,no_position,624424,Michael Conforto,LF,-7,-7.608441176299548
position_70,range,no_position,643217,Andrew Benintendi,LF,-7,-9.870947813589598
position_70,range,no_position,643565,Mike Tauchman,RF,0,-2.0254270516928066
position_70,range,no_position,656775,Cedric Mullins,CF,3,-0.9370443675514952
position_70,range,no_position,660670,Ronald Acuña Jr.,RF,-10,-8.657340149327073
position_70,range,no_position,660821,Jesús Sánchez,RF,-1,3.8951098299589195
position_70,range,no_position,662139,Daulton Varsho,CF,8,11.627396882712759
position_70,range,no_position,663457,Lars Nootbaar,LF,-1,-5.047415535895175
position_70,range,no_position,663656,Kyle Tucker,RF,-2,-2.0406074178900435
position_70,range,no_position,663757,Trent Grisham,CF,-1,0.6969976197358715
position_70,range,no_position,664023,Ian Happ,LF,0,0.6347449036986053
position_70,range,no_position,664702,Myles Straw,CF,9,4.430192341309411
position_70,range,no_position,664728,Kyle Isbel,CF,11,7.989572821196386
position_70,range,no_position,665487,Fernando Tatis Jr.,RF,7,3.317992655412458
position_70,range,no_position,665742,Juan Soto,RF,-11,-3.2468775469153606
position_70,range,no_position,665833,Oneil Cruz,CF,0,-1.954752502780533
position_70,range,no_position,666139,Josh Lowe,RF,-4,-2.3046020167492287
position_70,range,no_position,666969,Adolis García,RF,1,6.71127306209682
position_70,range,no_position,666971,Lourdes Gurriel Jr.,LF,-3,-0.6014698797268367
position_70,range,no_position,668227,Randy Arozarena,LF,-4,-5.080826578987891
position_70,range,no_position,668804,Bryan Reynolds,RF,-2,-3.102909959396677
position_70,range,no_position,669326,Bryce Teodosio,CF,9,13.34413956767223
position_70,range,no_position,670242,Matt Wallner,RF,-3,-6.475811120146851
position_70,range,no_position,670770,TJ Friedl,CF,1,-2.9783238475109264
position_70,range,no_position,671218,Heliot Ramos,LF,-8,-1.0555550178227637
position_70,range,no_position,671739,Michael Harris II,CF,7,4.20303569896377
position_70,range,no_position,672016,Denzel Clarke,CF,12,8.355165469812178
position_70,range,no_position,672761,Wenceel Pérez,RF,2,4.22696734962811
position_70,range,no_position,673357,Luis Robert Jr.,CF,6,1.7601761676149976
position_70,range,no_position,676694,Jake Meyers,CF,8,3.076853118704668
position_70,range,no_position,677594,Julio Rodríguez,CF,10,2.6072201083639626
position_70,range,no_position,677800,Wilyer Abreu,RF,7,6.651235647758226
position_70,range,no_position,677950,Alek Thomas,CF,0,-0.4947278147907592
position_70,range,no_position,678009,Parker Meadows,CF,4,4.900695873510359
position_70,range,no_position,678882,Ceddanne Rafaela,CF,19,19.16339721216675
position_70,range,no_position,680757,Steven Kwan,LF,5,3.447761336025239
position_70,range,no_position,680776,Jarren Duran,LF,-3,4.926336988033424
position_70,range,no_position,681624,Andy Pages,CF,10,9.083956011956444
position_70,range,no_position,682657,Angel Martínez,CF,-5,-2.685028088460466
position_70,range,no_position,682985,Riley Greene,LF,1,3.1667332785003564
position_70,range,no_position,682998,Corbin Carroll,RF,9,4.890910243806182
position_70,range,no_position,686217,Sal Frelick,RF,6,3.1468208597761524
position_70,range,no_position,686555,Isaac Collins,LF,3,12.986717046288785
position_70,range,no_position,686611,Dylan Crews,RF,2,6.216052164045777
position_70,range,no_position,686668,Brenton Doyle,CF,5,2.2686297044479895
position_70,range,no_position,687363,Victor Scott II,CF,15,5.948120682933707
position_70,range,no_position,687597,Jordan Beck,LF,-2,-1.3464010093809362
position_70,range,no_position,691016,Tyler Soderstrom,LF,4,2.510460086380503
position_70,range,no_position,691023,Jordan Walker,RF,-4,-3.3058728504579693
position_70,range,no_position,691176,Jasson Domínguez,LF,-8,-6.204145872976532
position_70,range,no_position,691718,Pete Crow-Armstrong,CF,22,15.148788780363937
position_70,range,no_position,694671,Wyatt Langford,LF,9,6.196348451818991
position_70,range,no_position,695578,James Wood,LF,-6,-6.070855635553074
position_70,range,no_position,695734,Daylen Lile,RF,-7,-1.5097054543833361
position_70,range,no_position,696285,Jacob Young,CF,13,7.978143563205556
position_70,range,no_position,701358,Cam Smith,RF,1,4.795354534123271
position_70,range,no_position,701538,Jackson Merrill,CF,2,1.0704021413305973
position_70,range,no_position,808982,Jung Hoo Lee,CF,-5,-0.6268912852643371
position_70,range,common_slope,502054,Tommy Pham,LF,-2,-0.5097653230102762
position_70,range,common_slope,573262,Mike Yastrzemski,RF,-2,3.6461418923065434
position_70,range,common_slope,592206,Nick Castellanos,RF,-11,-6.966545321258942
position_70,range,common_slope,592450,Aaron Judge,RF,4,-2.521017967321001
position_70,range,common_slope,595777,Jurickson Profar,LF,-6,-6.338747312625989
position_70,range,common_slope,596146,Max Kepler,LF,0,-3.0175470220414238
position_70,range,common_slope,606192,Teoscar Hernández,RF,-8,-0.8674012565754778
position_70,range,common_slope,607043,Brandon Nimmo,LF,-1,-0.3732953622230339
position_70,range,common_slope,621438,Tyrone Taylor,CF,3,0.9386932317797916
position_70,range,common_slope,621439,Byron Buxton,CF,2,1.739992824433047
position_70,range,common_slope,621493,Taylor Ward,LF,0,-0.316334016822541
position_70,range,common_slope,624424,Michael Conforto,LF,-7,-7.752315923516604
position_70,range,common_slope,643217,Andrew Benintendi,LF,-7,-10.091548029905436
position_70,range,common_slope,643565,Mike Tauchman,RF,0,-3.6894421646581343
position_70,range,common_slope,656775,Cedric Mullins,CF,3,1.9080968533702138
position_70,range,common_slope,660670,Ronald Acuña Jr.,RF,-10,-9.159699189120946
position_70,range,common_slope,660821,Jesús Sánchez,RF,-1,1.9504798175146056
position_70,range,common_slope,662139,Daulton Varsho,CF,8,12.775624615786436
position_70,range,common_slope,663457,Lars Nootbaar,LF,-1,-5.569157812718338
position_70,range,common_slope,663656,Kyle Tucker,RF,-2,-3.3473272521944892
position_70,range,common_slope,663757,Trent Grisham,CF,-1,3.5743111928385547
position_70,range,common_slope,664023,Ian Happ,LF,0,-0.45698526987230553
position_70,range,common_slope,664702,Myles Straw,CF,9,6.39837497269277
position_70,range,common_slope,664728,Kyle Isbel,CF,11,9.686194351900312
position_70,range,common_slope,665487,Fernando Tatis Jr.,RF,7,1.21725430640055
position_70,range,common_slope,665742,Juan Soto,RF,-11,-3.84100981860597
position_70,range,common_slope,665833,Oneil Cruz,CF,0,1.1242610624052676
position_70,range,common_slope,666139,Josh Lowe,RF,-4,-3.6065352004009985
position_70,range,common_slope,666969,Adolis García,RF,1,4.500411344428491
position_70,range,common_slope,666971,Lourdes Gurriel Jr.,LF,-3,-1.5953505155926746
position_70,range,common_slope,668227,Randy Arozarena,LF,-4,-5.366841833766083
position_70,range,common_slope,668804,Bryan Reynolds,RF,-2,-4.302805703637718
position_70,range,common_slope,669326,Bryce Teodosio,CF,9,14.253045094427982
position_70,range,common_slope,670242,Matt Wallner,RF,-3,-7.513156553291982
position_70,range,common_slope,670770,TJ Friedl,CF,1,0.3338280805440991
position_70,range,common_slope,671218,Heliot Ramos,LF,-8,-1.7153694923450076
position_70,range,common_slope,671739,Michael Harris II,CF,7,6.648888303781069
position_70,range,common_slope,672016,Denzel Clarke,CF,12,9.729965224913304
position_70,range,common_slope,672761,Wenceel Pérez,RF,2,2.027669250213265
position_70,range,common_slope,673357,Luis Robert Jr.,CF,6,4.138168324565883
position_70,range,common_slope,676694,Jake Meyers,CF,8,5.259721886499123
position_70,range,common_slope,677594,Julio Rodríguez,CF,10,5.090878328599975
position_70,range,common_slope,677800,Wilyer Abreu,RF,7,3.9982406580857854
position_70,range,common_slope,677950,Alek Thomas,CF,0,2.439316497875263
position_70,range,common_slope,678009,Parker Meadows,CF,4,6.900261156083238
position_70,range,common_slope,678882,Ceddanne Rafaela,CF,19,19.51030278302178
position_70,range,common_slope,680757,Steven Kwan,LF,5,1.8987090329532346
position_70,range,common_slope,680776,Jarren Duran,LF,-3,3.56048588606765
position_70,range,common_slope,681624,Andy Pages,CF,10,10.914354128395933
position_70,range,common_slope,682657,Angel Martínez,CF,-5,0.589768969971229
position_70,range,common_slope,682985,Riley Greene,LF,1,1.7260196686738956
position_70,range,common_slope,682998,Corbin Carroll,RF,9,2.5164316656388
position_70,range,common_slope,686217,Sal Frelick,RF,6,1.091077656806944
position_70,range,common_slope,686555,Isaac Collins,LF,3,10.682645633792497
position_70,range,common_slope,686611,Dylan Crews,RF,2,3.7313050772881122
position_70,range,common_slope,686668,Brenton Doyle,CF,5,4.737503494856494
position_70,range,common_slope,687363,Victor Scott II,CF,15,7.820269543306629
position_70,range,common_slope,687597,Jordan Beck,LF,-2,-2.2223929054357514
position_70,range,common_slope,691016,Tyler Soderstrom,LF,4,0.824530971861456
position_70,range,common_slope,691023,Jordan Walker,RF,-4,-4.486669193788744
position_70,range,common_slope,691176,Jasson Domínguez,LF,-8,-6.581709532332509
position_70,range,common_slope,691718,Pete Crow-Armstrong,CF,22,16.039822204494698
position_70,range,common_slope,694671,Wyatt Langford,LF,9,4.0706407087723635
position_70,range,common_slope,695578,James Wood,LF,-6,-6.378231555970654
position_70,range,common_slope,695734,Daylen Lile,RF,-7,-2.9639593408472864
position_70,range,common_slope,696285,Jacob Young,CF,13,9.576960653328317
position_70,range,common_slope,701358,Cam Smith,RF,1,2.741033327527111
position_70,range,common_slope,701538,Jackson Merrill,CF,2,3.708797640350206
position_70,range,common_slope,808982,Jung Hoo Lee,CF,-5,2.737753434276147
position_70,range,position_slopes,502054,Tommy Pham,LF,-2,-0.954339407815728
position_70,range,position_slopes,573262,Mike Yastrzemski,RF,-2,4.231132832413226
position_70,range,position_slopes,592206,Nick Castellanos,RF,-11,-6.79545587004479
position_70,range,position_slopes,592450,Aaron Judge,RF,4,-2.6416813328202573
position_70,range,position_slopes,595777,Jurickson Profar,LF,-6,-5.498019329842407
position_70,range,position_slopes,596146,Max Kepler,LF,0,-2.7984512845231158
position_70,range,position_slopes,606192,Teoscar Hernández,RF,-8,-0.8166195883122238
position_70,range,position_slopes,607043,Brandon Nimmo,LF,-1,-0.4965017653717608
position_70,range,position_slopes,621438,Tyrone Taylor,CF,3,0.15798015752882877
position_70,range,position_slopes,621439,Byron Buxton,CF,2,1.1439636470610515
position_70,range,position_slopes,621493,Taylor Ward,LF,0,-0.41670436468733346
position_70,range,position_slopes,624424,Michael Conforto,LF,-7,-6.1487991619087365
position_70,range,position_slopes,643217,Andrew Benintendi,LF,-7,-8.509865861105737
position_70,range,position_slopes,643565,Mike Tauchman,RF,0,-3.991830117320086
position_70,range,position_slopes,656775,Cedric Mullins,CF,3,1.3459101589644817
position_70,range,position_slopes,660670,Ronald Acuña Jr.,RF,-10,-9.736976681947935
position_70,range,position_slopes,660821,Jesús Sánchez,RF,-1,2.213093705616857
position_70,range,position_slopes,662139,Daulton Varsho,CF,8,13.574530899981005
position_70,range,position_slopes,663457,Lars Nootbaar,LF,-1,-4.6583692952111235
position_70,range,position_slopes,663656,Kyle Tucker,RF,-2,-3.4876684821739183
position_70,range,position_slopes,663757,Trent Grisham,CF,-1,3.254361860383487
position_70,range,position_slopes,664023,Ian Happ,LF,0,-0.5855020139623353
position_70,range,position_slopes,664702,Myles Straw,CF,9,6.348658798484662
position_70,range,position_slopes,664728,Kyle Isbel,CF,11,10.087660362594503
position_70,range,position_slopes,665487,Fernando Tatis Jr.,RF,7,1.4749858263283913
position_70,range,position_slopes,665742,Juan Soto,RF,-11,-3.5085512488928887
position_70,range,position_slopes,665833,Oneil Cruz,CF,0,0.48339985383276
position_70,range,position_slopes,666139,Josh Lowe,RF,-4,-3.8011259035156795
position_70,range,position_slopes,666969,Adolis García,RF,1,5.159750724564214
position_70,range,position_slopes,666971,Lourdes Gurriel Jr.,LF,-3,-1.6941655891012695
position_70,range,position_slopes,668227,Randy Arozarena,LF,-4,-4.013450462355275
position_70,range,position_slopes,668804,Bryan Reynolds,RF,-2,-4.542576912933638
position_70,range,position_slopes,669326,Bryce Teodosio,CF,9,15.315413137816078
position_70,range,position_slopes,670242,Matt Wallner,RF,-3,-8.350045906195922
position_70,range,position_slopes,670770,TJ Friedl,CF,1,-0.41408191935819816
position_70,range,position_slopes,671218,Heliot Ramos,LF,-8,-1.2981462113197715
position_70,range,position_slopes,671739,Michael Harris II,CF,7,6.764732694167592
position_70,range,position_slopes,672016,Denzel Clarke,CF,12,10.05737501909945
position_70,range,position_slopes,672761,Wenceel Pérez,RF,2,2.191383617897735
position_70,range,position_slopes,673357,Luis Robert Jr.,CF,6,3.8312197416259646
position_70,range,position_slopes,676694,Jake Meyers,CF,8,5.095566618923461
position_70,range,position_slopes,677594,Julio Rodríguez,CF,10,5.058091866749484
position_70,range,position_slopes,677800,Wilyer Abreu,RF,7,4.077192398492554
position_70,range,position_slopes,677950,Alek Thomas,CF,0,1.977148409185909
position_70,range,position_slopes,678009,Parker Meadows,CF,4,6.8064948234879346
position_70,range,position_slopes,678882,Ceddanne Rafaela,CF,19,21.803788303965465
position_70,range,position_slopes,680757,Steven Kwan,LF,5,1.0750870078325403
position_70,range,position_slopes,680776,Jarren Duran,LF,-3,2.718911803939535
position_70,range,position_slopes,681624,Andy Pages,CF,10,11.582999673095813
position_70,range,position_slopes,682657,Angel Martínez,CF,-5,-0.048830098285149504
position_70,range,position_slopes,682985,Riley Greene,LF,1,0.8845079329725337
position_70,range,position_slopes,682998,Corbin Carroll,RF,9,2.705338861097604
position_70,range,position_slopes,686217,Sal Frelick,RF,6,1.2949834906096764
position_70,range,position_slopes,686555,Isaac Collins,LF,3,9.004401998065818
position_70,range,position_slopes,686611,Dylan Crews,RF,2,4.1220091983432905
position_70,range,position_slopes,686668,Brenton Doyle,CF,5,4.550860688828412
position_70,range,position_slopes,687363,Victor Scott II,CF,15,8.032142298949514
position_70,range,position_slopes,687597,Jordan Beck,LF,-2,-2.004838397500325
position_70,range,position_slopes,691016,Tyler Soderstrom,LF,4,-0.2758841395695095
position_70,range,position_slopes,691023,Jordan Walker,RF,-4,-4.743217980786949
position_70,range,position_slopes,691176,Jasson Domínguez,LF,-8,-5.471391077757252
position_70,range,position_slopes,691718,Pete Crow-Armstrong,CF,22,16.981631726983494
position_70,range,position_slopes,694671,Wyatt Langford,LF,9,1.9957947836436236
position_70,range,position_slopes,695578,James Wood,LF,-6,-5.1071317611344424
position_70,range,position_slopes,695734,Daylen Lile,RF,-7,-3.2091615620238905
position_70,range,position_slopes,696285,Jacob Young,CF,13,9.933956581058412
position_70,range,position_slopes,701358,Cam Smith,RF,1,3.089013866025601
position_70,range,position_slopes,701538,Jackson Merrill,CF,2,3.377910317073582
position_70,range,position_slopes,808982,Jung Hoo Lee,CF,-5,2.36107821660647
position_70,arm,position_only,502054,Tommy Pham,LF,-1.171167899055583,-0.5341926639325344
position_70,arm,position_only,573262,Mike Yastrzemski,RF,4.558942932422652,-0.09476844780619154
position_70,arm,position_only,592206,Nick Castellanos,RF,-1.5426271239484215,0.2067474208676442
position_70,arm,position_only,592450,Aaron Judge,RF,2.2808366216085663,-0.24537365232237074
position_70,arm,position_only,595777,Jurickson Profar,LF,-2.213223359833487,-0.6678602718639938
position_70,arm,position_only,596146,Max Kepler,LF,-1.3472028936192504,-0.5274127593135656
position_70,arm,position_only,606192,Teoscar Hernández,RF,-0.8419174315230058,0.09811914303528935
position_70,arm,position_only,607043,Brandon Nimmo,LF,-0.106130228114432,-0.35428900013737996
position_70,arm,position_only,621438,Tyrone Taylor,CF,4.971724418396483,0.3652571244371488
position_70,arm,position_only,621439,Byron Buxton,CF,-0.4418317589943382,0.7556906378426688
position_70,arm,position_only,621493,Taylor Ward,LF,-2.227229009385241,0.0300796000190946
position_70,arm,position_only,624424,Michael Conforto,LF,-1.1316390801068077,-0.6101191045786593
position_70,arm,position_only,641584,Jake Fraley,RF,-1.7735897761757091,-0.22874918743744016
position_70,arm,position_only,641933,Tyler O'Neill,RF,-1.4540820160712462,-0.28335524100957465
position_70,arm,position_only,643217,Andrew Benintendi,LF,-2.919123780075372,-0.6737679081644886
position_70,arm,position_only,643565,Mike Tauchman,RF,-0.17766717753047778,-0.21979734386021416
position_70,arm,position_only,656775,Cedric Mullins,CF,-4.388636968516528,0.9569524316647011
position_70,arm,position_only,657077,Alex Verdugo,LF,-0.6414576010268973,-0.9715451272190497
position_70,arm,position_only,657757,Gavin Sheets,LF,1.2922565475564758,-1.0866200220698103
position_70,arm,position_only,660670,Ronald Acuña Jr.,RF,1.1798816140276314,-0.12202582530688266
position_70,arm,position_only,660821,Jesús Sánchez,RF,1.0580654957276394,-0.07066387541099983
position_70,arm,position_only,662139,Daulton Varsho,CF,-1.757961029988357,0.5096299094725412
position_70,arm,position_only,663457,Lars Nootbaar,LF,-2.8965229750583656,-0.20858203179204116
position_70,arm,position_only,663616,Trevor Larnach,RF,-2.65356450862029,-0.211575695835169
position_70,arm,position_only,663656,Kyle Tucker,RF,2.049856492631077,-0.14729914577341863
position_70,arm,position_only,663757,Trent Grisham,CF,-1.4324983890233218,0.6346224059850073
position_70,arm,position_only,664023,Ian Happ,LF,0.5428484766547604,-0.4266812590731972
position_70,arm,position_only,664702,Myles Straw,CF,0.03546860408964611,0.4823471740163183
position_70,arm,position_only,664728,Kyle Isbel,CF,-0.5482903215002092,0.6409669643567143
position_70,arm,position_only,665487,Fernando Tatis Jr.,RF,2.068462681764043,0.03231179968821485
position_70,arm,position_only,665742,Juan Soto,RF,-2.0554635184924863,0.4467545821146691
position_70,arm,position_only,665833,Oneil Cruz,CF,3.80747216804713,0.5666773071337253
position_70,arm,position_only,666139,Josh Lowe,RF,-1.7429419368804109,-0.07791652112740133
position_70,arm,position_only,666158,Gavin Lux,LF,3.0390916504963e-4,-1.021522863901147
position_70,arm,position_only,666624,Christopher Morel,LF,-1.3918179209059698,-0.8891871467265076
position_70,arm,position_only,666969,Adolis García,RF,1.1197200706829331,-0.0024533002905323675
position_70,arm,position_only,666971,Lourdes Gurriel Jr.,LF,0.41072361980023625,-0.48541767956788784
position_70,arm,position_only,668227,Randy Arozarena,LF,-2.0790715056740408,-0.17480824084802116
position_70,arm,position_only,668804,Bryan Reynolds,RF,-2.069397318078966,0.06081818963876007
position_70,arm,position_only,668885,Austin Martin,LF,-0.01572468570430395,-1.023254426829538
position_70,arm,position_only,669326,Bryce Teodosio,CF,0.24022242948825295,0.32671570453016174
position_70,arm,position_only,669720,Austin Hays,LF,-0.4204643210044666,-0.9234621232922682
position_70,arm,position_only,670224,Kameron Misner,CF,1.6127277239481357,0.23586831604549433
position_70,arm,position_only,670242,Matt Wallner,RF,1.1556046390933497,-0.15017454403977726
position_70,arm,position_only,670770,TJ Friedl,CF,-1.125652275116681,0.7988526624073837
position_70,arm,position_only,671218,Heliot Ramos,LF,-2.852264117949154,-0.06035676943555157
position_70,arm,position_only,671289,Tyler Freeman,RF,0.37899715749436674,-0.2418416700309362
position_70,arm,position_only,671739,Michael Harris II,CF,-0.9876726709145612,0.9695834681249804
position_70,arm,position_only,672016,Denzel Clarke,CF,-0.4975823975302214,0.378158102939701
position_70,arm,position_only,672761,Wenceel Pérez,RF,0.874762636324407,-0.052511912103860636
position_70,arm,position_only,673357,Luis Robert Jr.,CF,0.6909152403243717,0.5780173781260154
position_70,arm,position_only,676694,Jake Meyers,CF,-0.8234849465069446,0.4968650137419649
position_70,arm,position_only,677594,Julio Rodríguez,CF,0.8319043325567982,0.8407755301737339
position_70,arm,position_only,677800,Wilyer Abreu,RF,1.4368238353644978,-0.23835502209247422
position_70,arm,position_only,677950,Alek Thomas,CF,0.02656015185094707,0.7776370046935001
position_70,arm,position_only,678882,Ceddanne Rafaela,CF,2.2587024372292106,0.7174335717030286
position_70,arm,position_only,680718,Addison Barger,RF,3.94320411359214,-0.6018691642431291
position_70,arm,position_only,680757,Steven Kwan,LF,6.790884884520767,-0.7324602103333184
position_70,arm,position_only,680776,Jarren Duran,LF,3.64684485830116,-0.516646940210888
position_70,arm,position_only,681624,Andy Pages,CF,3.0784142474100085,0.7338211559365491
position_70,arm,position_only,682622,Noelvi Marte,RF,0.9944570487786196,-0.38467502173646106
position_70,arm,position_only,682657,Angel Martínez,CF,0.4419789022372485,0.5103086490896556
position_70,arm,position_only,682985,Riley Greene,LF,-3.710555132428767,-0.2807777922119614
position_70,arm,position_only,682998,Corbin Carroll,RF,-2.626904589820516,0.4108901910154157
position_70,arm,position_only,686217,Sal Frelick,RF,1.120727573310276,-0.027135632682873223
position_70,arm,position_only,686527,Dominic Canzone,RF,-2.1685577148189843,-0.18883923378871648
position_70,arm,position_only,686555,Isaac Collins,LF,-2.3026726170174268,-0.617163359167781
position_70,arm,position_only,686611,Dylan Crews,RF,-1.7328196929618065,0.033237824494630086
position_70,arm,position_only,686668,Brenton Doyle,CF,5.092036285918088,0.6435359558090538
position_70,arm,position_only,687363,Victor Scott II,CF,-3.1357383113379647,0.9331574459276222
position_70,arm,position_only,687597,Jordan Beck,LF,1.155567072838218,-0.40760990973162614
position_70,arm,position_only,690987,Robert Hassell III,CF,0.5614899581726053,0.32415028531501533
position_70,arm,position_only,691016,Tyler Soderstrom,LF,-1.5081317433325103,-0.6022725562564328
position_70,arm,position_only,691023,Jordan Walker,RF,-2.5154327582345086,0.1698960972552831
position_70,arm,position_only,691176,Jasson Domínguez,LF,-0.8547502290328867,-0.7074009524865039
position_70,arm,position_only,691718,Pete Crow-Armstrong,CF,2.5085929766777535,0.760904041818402
position_70,arm,position_only,694671,Wyatt Langford,LF,0.448713777369651,-0.5144700179896058
position_70,arm,position_only,695506,Jac Caglianone,RF,-0.6001541553280275,-0.34876012214453217
position_70,arm,position_only,695578,James Wood,LF,0.08169507460643674,-0.5513511132989763
position_70,arm,position_only,695734,Daylen Lile,RF,-2.5341406617277435,-0.02020035116407326
position_70,arm,position_only,696285,Jacob Young,CF,1.8164990036521376,0.553127463405712
position_70,arm,position_only,701358,Cam Smith,RF,-0.35894770017858596,-0.003420156586617651
position_70,arm,position_only,701538,Jackson Merrill,CF,2.6648216021736344,0.5483521545686438
position_70,arm,position_only,805300,Jakob Marsee,CF,-0.6424612826953974,0.39762077179001293
position_70,arm,position_only,808982,Jung Hoo Lee,CF,2.427216286187558,0.7748207852789486
position_70,arm,no_position,502054,Tommy Pham,LF,-1.171167899055583,-0.2476404400794959
position_70,arm,no_position,573262,Mike Yastrzemski,RF,4.558942932422652,-0.030125746399401472
position_70,arm,no_position,592206,Nick Castellanos,RF,-1.5426271239484215,-1.320513841698712
position_70,arm,no_position,592450,Aaron Judge,RF,2.2808366216085663,0.19854497197717305
position_70,arm,no_position,595777,Jurickson Profar,LF,-2.213223359833487,-0.9347914671972726
position_70,arm,no_position,596146,Max Kepler,LF,-1.3472028936192504,-0.9269067836781171
position_70,arm,no_position,606192,Teoscar Hernández,RF,-0.8419174315230058,-0.3184219318439818
position_70,arm,no_position,607043,Brandon Nimmo,LF,-0.106130228114432,-0.6849094196574584
position_70,arm,no_position,621438,Tyrone Taylor,CF,4.971724418396483,0.08098275650476398
position_70,arm,no_position,621439,Byron Buxton,CF,-0.4418317589943382,0.20659540573900442
position_70,arm,no_position,621493,Taylor Ward,LF,-2.227229009385241,-0.1924709294525008
position_70,arm,no_position,624424,Michael Conforto,LF,-1.1316390801068077,-0.28054427424696915
position_70,arm,no_position,641584,Jake Fraley,RF,-1.7735897761757091,0.210755524894897
position_70,arm,no_position,641933,Tyler O'Neill,RF,-1.4540820160712462,0.483851877421146
position_70,arm,no_position,643217,Andrew Benintendi,LF,-2.919123780075372,-1.3775079113652648
position_70,arm,no_position,643565,Mike Tauchman,RF,-0.17766717753047778,-1.1205071436147103
position_70,arm,no_position,656775,Cedric Mullins,CF,-4.388636968516528,-0.8179439690515047
position_70,arm,no_position,657077,Alex Verdugo,LF,-0.6414576010268973,0.29393381790751066
position_70,arm,no_position,657757,Gavin Sheets,LF,1.2922565475564758,-0.8653704787872417
position_70,arm,no_position,660670,Ronald Acuña Jr.,RF,1.1798816140276314,1.4216631925611847
position_70,arm,no_position,660821,Jesús Sánchez,RF,1.0580654957276394,0.19260284284842583
position_70,arm,no_position,662139,Daulton Varsho,CF,-1.757961029988357,-3.982356055762798
position_70,arm,no_position,663457,Lars Nootbaar,LF,-2.8965229750583656,0.6767108328699626
position_70,arm,no_position,663616,Trevor Larnach,RF,-2.65356450862029,-1.1924939411066677
position_70,arm,no_position,663656,Kyle Tucker,RF,2.049856492631077,-0.6542606517915974
position_70,arm,no_position,663757,Trent Grisham,CF,-1.4324983890233218,-0.8372506098621175
position_70,arm,no_position,664023,Ian Happ,LF,0.5428484766547604,-0.5533456498397746
position_70,arm,no_position,664702,Myles Straw,CF,0.03546860408964611,-1.2763764656964327
position_70,arm,no_position,664728,Kyle Isbel,CF,-0.5482903215002092,-1.1741622501787112
position_70,arm,no_position,665487,Fernando Tatis Jr.,RF,2.068462681764043,1.9013144546805625
position_70,arm,no_position,665742,Juan Soto,RF,-2.0554635184924863,0.07521595858228686
position_70,arm,no_position,665833,Oneil Cruz,CF,3.80747216804713,2.2903777484553136
position_70,arm,no_position,666139,Josh Lowe,RF,-1.7429419368804109,-0.5620774770382893
position_70,arm,no_position,666158,Gavin Lux,LF,3.0390916504963e-4,-0.6273841927827086
position_70,arm,no_position,666624,Christopher Morel,LF,-1.3918179209059698,0.7166763253624698
position_70,arm,no_position,666969,Adolis García,RF,1.1197200706829331,0.9763150466365593
position_70,arm,no_position,666971,Lourdes Gurriel Jr.,LF,0.41072361980023625,-0.44535178435670286
position_70,arm,no_position,668227,Randy Arozarena,LF,-2.0790715056740408,-1.0487586126832928
position_70,arm,no_position,668804,Bryan Reynolds,RF,-2.069397318078966,-0.19623337722345277
position_70,arm,no_position,668885,Austin Martin,LF,-0.01572468570430395,-1.1229366916704788
position_70,arm,no_position,669326,Bryce Teodosio,CF,0.24022242948825295,-0.21058542454394988
position_70,arm,no_position,669720,Austin Hays,LF,-0.4204643210044666,0.4378671802001116
position_70,arm,no_position,670224,Kameron Misner,CF,1.6127277239481357,-0.05098821919529176
position_70,arm,no_position,670242,Matt Wallner,RF,1.1556046390933497,1.8137688358623274
position_70,arm,no_position,670770,TJ Friedl,CF,-1.125652275116681,-1.0681498299473957
position_70,arm,no_position,671218,Heliot Ramos,LF,-2.852264117949154,0.041262816570753695
position_70,arm,no_position,671289,Tyler Freeman,RF,0.37899715749436674,0.810235031379459
position_70,arm,no_position,671739,Michael Harris II,CF,-0.9876726709145612,0.4007507279374021
position_70,arm,no_position,672016,Denzel Clarke,CF,-0.4975823975302214,-0.7343816802160682
position_70,arm,no_position,672761,Wenceel Pérez,RF,0.874762636324407,0.13673550058756787
position_70,arm,no_position,673357,Luis Robert Jr.,CF,0.6909152403243717,-0.8798799341217565
position_70,arm,no_position,676694,Jake Meyers,CF,-0.8234849465069446,-2.684303048536927
position_70,arm,no_position,677594,Julio Rodríguez,CF,0.8319043325567982,1.2871150460335639
position_70,arm,no_position,677800,Wilyer Abreu,RF,1.4368238353644978,1.2765169774733547
position_70,arm,no_position,677950,Alek Thomas,CF,0.02656015185094707,-1.0774483826263084
position_70,arm,no_position,678882,Ceddanne Rafaela,CF,2.2587024372292106,1.3625334845648465
position_70,arm,no_position,680718,Addison Barger,RF,3.94320411359214,1.4340463053171042
position_70,arm,no_position,680757,Steven Kwan,LF,6.790884884520767,-0.20795409230062145
position_70,arm,no_position,680776,Jarren Duran,LF,3.64684485830116,0.07948275322332818
position_70,arm,no_position,681624,Andy Pages,CF,3.0784142474100085,1.6261060741311362
position_70,arm,no_position,682622,Noelvi Marte,RF,0.9944570487786196,0.6296803823468381
position_70,arm,no_position,682657,Angel Martínez,CF,0.4419789022372485,1.0990234625332576
position_70,arm,no_position,682985,Riley Greene,LF,-3.710555132428767,-0.6747033904799509
position_70,arm,no_position,682998,Corbin Carroll,RF,-2.626904589820516,-0.0914997184609168
position_70,arm,no_position,686217,Sal Frelick,RF,1.120727573310276,-0.2792663461886863
position_70,arm,no_position,686527,Dominic Canzone,RF,-2.1685577148189843,0.5894939283945038
position_70,arm,no_position,686555,Isaac Collins,LF,-2.3026726170174268,-0.7415217413215146
position_70,arm,no_position,686611,Dylan Crews,RF,-1.7328196929618065,-0.28604462057373053
position_70,arm,no_position,686668,Brenton Doyle,CF,5.092036285918088,1.498293765108268
position_70,arm,no_position,687363,Victor Scott II,CF,-3.1357383113379647,-0.06766662946521881
position_70,arm,no_position,687597,Jordan Beck,LF,1.155567072838218,0.04022016695142758
position_70,arm,no_position,690987,Robert Hassell III,CF,0.5614899581726053,-0.2756873306579527
position_70,arm,no_position,691016,Tyler Soderstrom,LF,-1.5081317433325103,0.6456523688905992
position_70,arm,no_position,691023,Jordan Walker,RF,-2.5154327582345086,1.4665612363649114
position_70,arm,no_position,691176,Jasson Domínguez,LF,-0.8547502290328867,0.8213976630280739
position_70,arm,no_position,691718,Pete Crow-Armstrong,CF,2.5085929766777535,1.1585842885338982
position_70,arm,no_position,694671,Wyatt Langford,LF,0.448713777369651,-0.3782184508839672
position_70,arm,no_position,695506,Jac Caglianone,RF,-0.6001541553280275,1.4822098607654528
position_70,arm,no_position,695578,James Wood,LF,0.08169507460643674,-0.4004437189684393
position_70,arm,no_position,695734,Daylen Lile,RF,-2.5341406617277435,-0.8411041792968963
position_70,arm,no_position,696285,Jacob Young,CF,1.8164990036521376,0.05704315698346601
position_70,arm,no_position,701358,Cam Smith,RF,-0.35894770017858596,0.6814229190176498
position_70,arm,no_position,701538,Jackson Merrill,CF,2.6648216021736344,1.2037045178793668
position_70,arm,no_position,805300,Jakob Marsee,CF,-0.6424612826953974,-0.30389042458046617
position_70,arm,no_position,808982,Jung Hoo Lee,CF,2.427216286187558,0.9617684091714028
position_70,arm,common_slope,502054,Tommy Pham,LF,-1.171167899055583,-0.5017536052352987
position_70,arm,common_slope,573262,Mike Yastrzemski,RF,4.558942932422652,-0.5376758611841836
position_70,arm,common_slope,592206,Nick Castellanos,RF,-1.5426271239484215,-1.7205190527999024
position_70,arm,common_slope,592450,Aaron Judge,RF,2.2808366216085663,-0.23006231344178218
position_70,arm,common_slope,595777,Jurickson Profar,LF,-2.213223359833487,-1.2093092503597247
position_70,arm,common_slope,596146,Max Kepler,LF,-1.3472028936192504,-1.2074782756321303
position_70,arm,common_slope,606192,Teoscar Hernández,RF,-0.8419174315230058,-0.6845288343097008
position_70,arm,common_slope,607043,Brandon Nimmo,LF,-0.106130228114432,-0.9601067304886729
position_70,arm,common_slope,621438,Tyrone Taylor,CF,4.971724418396483,0.6362753121901767
position_70,arm,common_slope,621439,Byron Buxton,CF,-0.4418317589943382,0.9142454697392318
position_70,arm,common_slope,621493,Taylor Ward,LF,-2.227229009385241,-0.4257364421224812
position_70,arm,common_slope,624424,Michael Conforto,LF,-1.1316390801068077,-0.5412773133099661
position_70,arm,common_slope,641584,Jake Fraley,RF,-1.7735897761757091,-0.16428173013520103
position_70,arm,common_slope,641933,Tyler O'Neill,RF,-1.4540820160712462,0.10071896527969805
position_70,arm,common_slope,643217,Andrew Benintendi,LF,-2.919123780075372,-1.664328915948205
position_70,arm,common_slope,643565,Mike Tauchman,RF,-0.17766717753047778,-1.573976633653235
position_70,arm,common_slope,656775,Cedric Mullins,CF,-4.388636968516528,-0.031175672855141362
position_70,arm,common_slope,657077,Alex Verdugo,LF,-0.6414576010268973,0.022958965600655787
position_70,arm,common_slope,657757,Gavin Sheets,LF,1.2922565475564758,-1.2736712421068828
position_70,arm,common_slope,660670,Ronald Acuña Jr.,RF,1.1798816140276314,1.0568133410999991
position_70,arm,common_slope,660821,Jesús Sánchez,RF,1.0580654957276394,-0.2049107091552986
position_70,arm,common_slope,662139,Daulton Varsho,CF,-1.757961029988357,-3.340210988053284
position_70,arm,common_slope,663457,Lars Nootbaar,LF,-2.8965229750583656,0.5060268420860466
position_70,arm,common_slope,663616,Trevor Larnach,RF,-2.65356450862029,-1.599859435944008
position_70,arm,common_slope,663656,Kyle Tucker,RF,2.049856492631077,-1.131506738736508
position_70,arm,common_slope,663757,Trent Grisham,CF,-1.4324983890233218,-0.15887594898983853
position_70,arm,common_slope,664023,Ian Happ,LF,0.5428484766547604,-0.8369413333218749
position_70,arm,common_slope,664702,Myles Straw,CF,0.03546860408964611,-0.6498083651139539
position_70,arm,common_slope,664728,Kyle Isbel,CF,-0.5482903215002092,-0.5225985797686001
position_70,arm,common_slope,665487,Fernando Tatis Jr.,RF,2.068462681764043,1.5494091409168982
position_70,arm,common_slope,665742,Juan Soto,RF,-2.0554635184924863,-0.2119462395498364
position_70,arm,common_slope,665833,Oneil Cruz,CF,3.80747216804713,3.0224019111625062
position_70,arm,common_slope,666139,Josh Lowe,RF,-1.7429419368804109,-0.9338175903021302
position_70,arm,common_slope,666158,Gavin Lux,LF,3.0390916504963e-4,-0.9827233900911213
position_70,arm,common_slope,666624,Christopher Morel,LF,-1.3918179209059698,0.5213101864407291
position_70,arm,common_slope,666969,Adolis García,RF,1.1197200706829331,0.612118473327477
position_70,arm,common_slope,666971,Lourdes Gurriel Jr.,LF,0.41072361980023625,-0.7304666229677376
position_70,arm,common_slope,668227,Randy Arozarena,LF,-2.0790715056740408,-1.3142461250407782
position_70,arm,common_slope,668804,Bryan Reynolds,RF,-2.069397318078966,-0.5296166884174446
position_70,arm,common_slope,668885,Austin Martin,LF,-0.01572468570430395,-1.5014838188775337
position_70,arm,common_slope,669326,Bryce Teodosio,CF,0.24022242948825295,0.4427218470639569
position_70,arm,common_slope,669720,Austin Hays,LF,-0.4204643210044666,0.17195719884162347
position_70,arm,common_slope,670224,Kameron Misner,CF,1.6127277239481357,0.5769306831679082
position_70,arm,common_slope,670242,Matt Wallner,RF,1.1556046390933497,1.4513664183819124
position_70,arm,common_slope,670770,TJ Friedl,CF,-1.125652275116681,-0.383051968871357
position_70,arm,common_slope,671218,Heliot Ramos,LF,-2.852264117949154,-0.1720572442914417
position_70,arm,common_slope,671289,Tyler Freeman,RF,0.37899715749436674,0.4277500713051
position_70,arm,common_slope,671739,Michael Harris II,CF,-0.9876726709145612,1.1594132706165514
position_70,arm,common_slope,672016,Denzel Clarke,CF,-0.4975823975302214,-0.0831743053143203
position_70,arm,common_slope,672761,Wenceel Pérez,RF,0.874762636324407,-0.25863925839700835
position_70,arm,common_slope,673357,Luis Robert Jr.,CF,0.6909152403243717,-0.2528289139311515
position_70,arm,common_slope,676694,Jake Meyers,CF,-0.8234849465069446,-2.060320090616494
position_70,arm,common_slope,677594,Julio Rodríguez,CF,0.8319043325567982,2.040995179962168
position_70,arm,common_slope,677800,Wilyer Abreu,RF,1.4368238353644978,0.8945123797728729
position_70,arm,common_slope,677950,Alek Thomas,CF,0.02656015185094707,-0.42219887137367973
position_70,arm,common_slope,678882,Ceddanne Rafaela,CF,2.2587024372292106,2.074330838406492
position_70,arm,common_slope,680718,Addison Barger,RF,3.94320411359214,1.0040447258764928
position_70,arm,common_slope,680757,Steven Kwan,LF,6.790884884520767,-0.59132471071481
position_70,arm,common_slope,680776,Jarren Duran,LF,3.64684485830116,-0.21941036398879
position_70,arm,common_slope,681624,Andy Pages,CF,3.0784142474100085,2.3453640624603005
position_70,arm,common_slope,682622,Noelvi Marte,RF,0.9944570487786196,0.22053329848031164
position_70,arm,common_slope,682657,Angel Martínez,CF,0.4419789022372485,1.8176081532426296
position_70,arm,common_slope,682985,Riley Greene,LF,-3.710555132428767,-0.9040395096844828
position_70,arm,common_slope,682998,Corbin Carroll,RF,-2.626904589820516,-0.369008190590427
position_70,arm,common_slope,686217,Sal Frelick,RF,1.120727573310276,-0.703390786041409
position_70,arm,common_slope,686527,Dominic Canzone,RF,-2.1685577148189843,0.23133561080864445
position_70,arm,common_slope,686555,Isaac Collins,LF,-2.3026726170174268,-1.000260937287582
position_70,arm,common_slope,686611,Dylan Crews,RF,-1.7328196929618065,-0.633545597783236
position_70,arm,common_slope,686668,Brenton Doyle,CF,5.092036285918088,2.162004412589481
position_70,arm,common_slope,687363,Victor Scott II,CF,-3.1357383113379647,0.7084355406086789
position_70,arm,common_slope,687597,Jordan Beck,LF,1.155567072838218,-0.23220843124369472
position_70,arm,common_slope,690987,Robert Hassell III,CF,0.5614899581726053,0.3673841979632577
position_70,arm,common_slope,691016,Tyler Soderstrom,LF,-1.5081317433325103,0.4503288543347773
position_70,arm,common_slope,691023,Jordan Walker,RF,-2.5154327582345086,1.1784751168622534
position_70,arm,common_slope,691176,Jasson Domínguez,LF,-0.8547502290328867,0.6126951842225676
position_70,arm,common_slope,691718,Pete Crow-Armstrong,CF,2.5085929766777535,1.8602386505300836
position_70,arm,common_slope,694671,Wyatt Langford,LF,0.448713777369651,-0.6649439052640043
position_70,arm,common_slope,695506,Jac Caglianone,RF,-0.6001541553280275,1.0965463436562535
position_70,arm,common_slope,695578,James Wood,LF,0.08169507460643674,-0.6859200800092949
position_70,arm,common_slope,695734,Daylen Lile,RF,-2.5341406617277435,-1.1974329368112473
position_70,arm,common_slope,696285,Jacob Young,CF,1.8164990036521376,0.6907310041309234
position_70,arm,common_slope,701358,Cam Smith,RF,-0.35894770017858596,0.3325460093208456
position_70,arm,common_slope,701538,Jackson Merrill,CF,2.6648216021736344,1.8772069114749892
position_70,arm,common_slope,805300,Jakob Marsee,CF,-0.6424612826953974,0.3654853630320423
position_70,arm,common_slope,808982,Jung Hoo Lee,CF,2.427216286187558,1.6553870750212096
position_70,arm,position_slopes,502054,Tommy Pham,LF,-1.171167899055583,-0.5182799826272079
position_70,arm,position_slopes,573262,Mike Yastrzemski,RF,4.558942932422652,-0.5905858097361736
position_70,arm,position_slopes,592206,Nick Castellanos,RF,-1.5426271239484215,-1.6425076669944316
position_70,arm,position_slopes,592450,Aaron Judge,RF,2.2808366216085663,-0.2086926512596383
position_70,arm,position_slopes,595777,Jurickson Profar,LF,-2.213223359833487,-0.9053549578565147
position_70,arm,position_slopes,596146,Max Kepler,LF,-1.3472028936192504,-0.9213696129537154
position_70,arm,position_slopes,606192,Teoscar Hernández,RF,-0.8419174315230058,-0.6683030711935382
position_70,arm,position_slopes,607043,Brandon Nimmo,LF,-0.106130228114432,-0.7967071146387315
position_70,arm,position_slopes,621438,Tyrone Taylor,CF,4.971724418396483,0.6978322308786636
position_70,arm,position_slopes,621439,Byron Buxton,CF,-0.4418317589943382,0.9039278526755894
position_70,arm,position_slopes,621493,Taylor Ward,LF,-2.227229009385241,-0.3397045273331733
position_70,arm,position_slopes,624424,Michael Conforto,LF,-1.1316390801068077,-0.5526540516733499
position_70,arm,position_slopes,641584,Jake Fraley,RF,-1.7735897761757091,-0.09623995719849944
position_70,arm,position_slopes,641933,Tyler O'Neill,RF,-1.4540820160712462,0.1621580315559355
position_70,arm,position_slopes,643217,Andrew Benintendi,LF,-2.919123780075372,-1.0154467108498941
position_70,arm,position_slopes,643565,Mike Tauchman,RF,-0.17766717753047778,-1.486919384766749
position_70,arm,position_slopes,656775,Cedric Mullins,CF,-4.388636968516528,-0.15343149239690182
position_70,arm,position_slopes,657077,Alex Verdugo,LF,-0.6414576010268973,-0.24656240223745546
position_70,arm,position_slopes,657757,Gavin Sheets,LF,1.2922565475564758,-1.126975556952288
position_70,arm,position_slopes,660670,Ronald Acuña Jr.,RF,1.1798816140276314,0.9491771043880312
position_70,arm,position_slopes,660821,Jesús Sánchez,RF,1.0580654957276394,-0.2128997196453678
position_70,arm,position_slopes,662139,Daulton Varsho,CF,-1.757961029988357,-4.230457781613238
position_70,arm,position_slopes,663457,Lars Nootbaar,LF,-2.8965229750583656,0.32265500659137847
position_70,arm,position_slopes,663616,Trevor Larnach,RF,-2.65356450862029,-1.3162491628890844
position_70,arm,position_slopes,663656,Kyle Tucker,RF,2.049856492631077,-1.1309166623754205
position_70,arm,position_slopes,663757,Trent Grisham,CF,-1.4324983890233218,-0.25353346844262997
position_70,arm,position_slopes,664023,Ian Happ,LF,0.5428484766547604,-0.7380171147273641
position_70,arm,position_slopes,664702,Myles Straw,CF,0.03546860408964611,-0.7710742996473462
position_70,arm,position_slopes,664728,Kyle Isbel,CF,-0.5482903215002092,-0.6976522597971693
position_70,arm,position_slopes,665487,Fernando Tatis Jr.,RF,2.068462681764043,1.2956192060502525
position_70,arm,position_slopes,665742,Juan Soto,RF,-2.0554635184924863,-0.26317274337407554
position_70,arm,position_slopes,665833,Oneil Cruz,CF,3.80747216804713,3.3771913256813417
position_70,arm,position_slopes,666139,Josh Lowe,RF,-1.7429419368804109,-0.8301694541118337
position_70,arm,position_slopes,666158,Gavin Lux,LF,3.0390916504963e-4,-0.895990168175491
position_70,arm,position_slopes,666624,Christopher Morel,LF,-1.3918179209059698,0.2631388375238812
position_70,arm,position_slopes,666969,Adolis García,RF,1.1197200706829331,0.5126943811871003
position_70,arm,position_slopes,666971,Lourdes Gurriel Jr.,LF,0.41072361980023625,-0.6697937309091025
position_70,arm,position_slopes,668227,Randy Arozarena,LF,-2.0790715056740408,-0.8162429789492043
position_70,arm,position_slopes,668804,Bryan Reynolds,RF,-2.069397318078966,-0.49324747339060737
position_70,arm,position_slopes,668885,Austin Martin,LF,-0.01572468570430395,-1.2447117996801986
position_70,arm,position_slopes,669326,Bryce Teodosio,CF,0.24022242948825295,0.575043348091311
position_70,arm,position_slopes,669720,Austin Hays,LF,-0.4204643210044666,-0.1592311838895354
position_70,arm,position_slopes,670224,Kameron Misner,CF,1.6127277239481357,0.7326992929263595
position_70,arm,position_slopes,670242,Matt Wallner,RF,1.1556046390933497,1.3378568536496447
position_70,arm,position_slopes,670770,TJ Friedl,CF,-1.125652275116681,-0.595447708595602
position_70,arm,position_slopes,671218,Heliot Ramos,LF,-2.852264117949154,-0.21244604326532737
position_70,arm,position_slopes,671289,Tyler Freeman,RF,0.37899715749436674,0.4174489179091213
position_70,arm,position_slopes,671739,Michael Harris II,CF,-0.9876726709145612,1.0975961558685357
position_70,arm,position_slopes,672016,Denzel Clarke,CF,-0.4975823975302214,-0.04250387278013511
position_70,arm,position_slopes,672761,Wenceel Pérez,RF,0.874762636324407,-0.2652459657307887
position_70,arm,position_slopes,673357,Luis Robert Jr.,CF,0.6909152403243717,-0.37303757949162275
position_70,arm,position_slopes,676694,Jake Meyers,CF,-0.8234849465069446,-2.485147023778598
position_70,arm,position_slopes,677594,Julio Rodríguez,CF,0.8319043325567982,2.1466511605121625
position_70,arm,position_slopes,677800,Wilyer Abreu,RF,1.4368238353644978,0.8126674972801525
position_70,arm,position_slopes,677950,Alek Thomas,CF,0.02656015185094707,-0.6737305658824166
position_70,arm,position_slopes,678882,Ceddanne Rafaela,CF,2.2587024372292106,2.2216242708881038
position_70,arm,position_slopes,680718,Addison Barger,RF,3.94320411359214,0.74752667567179365
position_70,arm,position_slopes,680757,Steven Kwan,LF,6.790884884520767,-0.7428541262745045
position_70,arm,position_slopes,680776,Jarren Duran,LF,3.64684485830116,-0.5148385680896082
position_70,arm,position_slopes,681624,Andy Pages,CF,3.0784142474100085,2.500609515844275
position_70,arm,position_slopes,682622,Noelvi Marte,RF,0.9944570487786196,0.24280904773971296
position_70,arm,position_slopes,682657,Angel Martínez,CF,0.4419789022372485,2.1031276842705653
position_70,arm,position_slopes,682985,Riley Greene,LF,-3.710555132428767,-0.6025767266261264
position_70,arm,position_slopes,682998,Corbin Carroll,RF,-2.626904589820516,-0.3813068180018979
position_70,arm,position_slopes,686217,Sal Frelick,RF,1.120727573310276,-0.7014459623836335
position_70,arm,position_slopes,686527,Dominic Canzone,RF,-2.1685577148189843,0.2690885751791288
position_70,arm,position_slopes,686555,Isaac Collins,LF,-2.3026726170174268,-0.7916576188330673
position_70,arm,position_slopes,686611,Dylan Crews,RF,-1.7328196929618065,-0.5870757846022648
position_70,arm,position_slopes,686668,Brenton Doyle,CF,5.092036285918088,2.2659709585622485
position_70,arm,position_slopes,687363,Victor Scott II,CF,-3.1357383113379647,0.6320683173172339
position_70,arm,position_slopes,687597,Jordan Beck,LF,1.155567072838218,-0.3825239495687378
position_70,arm,position_slopes,690987,Robert Hassell III,CF,0.5614899581726053,0.4795002397578641
position_70,arm,position_slopes,691016,Tyler Soderstrom,LF,-1.5081317433325103,0.18900442826322175
position_70,arm,position_slopes,691023,Jordan Walker,RF,-2.5154327582345086,1.1534268905643117
position_70,arm,position_slopes,691176,Jasson Domínguez,LF,-0.8547502290328867,0.26330718479193016
position_70,arm,position_slopes,691718,Pete Crow-Armstrong,CF,2.5085929766777535,1.9397952262438187
position_70,arm,position_slopes,694671,Wyatt Langford,LF,0.448713777369651,-0.6319522172441207
position_70,arm,position_slopes,695506,Jac Caglianone,RF,-0.6001541553280275,1.150783906212139
position_70,arm,position_slopes,695578,James Wood,LF,0.08169507460643674,-0.6447669336637889
position_70,arm,position_slopes,695734,Daylen Lile,RF,-2.5341406617277435,-1.037984682083579
position_70,arm,position_slopes,696285,Jacob Young,CF,1.8164990036521376,0.7183132539826143
position_70,arm,position_slopes,701358,Cam Smith,RF,-0.35894770017858596,0.2843358966983131
position_70,arm,position_slopes,701538,Jackson Merrill,CF,2.6648216021736344,2.0711371804858705
position_70,arm,position_slopes,805300,Jakob Marsee,CF,-0.6424612826953974,0.4708988973800564
position_70,arm,position_slopes,808982,Jung Hoo Lee,CF,2.427216286187558,1.6973554943298652
position_70,attempts,position_only,502054,Tommy Pham,LF,0.37282229965156793,0.3316912972085582
position_70,attempts,position_only,573262,Mike Yastrzemski,RF,0.359375,0.36858591885442943
position_70,attempts,position_only,592206,Nick Castellanos,RF,0.36503067484662577,0.36831890116454125
position_70,attempts,position_only,592450,Aaron Judge,RF,0.31862745098039214,0.369648093841651
position_70,attempts,position_only,595777,Jurickson Profar,LF,0.3523809523809524,0.33270142180097245
position_70,attempts,position_only,596146,Max Kepler,LF,0.2926829268292683,0.3348385331144118
position_70,attempts,position_only,606192,Teoscar Hernández,RF,0.3724832214765101,0.36797502230153073
position_70,attempts,position_only,607043,Brandon Nimmo,LF,0.3394736842105263,0.3329175329175612
position_70,attempts,position_only,621438,Tyrone Taylor,CF,0.3380952380952381,0.3691518261394667
position_70,attempts,position_only,621439,Byron Buxton,CF,0.4154929577464789,0.3661477411477551
position_70,attempts,position_only,621493,Taylor Ward,LF,0.33406113537117904,0.33319321843914995
position_70,attempts,position_only,624424,Michael Conforto,LF,0.3203125,0.3336966889222223
position_70,attempts,position_only,641584,Jake Fraley,RF,0.3986013986013986,0.367533788693516
position_70,attempts,position_only,641933,Tyler O'Neill,RF,0.41935483870967744,0.3672463768116052
position_70,attempts,position_only,643217,Andrew Benintendi,LF,0.328042328042328,0.3333783418849839
position_70,attempts,position_only,643565,Mike Tauchman,RF,0.3707865168539326,0.3680981595092157
position_70,attempts,position_only,656775,Cedric Mullins,CF,0.4228187919463087,0.365708167635375
position_70,attempts,position_only,657077,Alex Verdugo,LF,0.35,0.33297658862878676
position_70,attempts,position_only,657757,Gavin Sheets,LF,0.30303030303030304,0.33377998124081043
position_70,attempts,position_only,660670,Ronald Acuña Jr.,RF,0.36134453781512604,0.36840554081934757
position_70,attempts,position_only,660821,Jesús Sánchez,RF,0.3682170542635659,0.3681643511676167
position_70,attempts,position_only,662139,Daulton Varsho,CF,0.32666666666666666,0.3691295243793146
position_70,attempts,position_only,663457,Lars Nootbaar,LF,0.335978835978836,0.3331023971179447
position_70,attempts,position_only,663616,Trevor Larnach,RF,0.40625,0.3674593967517518
position_70,attempts,position_only,663656,Kyle Tucker,RF,0.37916666666666665,0.367777122641523
position_70,attempts,position_only,663757,Trent Grisham,CF,0.3835616438356164,0.3676892851745684
position_70,attempts,position_only,664023,Ian Happ,LF,0.27548209366391185,0.3361449115044307
position_70,attempts,position_only,664702,Myles Straw,CF,0.3651685393258427,0.36827876239112645
position_70,attempts,position_only,664728,Kyle Isbel,CF,0.3728813559322034,0.3680303030303217
position_70,attempts,position_only,665487,Fernando Tatis Jr.,RF,0.3496932515337423,0.3690653926545371
position_70,attempts,position_only,665742,Juan Soto,RF,0.37275064267352187,0.3678975131876563
position_70,attempts,position_only,665833,Oneil Cruz,CF,0.3978102189781022,0.3669612922889531
position_70,attempts,position_only,666139,Josh Lowe,RF,0.3691588785046729,0.36813509544788436
position_70,attempts,position_only,666158,Gavin Lux,LF,0.3884297520661157,0.3323521541343518
position_70,attempts,position_only,666624,Christopher Morel,LF,0.3333333333333333,0.33324403964642213
position_70,attempts,position_only,666969,Adolis García,RF,0.3044982698961938,0.3708982925018603
position_70,attempts,position_only,666971,Lourdes Gurriel Jr.,LF,0.37425149700598803,0.3313593168985174
position_70,attempts,position_only,668227,Randy Arozarena,LF,0.3176178660049628,0.334121245828725
position_70,attempts,position_only,668804,Bryan Reynolds,RF,0.3684210526315789,0.3681562592483123
position_70,attempts,position_only,668885,Austin Martin,LF,0.375,0.33257525083614187
position_70,attempts,position_only,669326,Bryce Teodosio,CF,0.3333333333333333,0.368804881678837
position_70,attempts,position_only,669720,Austin Hays,LF,0.3541666666666667,0.33284122936520993
position_70,attempts,position_only,670224,Kameron Misner,CF,0.27586206896551724,0.369791666666673
position_70,attempts,position_only,670242,Matt Wallner,RF,0.34513274336283184,0.368932038834964
position_70,attempts,position_only,670770,TJ Friedl,CF,0.3896551724137931,0.36724717384664185
position_70,attempts,position_only,671218,Heliot Ramos,LF,0.342042755344418,0.3327293002509347
position_70,attempts,position_only,671289,Tyler Freeman,RF,0.34831460674157305,0.36868244230208685
position_70,attempts,position_only,671739,Michael Harris II,CF,0.36182336182336183,0.3685427910563037
position_70,attempts,position_only,672016,Denzel Clarke,CF,0.42016806722689076,0.3672770582105256
position_70,attempts,position_only,672761,Wenceel Pérez,RF,0.40304182509505704,0.3668096435438662
position_70,attempts,position_only,673357,Luis Robert Jr.,CF,0.3930131004366812,0.3673376721659018
position_70,attempts,position_only,676694,Jake Meyers,CF,0.32934131736526945,0.3691707902234368
position_70,attempts,position_only,677594,Julio Rodríguez,CF,0.34411764705882353,0.36945812807883505
position_70,attempts,position_only,677800,Wilyer Abreu,RF,0.30256410256410254,0.3700395372675416
position_70,attempts,position_only,677950,Alek Thomas,CF,0.42333333333333334,0.36566707466341514
position_70,attempts,position_only,678882,Ceddanne Rafaela,CF,0.3575949367088608,0.3687116564417371
position_70,attempts,position_only,680718,Addison Barger,RF,0.3813559322033898,0.36794092093832714
position_70,attempts,position_only,680757,Steven Kwan,LF,0.3261455525606469,0.3336101882613792
position_70,attempts,position_only,680776,Jarren Duran,LF,0.3248847926267281,0.333752269236169
position_70,attempts,position_only,681624,Andy Pages,CF,0.3468208092485549,0.36933744221881604
position_70,attempts,position_only,682622,Noelvi Marte,RF,0.31851851851851853,0.369139207432148
position_70,attempts,position_only,682657,Angel Martínez,CF,0.3553299492385787,0.36857960536227125
position_70,attempts,position_only,682985,Riley Greene,LF,0.3556851311953353,0.3321842250413925
position_70,attempts,position_only,682998,Corbin Carroll,RF,0.4010840108401084,0.36634109691962113
position_70,attempts,position_only,686217,Sal Frelick,RF,0.3920863309352518,0.36718055143790185
position_70,attempts,position_only,686527,Dominic Canzone,RF,0.37662337662337664,0.367976710334802
position_70,attempts,position_only,686555,Isaac Collins,LF,0.33620689655172414,0.3331522477251384
position_70,attempts,position_only,686611,Dylan Crews,RF,0.4076923076923077,0.366646954464825
position_70,attempts,position_only,686668,Brenton Doyle,CF,0.36684782608695654,0.3682745825603171
position_70,attempts,position_only,687363,Victor Scott II,CF,0.36156351791530944,0.36850972583858577
position_70,attempts,position_only,687597,Jordan Beck,LF,0.3324742268041237,0.33328708200363644
position_70,attempts,position_only,690987,Robert Hassell III,CF,0.3790322580645161,0.36799761620979093
position_70,attempts,position_only,691016,Tyler Soderstrom,LF,0.35968379446640314,0.332334513756493
position_70,attempts,position_only,691023,Jordan Walker,RF,0.3879598662207358,0.36728624535317306
position_70,attempts,position_only,691176,Jasson Domínguez,LF,0.3409090909090909,0.33301694915256835
position_70,attempts,position_only,691718,Pete Crow-Armstrong,CF,0.31976744186046513,0.37076401725201247
position_70,attempts,position_only,694671,Wyatt Langford,LF,0.2919254658385093,0.3350749346899646
position_70,attempts,position_only,695506,Jac Caglianone,RF,0.3275862068965517,0.3688477127967685
position_70,attempts,position_only,695578,James Wood,LF,0.3233333333333333,0.33365318711448877
position_70,attempts,position_only,695734,Daylen Lile,RF,0.4008810572687225,0.3670737089892719
position_70,attempts,position_only,696285,Jacob Young,CF,0.3644067796610169,0.368333333333352
position_70,attempts,position_only,701358,Cam Smith,RF,0.35471698113207545,0.3686935937268962
position_70,attempts,position_only,701538,Jackson Merrill,CF,0.3562753036437247,0.36864471088179107
position_70,attempts,position_only,805300,Jakob Marsee,CF,0.4032258064516129,0.36755065554232835
position_70,attempts,position_only,808982,Jung Hoo Lee,CF,0.3638968481375358,0.36842916602437636
position_70,attempts,no_position,502054,Tommy Pham,LF,0.37282229965156793,0.35550993635381606
position_70,attempts,no_position,573262,Mike Yastrzemski,RF,0.359375,0.35574844125465777
position_70,attempts,no_position,592206,Nick Castellanos,RF,0.36503067484662577,0.35507147148912577
position_70,attempts,no_position,592450,Aaron Judge,RF,0.31862745098039214,0.35629770517220516
position_70,attempts,no_position,595777,Jurickson Profar,LF,0.3523809523809524,0.3557362972848372
position_70,attempts,no_position,596146,Max Kepler,LF,0.2926829268292683,0.3574092360835833
position_70,attempts,no_position,606192,Teoscar Hernández,RF,0.3724832214765101,0.35547289834852447
position_70,attempts,no_position,607043,Brandon Nimmo,LF,0.3394736842105263,0.3562345334288283
position_70,attempts,no_position,621438,Tyrone Taylor,CF,0.3380952380952381,0.3560572297696312
position_70,attempts,no_position,621439,Byron Buxton,CF,0.4154929577464789,0.35501813613904304
position_70,attempts,no_position,621493,Taylor Ward,LF,0.33406113537117904,0.35650116648883257
position_70,attempts,no_position,624424,Michael Conforto,LF,0.3203125,0.35623108133435266
position_70,attempts,no_position,641584,Jake Fraley,RF,0.3986013986013986,0.35553754759937667
position_70,attempts,no_position,641933,Tyler O'Neill,RF,0.41935483870967744,0.35533712171561643
position_70,attempts,no_position,643217,Andrew Benintendi,LF,0.328042328042328,0.3562664669054282
position_70,attempts,no_position,643565,Mike Tauchman,RF,0.3707865168539326,0.3554434315451579
position_70,attempts,no_position,656775,Cedric Mullins,CF,0.4228187919463087,0.3537063658397288
position_70,attempts,no_position,657077,Alex Verdugo,LF,0.35,0.3559654636409272
position_70,attempts,no_position,657757,Gavin Sheets,LF,0.30303030303030304,0.35613704801520074
position_70,attempts,no_position,660670,Ronald Acuña Jr.,RF,0.36134453781512604,0.35585414748642635
position_70,attempts,no_position,660821,Jesús Sánchez,RF,0.3682170542635659,0.35569343500852213
position_70,attempts,no_position,662139,Daulton Varsho,CF,0.32666666666666666,0.3580682928375806
position_70,attempts,no_position,663457,Lars Nootbaar,LF,0.335978835978836,0.35624720563395146
position_70,attempts,no_position,663616,Trevor Larnach,RF,0.40625,0.35508879511273894
position_70,attempts,no_position,663656,Kyle Tucker,RF,0.37916666666666665,0.3553777522471768
position_70,attempts,no_position,663757,Trent Grisham,CF,0.3835616438356164,0.35524427540797626
position_70,attempts,no_position,664023,Ian Happ,LF,0.27548209366391185,0.3579190427810253
position_70,attempts,no_position,664702,Myles Straw,CF,0.3651685393258427,0.35548233656304007
position_70,attempts,no_position,664728,Kyle Isbel,CF,0.3728813559322034,0.3552035733616988
position_70,attempts,no_position,665487,Fernando Tatis Jr.,RF,0.3496932515337423,0.3565609595126693
position_70,attempts,no_position,665742,Juan Soto,RF,0.37275064267352187,0.3554191030218245
position_70,attempts,no_position,665833,Oneil Cruz,CF,0.3978102189781022,0.35202323628920357
position_70,attempts,no_position,666139,Josh Lowe,RF,0.3691588785046729,0.3555773653794358
position_70,attempts,no_position,666158,Gavin Lux,LF,0.3884297520661157,0.35557982027949747
position_70,attempts,no_position,666624,Christopher Morel,LF,0.3333333333333333,0.3562545875668635
position_70,attempts,no_position,666969,Adolis García,RF,0.3044982698961938,0.3573410133310074
position_70,attempts,no_position,666971,Lourdes Gurriel Jr.,LF,0.37425149700598803,0.3553160600495897
position_70,attempts,no_position,668227,Randy Arozarena,LF,0.3176178660049628,0.3580364671923483
position_70,attempts,no_position,668804,Bryan Reynolds,RF,0.3684210526315789,0.35561344984851534
position_70,attempts,no_position,668885,Austin Martin,LF,0.375,0.3555331447770273
position_70,attempts,no_position,669326,Bryce Teodosio,CF,0.3333333333333333,0.3559730582985659
position_70,attempts,no_position,669720,Austin Hays,LF,0.3541666666666667,0.35595201026215273
position_70,attempts,no_position,670224,Kameron Misner,CF,0.27586206896551724,0.3563878148864015
position_70,attempts,no_position,670242,Matt Wallner,RF,0.34513274336283184,0.3567127412020496
position_70,attempts,no_position,670770,TJ Friedl,CF,0.3896551724137931,0.3545176596506003
position_70,attempts,no_position,671218,Heliot Ramos,LF,0.342042755344418,0.3560801140765772
position_70,attempts,no_position,671289,Tyler Freeman,RF,0.34831460674157305,0.3561208489585308
position_70,attempts,no_position,671739,Michael Harris II,CF,0.36182336182336183,0.35573886259081794
position_70,attempts,no_position,672016,Denzel Clarke,CF,0.42016806722689076,0.35534992070124966
position_70,attempts,no_position,672761,Wenceel Pérez,RF,0.40304182509505704,0.3552387108546026
position_70,attempts,no_position,673357,Luis Robert Jr.,CF,0.3930131004366812,0.35504420397716785
position_70,attempts,no_position,676694,Jake Meyers,CF,0.32934131736526945,0.35682847849798965
position_70,attempts,no_position,677594,Julio Rodríguez,CF,0.34411764705882353,0.35644066670403357
position_70,attempts,no_position,677800,Wilyer Abreu,RF,0.30256410256410254,0.35771418633134133
position_70,attempts,no_position,677950,Alek Thomas,CF,0.42333333333333334,0.3533378663798136
position_70,attempts,no_position,678882,Ceddanne Rafaela,CF,0.3575949367088608,0.35595904295930586
position_70,attempts,no_position,680718,Addison Barger,RF,0.3813559322033898,0.35538761931698837
position_70,attempts,no_position,680757,Steven Kwan,LF,0.3261455525606469,0.35632848145836676
position_70,attempts,no_position,680776,Jarren Duran,LF,0.3248847926267281,0.35644295010884286
position_70,attempts,no_position,681624,Andy Pages,CF,0.3468208092485549,0.3566094727184172
position_70,attempts,no_position,682622,Noelvi Marte,RF,0.31851851851851853,0.3564588875249029
position_70,attempts,no_position,682657,Angel Martínez,CF,0.3553299492385787,0.3560391981338761
position_70,attempts,no_position,682985,Riley Greene,LF,0.3556851311953353,0.35565604930913436
position_70,attempts,no_position,682998,Corbin Carroll,RF,0.4010840108401084,0.35479839716097183
position_70,attempts,no_position,686217,Sal Frelick,RF,0.3920863309352518,0.35525071319322205
position_70,attempts,no_position,686527,Dominic Canzone,RF,0.37662337662337664,0.35569381574934966
position_70,attempts,no_position,686555,Isaac Collins,LF,0.33620689655172414,0.35602241850541916
position_70,attempts,no_position,686611,Dylan Crews,RF,0.4076923076923077,0.3550768592319318
position_70,attempts,no_position,686668,Brenton Doyle,CF,0.36684782608695654,0.35540735380320065
position_70,attempts,no_position,687363,Victor Scott II,CF,0.36156351791530944,0.35569177645491484
position_70,attempts,no_position,687597,Jordan Beck,LF,0.3324742268041237,0.35622982091777816
position_70,attempts,no_position,690987,Robert Hassell III,CF,0.3790322580645161,0.3556967329265548
position_70,attempts,no_position,691016,Tyler Soderstrom,LF,0.35968379446640314,0.3558561595836318
position_70,attempts,no_position,691023,Jordan Walker,RF,0.3879598662207358,0.35477569364740014
position_70,attempts,no_position,691176,Jasson Domínguez,LF,0.3409090909090909,0.35626050424459443
position_70,attempts,no_position,691718,Pete Crow-Armstrong,CF,0.31976744186046513,0.35726040274223136
position_70,attempts,no_position,694671,Wyatt Langford,LF,0.2919254658385093,0.3569610870161376
position_70,attempts,no_position,695506,Jac Caglianone,RF,0.3275862068965517,0.3567584025357562
position_70,attempts,no_position,695578,James Wood,LF,0.3233333333333333,0.35630633034029086
position_70,attempts,no_position,695734,Daylen Lile,RF,0.4008810572687225,0.35489206163630654
position_70,attempts,no_position,696285,Jacob Young,CF,0.3644067796610169,0.35574322645922113
position_70,attempts,no_position,701358,Cam Smith,RF,0.35471698113207545,0.3559482961580526
position_70,attempts,no_position,701538,Jackson Merrill,CF,0.3562753036437247,0.3560210695554947
position_70,attempts,no_position,805300,Jakob Marsee,CF,0.4032258064516129,0.355545831620022
position_70,attempts,no_position,808982,Jung Hoo Lee,CF,0.3638968481375358,0.3557211267277106
position_70,attempts,common_slope,502054,Tommy Pham,LF,0.37282229965156793,0.33094149954882973
position_70,attempts,common_slope,573262,Mike Yastrzemski,RF,0.359375,0.37080721188434
position_70,attempts,common_slope,592206,Nick Castellanos,RF,0.36503067484662577,0.38049952441368307
position_70,attempts,common_slope,592450,Aaron Judge,RF,0.31862745098039214,0.36886490947046746
position_70,attempts,common_slope,595777,Jurickson Profar,LF,0.3523809523809524,0.3350316758966336
position_70,attempts,common_slope,596146,Max Kepler,LF,0.2926829268292683,0.33845871633710967
position_70,attempts,common_slope,606192,Teoscar Hernández,RF,0.3724832214765101,0.3722607259341575
position_70,attempts,common_slope,607043,Brandon Nimmo,LF,0.3394736842105263,0.3360382335391977
position_70,attempts,common_slope,621438,Tyrone Taylor,CF,0.3380952380952381,0.3684204875615956
position_70,attempts,common_slope,621439,Byron Buxton,CF,0.4154929577464789,0.36629767233963106
position_70,attempts,common_slope,621493,Taylor Ward,LF,0.33406113537117904,0.3356445590364128
position_70,attempts,common_slope,624424,Michael Conforto,LF,0.3203125,0.33268038938219496
position_70,attempts,common_slope,641584,Jake Fraley,RF,0.3986013986013986,0.3663017034085955
position_70,attempts,common_slope,641933,Tyler O'Neill,RF,0.41935483870967744,0.36404334596121124
position_70,attempts,common_slope,643217,Andrew Benintendi,LF,0.328042328042328,0.33834308730639034
position_70,attempts,common_slope,643565,Mike Tauchman,RF,0.3707865168539326,0.3753258161539654
position_70,attempts,common_slope,656775,Cedric Mullins,CF,0.4228187919463087,0.37199462234721087
position_70,attempts,common_slope,657077,Alex Verdugo,LF,0.35,0.32656005630580415
position_70,attempts,common_slope,657757,Gavin Sheets,LF,0.30303030303030304,0.33388844053848343
position_70,attempts,common_slope,660670,Ronald Acuña Jr.,RF,0.36134453781512604,0.3606677159260588
position_70,attempts,common_slope,660821,Jesús Sánchez,RF,0.3682170542635659,0.3684057753690387
position_70,attempts,common_slope,662139,Daulton Varsho,CF,0.32666666666666666,0.3991891672630359
position_70,attempts,common_slope,663457,Lars Nootbaar,LF,0.335978835978836,0.3286942058706569
position_70,attempts,common_slope,663616,Trevor Larnach,RF,0.40625,0.37453888029824317
position_70,attempts,common_slope,663656,Kyle Tucker,RF,0.37916666666666665,0.37286291022867174
position_70,attempts,common_slope,663757,Trent Grisham,CF,0.3835616438356164,0.37336585517412313
position_70,attempts,common_slope,664023,Ian Happ,LF,0.27548209366391185,0.3382666013279315
position_70,attempts,common_slope,664702,Myles Straw,CF,0.3651685393258427,0.3759634716480947
position_70,attempts,common_slope,664728,Kyle Isbel,CF,0.3728813559322034,0.3761424324406872
position_70,attempts,common_slope,665487,Fernando Tatis Jr.,RF,0.3496932515337423,0.3598894754388299
position_70,attempts,common_slope,665742,Juan Soto,RF,0.37275064267352187,0.3716264742166921
position_70,attempts,common_slope,665833,Oneil Cruz,CF,0.3978102189781022,0.3491781757774305
position_70,attempts,common_slope,666139,Josh Lowe,RF,0.3691588785046729,0.3726890671027697
position_70,attempts,common_slope,666158,Gavin Lux,LF,0.3884297520661157,0.3311986442948655
position_70,attempts,common_slope,666624,Christopher Morel,LF,0.3333333333333333,0.32480769408707955
position_70,attempts,common_slope,666969,Adolis García,RF,0.3044982698961938,0.36712806821147975
position_70,attempts,common_slope,666971,Lourdes Gurriel Jr.,LF,0.37425149700598803,0.3323070628427127
position_70,attempts,common_slope,668227,Randy Arozarena,LF,0.3176178660049628,0.3410414941931321
position_70,attempts,common_slope,668804,Bryan Reynolds,RF,0.3684210526315789,0.37123930776745945
position_70,attempts,common_slope,668885,Austin Martin,LF,0.375,0.3341914180776179
position_70,attempts,common_slope,669326,Bryce Teodosio,CF,0.3333333333333333,0.36880671674556986
position_70,attempts,common_slope,669720,Austin Hays,LF,0.3541666666666667,0.32573169371399074
position_70,attempts,common_slope,670224,Kameron Misner,CF,0.27586206896551724,0.36851033871657124
position_70,attempts,common_slope,670242,Matt Wallner,RF,0.34513274336283184,0.35920745692726297
position_70,attempts,common_slope,670770,TJ Friedl,CF,0.3896551724137931,0.3752303246259014
position_70,attempts,common_slope,671218,Heliot Ramos,LF,0.342042755344418,0.333130280066851
position_70,attempts,common_slope,671289,Tyler Freeman,RF,0.34831460674157305,0.36403176754363953
position_70,attempts,common_slope,671739,Michael Harris II,CF,0.36182336182336183,0.36869559795012813
position_70,attempts,common_slope,672016,Denzel Clarke,CF,0.42016806722689076,0.37053539627543197
position_70,attempts,common_slope,672761,Wenceel Pérez,RF,0.40304182509505704,0.36749023169294787
position_70,attempts,common_slope,673357,Luis Robert Jr.,CF,0.3930131004366812,0.37304604037876904
position_70,attempts,common_slope,676694,Jake Meyers,CF,0.32934131736526945,0.3881629744583928
position_70,attempts,common_slope,677594,Julio Rodríguez,CF,0.34411764705882353,0.3639295114140991
position_70,attempts,common_slope,677800,Wilyer Abreu,RF,0.30256410256410254,0.36347776673743226
position_70,attempts,common_slope,677950,Alek Thomas,CF,0.42333333333333334,0.37253973971844156
position_70,attempts,common_slope,678882,Ceddanne Rafaela,CF,0.3575949367088608,0.36178088213913834
position_70,attempts,common_slope,680718,Addison Barger,RF,0.3813559322033898,0.35669317250796295
position_70,attempts,common_slope,680757,Steven Kwan,LF,0.3261455525606469,0.3324340906675443
position_70,attempts,common_slope,680776,Jarren Duran,LF,0.3248847926267281,0.33185352041024097
position_70,attempts,common_slope,681624,Andy Pages,CF,0.3468208092485549,0.361303025151358
position_70,attempts,common_slope,682622,Noelvi Marte,RF,0.31851851851851853,0.3648945294227794
position_70,attempts,common_slope,682657,Angel Martínez,CF,0.3553299492385787,0.3619137856133955
position_70,attempts,common_slope,682985,Riley Greene,LF,0.3556851311953353,0.33533761327840866
position_70,attempts,common_slope,682998,Corbin Carroll,RF,0.4010840108401084,0.37050018246653266
position_70,attempts,common_slope,686217,Sal Frelick,RF,0.3920863309352518,0.37059855377460094
position_70,attempts,common_slope,686527,Dominic Canzone,RF,0.37662337662337664,0.3646810959144847
position_70,attempts,common_slope,686555,Isaac Collins,LF,0.33620689655172414,0.33467222686567877
position_70,attempts,common_slope,686611,Dylan Crews,RF,0.4076923076923077,0.36998642942493765
position_70,attempts,common_slope,686668,Brenton Doyle,CF,0.36684782608695654,0.35974470427522287
position_70,attempts,common_slope,687363,Victor Scott II,CF,0.36156351791530944,0.3710899083704625
position_70,attempts,common_slope,687597,Jordan Beck,LF,0.3324742268041237,0.33195956571067314
position_70,attempts,common_slope,690987,Robert Hassell III,CF,0.3790322580645161,0.3684361916918525
position_70,attempts,common_slope,691016,Tyler Soderstrom,LF,0.35968379446640314,0.32528580750913433
position_70,attempts,common_slope,691023,Jordan Walker,RF,0.3879598662207358,0.36051447527580305
position_70,attempts,common_slope,691176,Jasson Domínguez,LF,0.3409090909090909,0.32466841395873425
position_70,attempts,common_slope,691718,Pete Crow-Armstrong,CF,0.31976744186046513,0.36600957032465864
position_70,attempts,common_slope,694671,Wyatt Langford,LF,0.2919254658385093,0.3354759691852538
position_70,attempts,common_slope,695506,Jac Caglianone,RF,0.3275862068965517,0.36026844641645794
position_70,attempts,common_slope,695578,James Wood,LF,0.3233333333333333,0.3339067688694155
position_70,attempts,common_slope,695734,Daylen Lile,RF,0.4008810572687225,0.3732958952327544
position_70,attempts,common_slope,696285,Jacob Young,CF,0.3644067796610169,0.3684833620849745
position_70,attempts,common_slope,701358,Cam Smith,RF,0.35471698113207545,0.3661415698034959
position_70,attempts,common_slope,701538,Jackson Merrill,CF,0.3562753036437247,0.36164335831716615
position_70,attempts,common_slope,805300,Jakob Marsee,CF,0.4032258064516129,0.3684219511314615
position_70,attempts,common_slope,808982,Jung Hoo Lee,CF,0.3638968481375358,0.3643720773578461
position_70,attempts,position_slopes,502054,Tommy Pham,LF,0.37282229965156793,0.332908800974485
position_70,attempts,position_slopes,573262,Mike Yastrzemski,RF,0.359375,0.3738005655009663
position_70,attempts,position_slopes,592206,Nick Castellanos,RF,0.36503067484662577,0.4016172894137395
position_70,attempts,position_slopes,592450,Aaron Judge,RF,0.31862745098039214,0.36775493817045585
position_70,attempts,position_slopes,595777,Jurickson Profar,LF,0.3523809523809524,0.3281365240049034
position_70,attempts,position_slopes,596146,Max Kepler,LF,0.2926829268292683,0.3301350196785026
position_70,attempts,position_slopes,606192,Teoscar Hernández,RF,0.3724832214765101,0.37818173169510466
position_70,attempts,position_slopes,607043,Brandon Nimmo,LF,0.3394736842105263,0.32677774977234436
position_70,attempts,position_slopes,621438,Tyrone Taylor,CF,0.3380952380952381,0.3685189954937125
position_70,attempts,position_slopes,621439,Byron Buxton,CF,0.4154929577464789,0.3662821702653449
position_70,attempts,position_slopes,621493,Taylor Ward,LF,0.33406113537117904,0.3286383202024528
position_70,attempts,position_slopes,624424,Michael Conforto,LF,0.3203125,0.33552333959277664
position_70,attempts,position_slopes,641584,Jake Fraley,RF,0.3986013986013986,0.36456319617455585
position_70,attempts,position_slopes,641933,Tyler O'Neill,RF,0.41935483870967744,0.35955854749221444
position_70,attempts,position_slopes,643217,Andrew Benintendi,LF,0.328042328042328,0.3245011141066162
position_70,attempts,position_slopes,643565,Mike Tauchman,RF,0.3707865168539326,0.38560984744802346
position_70,attempts,position_slopes,656775,Cedric Mullins,CF,0.4228187919463087,0.3699197391938711
position_70,attempts,position_slopes,657077,Alex Verdugo,LF,0.35,0.3439251590193751
position_70,attempts,position_slopes,657757,Gavin Sheets,LF,0.30303030303030304,0.3335437198871173
position_70,attempts,position_slopes,660670,Ronald Acuña Jr.,RF,0.36134453781512604,0.3495281912717196
position_70,attempts,position_slopes,660821,Jesús Sánchez,RF,0.3682170542635659,0.36867346182404076
position_70,attempts,position_slopes,662139,Daulton Varsho,CF,0.32666666666666666,0.4042578038621169
position_70,attempts,position_slopes,663457,Lars Nootbaar,LF,0.335978835978836,0.3412793072325135
position_70,attempts,position_slopes,663616,Trevor Larnach,RF,0.40625,0.38425680880611307
position_70,attempts,position_slopes,663656,Kyle Tucker,RF,0.37916666666666665,0.3799020784471346
position_70,attempts,position_slopes,663757,Trent Grisham,CF,0.3835616438356164,0.3725449389342398
position_70,attempts,position_slopes,664023,Ian Happ,LF,0.27548209366391185,0.3334841902139109
position_70,attempts,position_slopes,664702,Myles Straw,CF,0.3651685393258427,0.3751505252852018
position_70,attempts,position_slopes,664728,Kyle Isbel,CF,0.3728813559322034,0.37517350724795173
position_70,attempts,position_slopes,665487,Fernando Tatis Jr.,RF,0.3496932515337423,0.3460719879341158
position_70,attempts,position_slopes,665742,Juan Soto,RF,0.37275064267352187,0.37675840651148657
position_70,attempts,position_slopes,665833,Oneil Cruz,CF,0.3978102189781022,0.3473507982748616
position_70,attempts,position_slopes,666139,Josh Lowe,RF,0.3691588785046729,0.3789746254350247
position_70,attempts,position_slopes,666158,Gavin Lux,LF,0.3884297520661157,0.3342605434515047
position_70,attempts,position_slopes,666624,Christopher Morel,LF,0.3333333333333333,0.35004789387234825
position_70,attempts,position_slopes,666969,Adolis García,RF,0.3044982698961938,0.3622188057436993
position_70,attempts,position_slopes,666971,Lourdes Gurriel Jr.,LF,0.37425149700598803,0.3294232335345654
position_70,attempts,position_slopes,668227,Randy Arozarena,LF,0.3176178660049628,0.32396593798989076
position_70,attempts,position_slopes,668804,Bryan Reynolds,RF,0.3684210526315789,0.3754275084393326
position_70,attempts,position_slopes,668885,Austin Martin,LF,0.375,0.32944606440675844
position_70,attempts,position_slopes,669326,Bryce Teodosio,CF,0.3333333333333333,0.3688096812686605
position_70,attempts,position_slopes,669720,Austin Hays,LF,0.3541666666666667,0.3444191134793036
position_70,attempts,position_slopes,670224,Kameron Misner,CF,0.27586206896551724,0.3686987679433422
position_70,attempts,position_slopes,670242,Matt Wallner,RF,0.34513274336283184,0.3450320401814566
position_70,attempts,position_slopes,670770,TJ Friedl,CF,0.3896551724137931,0.3737471761669569
position_70,attempts,position_slopes,671218,Heliot Ramos,LF,0.342042755344418,0.33195720334497747
position_70,attempts,position_slopes,671289,Tyler Freeman,RF,0.34831460674157305,0.35766161787029727
position_70,attempts,position_slopes,671739,Michael Harris II,CF,0.36182336182336183,0.36868014186201636
position_70,attempts,position_slopes,672016,Denzel Clarke,CF,0.42016806722689076,0.3700385435764361
position_70,attempts,position_slopes,672761,Wenceel Pérez,RF,0.40304182509505704,0.3683525632168679
position_70,attempts,position_slopes,673357,Luis Robert Jr.,CF,0.3930131004366812,0.37209309941095625
position_70,attempts,position_slopes,676694,Jake Meyers,CF,0.32934131736526945,0.38935662835175383
position_70,attempts,position_slopes,677594,Julio Rodríguez,CF,0.34411764705882353,0.36497142269865795
position_70,attempts,position_slopes,677800,Wilyer Abreu,RF,0.30256410256410254,0.35488398415311545
position_70,attempts,position_slopes,677950,Alek Thomas,CF,0.42333333333333334,0.3700240895419433
position_70,attempts,position_slopes,678882,Ceddanne Rafaela,CF,0.3575949367088608,0.3627689922208112
position_70,attempts,position_slopes,680718,Addison Barger,RF,0.3813559322033898,0.3402985423854181
position_70,attempts,position_slopes,680757,Steven Kwan,LF,0.3261455525606469,0.33573178459648945
position_70,attempts,position_slopes,680776,Jarren Duran,LF,0.3248847926267281,0.33734977680497064
position_70,attempts,position_slopes,681624,Andy Pages,CF,0.3468208092485549,0.36291911309705965
position_70,attempts,position_slopes,682622,Noelvi Marte,RF,0.31851851851851853,0.35918083345315155
position_70,attempts,position_slopes,682657,Angel Martínez,CF,0.3553299492385787,0.36284382944873117
position_70,attempts,position_slopes,682985,Riley Greene,LF,0.3556851311953353,0.3251161638175183
position_70,attempts,position_slopes,682998,Corbin Carroll,RF,0.4010840108401084,0.37608648473913836
position_70,attempts,position_slopes,686217,Sal Frelick,RF,0.3920863309352518,0.3751980632286671
position_70,attempts,position_slopes,686527,Dominic Canzone,RF,0.37662337662337664,0.36011685894921935
position_70,attempts,position_slopes,686555,Isaac Collins,LF,0.33620689655172414,0.33036158694022266
position_70,attempts,position_slopes,686611,Dylan Crews,RF,0.4076923076923077,0.37443121993893075
position_70,attempts,position_slopes,686668,Brenton Doyle,CF,0.36684782608695654,0.36059880633433616
position_70,attempts,position_slopes,687363,Victor Scott II,CF,0.36156351791530944,0.37079997296539363
position_70,attempts,position_slopes,687597,Jordan Beck,LF,0.3324742268041237,0.3356427667279747
position_70,attempts,position_slopes,690987,Robert Hassell III,CF,0.3790322580645161,0.3683850074868037
position_70,attempts,position_slopes,691016,Tyler Soderstrom,LF,0.35968379446640314,0.3419414310795926
position_70,attempts,position_slopes,691023,Jordan Walker,RF,0.3879598662207358,0.3504942841393077
position_70,attempts,position_slopes,691176,Jasson Domínguez,LF,0.3409090909090909,0.3487768022499224
position_70,attempts,position_slopes,691718,Pete Crow-Armstrong,CF,0.31976744186046513,0.36728998935140755
position_70,attempts,position_slopes,694671,Wyatt Langford,LF,0.2919254658385093,0.33434837364199754
position_70,attempts,position_slopes,695506,Jac Caglianone,RF,0.3275862068965517,0.3485491287914988
position_70,attempts,position_slopes,695578,James Wood,LF,0.3233333333333333,0.33315889667883497
position_70,attempts,position_slopes,695734,Daylen Lile,RF,0.4008810572687225,0.38185734552369693
position_70,attempts,position_slopes,696285,Jacob Young,CF,0.3644067796610169,0.3684681573442745
position_70,attempts,position_slopes,701358,Cam Smith,RF,0.35471698113207545,0.36262890363492456
position_70,attempts,position_slopes,701538,Jackson Merrill,CF,0.3562753036437247,0.36263543042901264
position_70,attempts,position_slopes,805300,Jakob Marsee,CF,0.4032258064516129,0.36831308835344123
position_70,attempts,position_slopes,808982,Jung Hoo Lee,CF,0.3638968481375358,0.364886000317078
