model,mlbam_id,player_name,actual,prediction,fitted,residual,standardized_residual,leverage,cooks_distance
baseline,502054,Tommy Pham,-2,-2.0053508696905107,-2.005108766536358,0.005108766536357834,9.115385162563098e-4,0.0452455709366024,7.875251551684693e-9
baseline,572191,Michael A. Taylor,3,-1.5531729858040206,-1.2481291717123773,4.248129171712377,0.7667622809061716,0.06699587629170158,0.008443373199232634
baseline,573262,Mike Yastrzemski,-2,-0.7377226702813182,-0.7937770785371563,-1.2062229214628437,-0.21512752867662988,0.044407363529483886,4.3013439079096424e-4
baseline,592206,Nick Castellanos,-11,0.052231834815663625,-0.5120213354031868,-10.487978664596813,-1.8770493858494237,0.05105332376772951,0.03791085740571456
baseline,592450,Aaron Judge,4,-1.7860391952369294,-1.522154928434591,5.522154928434591,0.9854844765353798,0.04560706519575074,0.009281848630342291
baseline,595777,Jurickson Profar,-6,-2.4253879659829245,-2.6558511330315415,-3.3441488669684585,-0.6027844857831186,0.06447221820311193,0.005008066089604301
baseline,596146,Max Kepler,0,-1.9363847702934436,-1.8515824173364157,1.8515824173364157,0.33012024720591066,0.043794164392325426,9.98249665695532e-4
baseline,606192,Teoscar Hernández,-8,-0.4424258220801711,-0.7798201377008063,-7.220179862299194,-1.2878640668446166,0.0446432026570596,0.01550100272185262
baseline,607043,Brandon Nimmo,-1,-1.1383484312344923,-1.1310553466594373,0.13105534665943736,0.023475740475334187,0.05271533988478623,6.133736307936257e-6
baseline,621438,Tyrone Taylor,3,5.159946269334022,5.078355001941613,-2.078355001941613,-0.36939086221714623,0.0377746745605701,0.001071337334614424
baseline,621439,Byron Buxton,2,5.625775372558443,5.5049140062528,-3.504914006252801,-0.6215040160936461,0.03333393657543639,0.002663961885879513
baseline,621493,Taylor Ward,0,-1.0661333647468059,-1.0054428791322165,1.0054428791322165,0.18050501698041532,0.05692579148294628,3.9334330271132377e-4
baseline,624424,Michael Conforto,-7,-1.6113593474308905,-1.8472208733250541,-5.152779126674946,-0.9186819498901885,0.04377013445528504,0.007726377790485793
baseline,641355,Cody Bellinger,6,-0.6133153203257056,0.06469557570753981,5.93530442429246,1.092284882877807,0.10252208811961709,0.027258095962631866
baseline,643217,Andrew Benintendi,-7,-2.6476920065096676,-3.0134977419632114,-3.9865022580367886,-0.7262073266183019,0.08404867854036835,0.009678537654068162
baseline,643565,Mike Tauchman,0,-2.342605470241991,-2.179875765347959,2.179875765347959,0.3939764445873835,0.06946526291395642,0.002317424545604698
baseline,656775,Cedric Mullins,3,5.8429162316424,5.743926618075431,-2.7439266180754305,-0.4869373483011728,0.03481974335549871,0.0017107766129826312
baseline,657656,Ramón Laureano,-8,-0.22943976682896228,-0.7727208744739347,-7.227279125526065,-1.306526997091032,0.06991530743508158,0.025663539084367044
baseline,660670,Ronald Acuña Jr.,-10,-1.2107476611215393,-1.6338104551254542,-8.366189544874546,-1.4950118153636984,0.0481341048922371,0.02260457672137932
baseline,660821,Jesús Sánchez,-1,-1.1206879544110429,-1.1156590265756665,0.1156590265756666,0.020598070396488987,0.041668846405737474,3.689597085572061e-6
baseline,662139,Daulton Varsho,8,4.1541307003633445,4.398826444971435,3.601173555028564,0.6488198004481294,0.06362560075330942,0.005720849861963028
baseline,663457,Lars Nootbaar,-1,-1.563490193692961,-1.5384235573206348,0.5384235573206348,0.09603068268348046,0.04448460089082843,8.586615897591783e-5
baseline,663656,Kyle Tucker,-2,-1.0115383566869127,-1.0528527928120568,-0.9471472071879432,-0.16869160127872285,0.04179670137393258,2.482568632923853e-4
baseline,663757,Trent Grisham,-1,6.19573937753269,5.92362223134354,-6.92362223134354,-1.2305781597991414,0.0378164260699581,0.011903397746429
baseline,663968,Jake Mangum,5,-1.3125786862911033,-0.8817594747579811,5.881759474757981,1.062335858799727,0.0682477372470179,0.016532612203912642
baseline,664023,Ian Happ,0,-1.21884556632095,-1.155479993123065,1.155479993123065,0.20689993990369054,0.051988188617817344,4.69506557492951e-4
baseline,664056,Harrison Bader,6,-0.9823634055626149,-0.4307758239831667,6.430775823983167,1.1682551869274314,0.078997260603769,0.023412971746047822
baseline,664702,Myles Straw,9,4.582650037259959,4.786131553180368,4.213868446819632,0.7521876504319747,0.04606416010430636,0.005464197452874716
baseline,664728,Kyle Isbel,11,5.471524851175679,5.659312664255009,5.340687335744991,0.9473404165642713,0.03396737943540655,0.0063112063308017816
baseline,664770,Nathan Lukes,2,-1.157903708481431,-0.9445657085215915,2.9445657085215915,0.5316366040610435,0.0675568413903375,0.00409549797184657
baseline,665487,Fernando Tatis Jr.,7,-0.7368469619959601,-0.2747533411851011,7.274753341185101,1.3079644736574907,0.05972634887063172,0.021733696207360546
baseline,665742,Juan Soto,-11,0.73128466166128,-0.07848386067381696,-10.921516139326183,-1.9734178901858839,0.06902641489737979,0.057749213851682524
baseline,665750,Leody Taveras,-1,-2.281652349973747,-2.1623087964938215,1.1623087964938212,0.21278974292179845,0.09311694663718308,9.298412652188687e-4
baseline,665833,Oneil Cruz,0,5.942430313986651,5.736075838854979,-5.736075838854979,-1.0178746526439644,0.03472560286419786,0.007454484256608917
baseline,666134,Nolan Jones,-5,-1.1761041287457035,-1.3398423887596662,-3.660157611240334,-0.6522404527469746,0.04281974863511486,0.0038062371266190135
baseline,666139,Josh Lowe,-4,-1.320178047980928,-1.4384132834164438,-2.561586716583556,-0.45678550055294354,0.04412055634757086,0.0019261605045736434
baseline,666160,Mickey Moniak,-7,-0.5717317361129144,-1.0030103982738412,-5.996989601726159,-1.082476439643303,0.06709095583079148,0.01685355709702965
baseline,666176,Jo Adell,-11,1.150341318247536,-0.02951377493787888,-10.970486225062121,-2.0128526592695875,0.09710468720853886,0.08714786706696682
baseline,666181,Will Benson,0,-1.9804015712610399,-1.8247252900144137,1.8247252900144137,0.33142112351902275,0.07860844159374074,0.0018741973679184995
baseline,666185,Dylan Carlson,-2,-3.062815789843258,-2.9759884634655007,0.9759884634655005,0.17756450277136618,0.0816955555304301,5.609886037694798e-4
baseline,666969,Adolis García,1,-0.8153331130587791,-0.7327154623780965,1.7327154623780965,0.30920506458316793,0.0455110139766444,9.117353285033193e-4
baseline,666971,Lourdes Gurriel Jr.,-3,-1.8044209072168362,-1.8568162701500501,-1.1431837298499499,-0.20382243320984775,0.04382425491503449,3.808121335248634e-4
baseline,667472,Dane Myers,1,5.098392275927117,4.928317887950765,-3.9283178879507648,-0.6995437535279122,0.041497830496930524,0.004237327716843604
baseline,668227,Randy Arozarena,-4,-0.5816409399667872,-0.8048118546095715,-3.1951881453904285,-0.5761848910791829,0.06528597807411642,0.004637617055196318
baseline,668709,JJ Bleday,-7,5.380879608540058,4.828874684491712,-11.828874684491712,-2.1098533716743932,0.044585275158283914,0.0415464637986499
baseline,668804,Bryan Reynolds,-2,-1.005142025124134,-1.0467466311961495,-0.9532533688038505,-0.16978117141361332,0.04181964373076142,2.5161823556662133e-4
baseline,669016,Brandon Marsh,0,5.6382530350394715,5.449958551709642,-5.449958551709642,-0.9664373133714651,0.03339589091863316,0.006453893153383526
baseline,669065,Kyle Stowers,-2,-2.2606255513747344,-2.2476106135680727,0.24761061356807257,0.04428920984701231,0.049937305601893967,2.0620476695039815e-5
baseline,669326,Bryce Teodosio,9,3.5408748649888135,4.0211167335875,4.9788832664125,0.9089339080612047,0.08797048184859049,0.01593759117313108
baseline,669743,Alex Call,0,-1.6878627297744906,-1.567394193344065,1.567394193344065,0.28357143896814574,0.0713734205426296,0.001236090789279602
baseline,670242,Matt Wallner,-3,-1.8965169749409618,-1.9617985647798648,-1.0382014352201352,-0.18660722273541197,0.05915957777004532,4.3792122197611427e-4
baseline,670770,TJ Friedl,1,6.636605174121304,6.347564309247911,-5.347564309247911,-0.9571756106168569,0.05127924627405766,0.009904133272598448
baseline,671218,Heliot Ramos,-8,-0.579706793233183,-1.0028259527253987,-6.997174047274601,-1.2562517508115176,0.057021892222043236,0.019086371395663024
baseline,671732,Lawrence Butler,4,-0.68930427059487,-0.4387473960123076,4.438747396012308,0.795406673515235,0.053431566843236314,0.00714256742980536
baseline,671739,Michael Harris II,7,6.587971528977361,6.614490802743257,0.38550919725674343,0.06948415712027999,0.06436272158590303,6.64245263063488e-5
baseline,672016,Denzel Clarke,12,3.1446670728477106,3.9626720438352496,8.03732795616475,1.470832102280523,0.09237427635039759,0.04403524826703012
baseline,672744,Alexander Canario,-2,-1.9572218605461114,-1.9608054631689038,-0.03919453683109627,-0.007138854373150385,0.08377182057336122,9.31925832561715e-7
baseline,672761,Wenceel Pérez,2,-1.7052007588815794,-1.5352395604686766,3.5352395604686766,0.6309865542201976,0.045870982295762454,0.0038282574968608067
baseline,673357,Luis Robert Jr.,6,5.1956899762535,5.224030571921098,0.7759694280789017,0.13773326879418807,0.03523591007306638,1.385709096465383e-4
baseline,676694,Jake Meyers,8,5.061247342143432,5.167330499773394,2.8326695002266056,0.5030188722241176,0.03609802184146219,0.0018951739835311482
baseline,677594,Julio Rodríguez,10,6.402418826884351,6.638915449206882,3.3610845507931177,0.606247315067851,0.06573767510510796,0.005172198177755126
baseline,677800,Wilyer Abreu,7,-1.8498027568545767,-1.4567317682641647,8.456731768264165,1.5082484304913066,0.044415790881436504,0.021146777460351908
baseline,677950,Alek Thomas,0,5.997968590498795,5.7857974405845045,-5.7857974405845045,-1.0270427343703794,0.035373834776391604,0.0077362434852834725
baseline,678009,Parker Meadows,4,4.198585688847425,4.183366170810161,-0.18336617081016088,-0.03326889606419937,0.07663955104518136,1.837335473361971e-5
baseline,678882,Ceddanne Rafaela,19,5.473495087511262,6.013470037977591,12.98652996202241,2.310703204942651,0.03991976892477119,0.04440162049355228
baseline,680757,Steven Kwan,5,-1.3736221366089412,-1.0124213495503955,6.0124213495503955,1.0792515197993477,0.05667119564303516,0.013995055116096866
baseline,680776,Jarren Duran,-3,-0.8420474283088142,-0.9679336006345056,-2.0320663993654944,-0.3650856000525433,0.058335931001036984,0.0016514275926916716
baseline,681297,Colton Cowser,0,-1.4133394295194481,-1.3179138758941666,1.3179138758941666,0.2379422485484331,0.06751778916811628,8.198809129577579e-4
baseline,681460,Brooks Baldwin,-5,-1.6078578830781547,-1.8814253621621195,-3.1185746378378805,-0.5670480997116879,0.08064741088507472,0.0056412860290086
baseline,681624,Andy Pages,10,6.318811615300473,6.5412168633523775,3.4587831366476225,0.6221004227360012,0.06041669830761908,0.004977057826514105
baseline,682657,Angel Martínez,-5,5.51054420292897,5.122842750857501,-10.122842750857501,-1.7983269605121162,0.03688690562410929,0.024772066846255103
baseline,682985,Riley Greene,1,-1.6078608516268265,-1.4904465731956558,2.4904465731956558,0.44430953216074615,0.045023214470176036,0.0018614224224353943
baseline,682998,Corbin Carroll,9,-1.004821170729942,-0.4858520713350174,9.485852071335017,1.6984299811430759,0.05187190161011757,0.03156388429643276
baseline,686217,Sal Frelick,6,-0.9070946899319106,-0.5652321723418012,6.565232172341801,1.1740255756541684,0.04949440147221713,0.014354448420154802
baseline,686555,Isaac Collins,3,-2.4621279681232267,-2.196144394234003,5.196144394234003,0.9288088596617922,0.04869596161816286,0.008831943873293478
baseline,686611,Dylan Crews,2,-2.022806894320847,-1.8082722155799282,3.8082722155799282,0.6823911621000321,0.05332959905278733,0.005246459234665343
baseline,686668,Brenton Doyle,5,5.843000071214161,5.812839013454949,-0.8128390134549482,-0.1443181271154761,0.03577823868481282,1.54565937468577e-4
baseline,687363,Victor Scott II,15,5.5338943867849935,5.88436833524128,9.11563166475872,1.6195108631140587,0.03702409024118786,0.020168179576434953
baseline,687597,Jordan Beck,-2,-1.4305299788171535,-1.4564265299070325,-0.5435734700929674,-0.09699947143658955,0.04547482769346196,8.965043628939708e-5
baseline,691016,Tyler Soderstrom,4,-2.5418681039386017,-2.2196967318953567,6.219696731895357,1.1120909460391277,0.04924761045690858,0.012812336696765616
baseline,691023,Jordan Walker,-4,-1.2385038482922432,-1.3572885648051138,-2.642711435194886,-0.47097938866247396,0.0430146232285751,0.0019940893799973766
baseline,691176,Jasson Domínguez,-8,-2.0907154378765958,-2.415093903604366,-5.584906096395634,-1.0015674413131042,0.05489301832017606,0.011652699095899218
baseline,691718,Pete Crow-Armstrong,22,5.541954527829399,6.5098137464705665,15.490186253529433,2.7836988967444514,0.05880766463294524,0.09683448820545458
baseline,694192,Jackson Chourio,3,6.054954582806722,5.938451480982169,-2.9384514809821694,-0.522355834082649,0.03813578849264533,0.0021636243431693266
baseline,694671,Wyatt Langford,9,-1.9514978444997073,-1.4529372946979446,10.452937294697945,1.8653517635709198,0.04552441655751779,0.03319181836656589
baseline,695578,James Wood,-6,-1.5013944753725896,-1.697183759334207,-4.302816240665793,-0.7670438005706494,0.04352221658240014,0.005354346135266871
baseline,695734,Daylen Lile,-7,-1.7091189267250675,-2.040306356984379,-4.959693643015621,-0.893092071652578,0.0625958938922652,0.01065225263274024
baseline,696285,Jacob Young,13,5.045592685755093,5.317367613764242,7.682632386235758,1.3628992348830087,0.03416658429377237,0.01314185974088245
baseline,701358,Cam Smith,1,-0.9338457410082626,-0.8496048418825932,1.8496048418825932,0.32972752255701226,0.0435613334297014,9.90340259736822e-4
baseline,701538,Jackson Merrill,2,5.703074292128069,5.579060254445952,-3.579060254445953,-0.6347029633626219,0.03348948141433288,0.0027917266047133267
baseline,802415,Chandler Simpson,-5,-0.7557679533289301,-1.0396473679692804,-3.9603526320307196,-0.7147781981160761,0.06688593166412998,0.007324409781492841
baseline,808982,Jung Hoo Lee,-5,6.881550916820072,6.296970398716111,-11.29697039871611,-2.0198651245257504,0.049200691239423944,0.04222377746258998
jump,502054,Tommy Pham,-2,-0.5081134893058308,-0.5775070392338737,-1.4224929607661263,-0.38127640334175256,0.04651396029833206,0.0011819458637118893
jump,572191,Michael A. Taylor,3,2.579528173950634,2.6115964688544975,0.38840353114550247,0.1057686611477911,0.07626740465626305,1.5394141091892174e-4
jump,573262,Mike Yastrzemski,-2,3.8704490128176148,3.541104112779286,-5.541104112779286,-1.4927283704416832,0.05610216515282484,0.022073182602156145
jump,592206,Nick Castellanos,-11,-6.304402045536919,-6.654383410318305,-4.345616589681695,-1.1822739680336618,0.07453392904917122,0.01876197349459401
jump,592450,Aaron Judge,4,-2.232522741655472,-1.947573673124646,5.947573673124646,1.5934880935210658,0.0457196997656104,0.020275604278734736
jump,595777,Jurickson Profar,-6,-6.292323843548219,-6.271099257222738,0.27109925722273814,0.07367892074135074,0.0726064150903836,7.083471773641774e-5
jump,596146,Max Kepler,0,-2.8682318030616822,-2.7412072341533458,2.7412072341533458,0.7338799619713499,0.04428671656619396,0.004159533914193046
jump,606192,Teoscar Hernández,-8,-0.48764497270198726,-0.8230292896487326,-7.176970710351267,-1.9217885903587597,0.04464436461376529,0.0287648125068784
jump,607043,Brandon Nimmo,-1,-0.1351137848825344,-0.1811922013333669,-0.8188077986666331,-0.22025077461119308,0.053276853816630505,4.5498723638239615e-4
jump,621438,Tyrone Taylor,3,0.12777515630497133,0.2774726858178562,2.7225273141821438,0.7318840988524655,0.05211901493070591,0.004908804775981642
jump,621439,Byron Buxton,2,1.0022681295042106,1.0478617050346921,0.952138294965308,0.2550961538069284,0.04569722274966129,5.193500643033451e-4
jump,621493,Taylor Ward,0,-0.04277236572715527,-0.04031271941815439,0.04031271941815439,0.010868000641527233,0.057505500740585,1.2010985030526996e-6
jump,624424,Michael Conforto,-7,-7.435533342195594,-7.408088042218531,0.40808804221853084,0.11034041430042449,0.06301538210302952,1.3646839469961974e-4
jump,641355,Cody Bellinger,6,5.1506222229353,5.251925835001279,0.7480741649987214,0.208626631958507,0.11926802749192104,9.823551306805413e-4
jump,643217,Andrew Benintendi,-7,-9.915660233505127,-9.592072234251136,2.5920722342511353,0.7195135523253885,0.11098275290635701,0.010771396513303623
jump,643565,Mike Tauchman,0,-3.516045518370624,-3.269205850801318,3.269205850801318,0.88735080943054,0.07020377474626534,0.009908596300133061
jump,656775,Cedric Mullins,3,1.2328273640597682,1.3159240525678055,1.6840759474321945,0.45150992076093205,0.04702239431396819,0.001676507065215838
jump,657656,Ramón Laureano,-8,0.21627530582533885,-0.35904316784293844,-7.640956832157062,-2.0737592498805113,0.07002181064458417,0.05396671654668161
jump,660670,Ronald Acuña Jr.,-10,-8.683134079295103,-8.788472785839268,-1.2115272141607314,-0.3305859089082729,0.07999197555950306,0.0015836975065947967
jump,660821,Jesús Sánchez,-1,2.163225031757006,2.01215732618585,-3.01215732618585,-0.8078874129202035,0.04775749561113167,0.005455623793866643
jump,662139,Daulton Varsho,8,11.18972190516183,10.90279918515654,-2.9027991851565407,-0.7964011497887054,0.08995226810869388,0.010448656527296846
jump,663457,Lars Nootbaar,-1,-5.238333266272012,-5.017858866018659,4.017858866018659,1.080045027592021,0.05201912789818927,0.010668318322866353
jump,663656,Kyle Tucker,-2,-2.9215981831760467,-2.881161168145765,0.8811611681457648,0.2358551977521081,0.04387705593225666,4.254645618675591e-4
jump,663757,Trent Grisham,-1,2.856405700781628,2.685403092271101,-3.685403092271101,-0.9866902295099671,0.044342484110493526,0.007528841328338116
jump,663968,Jake Mangum,5,0.0519100846629552,0.39462295085604726,4.605377049143953,1.2493909600397652,0.06926164884975554,0.019360237691161467
jump,664023,Ian Happ,0,-0.22015367244816667,-0.20858543392799306,0.20858543392799306,0.05608567195949183,0.05254619826020256,2.907608045885828e-5
jump,664056,Harrison Bader,6,2.6564880302993563,2.944319873946055,3.055680126053945,0.8365701371390185,0.08608667959172005,0.01098713383535641
jump,664702,Myles Straw,9,5.327117138878518,5.49746201679995,3.502537983200049,0.9387326803433785,0.04637906635264173,0.00714297039209946
jump,664728,Kyle Isbel,11,8.721147109093215,8.812656310429182,2.1873436895708185,0.5843373285889594,0.04015581773668399,0.002380804575810957
jump,664770,Nathan Lukes,2,0.20083485540964452,0.3241832098984416,1.6758167901015584,0.4544600948376151,0.06855866169910757,0.002533652689851291
jump,665487,Fernando Tatis Jr.,7,1.7474809006249503,2.0793098555900844,4.920690144409916,1.330588608436239,0.0631752019720623,0.019898695787213493
jump,665742,Juan Soto,-11,-3.22760651862421,-3.832267303392314,-7.167732696607686,-1.9535083036453396,0.07779595644726328,0.053654885843082346
jump,665750,Leody Taveras,-1,-3.948125104280792,-3.669437107808529,2.669437107808529,0.7342260225808002,0.09453058693730325,0.009380086974290627
jump,665833,Oneil Cruz,0,0.454927142857817,0.43116174930882994,-0.43116174930882994,-0.11591456480514599,0.052239999134137946,1.234325078450359e-4
jump,666134,Nolan Jones,-5,-5.569556165393268,-5.538917879504003,0.5389178795040027,0.14500285274886218,0.05379326526666287,1.9922494457201315e-4
jump,666139,Josh Lowe,-4,-3.2802521660625463,-3.313582911246626,-0.6864170887533739,-0.18396330293771093,0.046308920447512864,2.7388489608832535e-4
jump,666160,Mickey Moniak,-7,-3.893970353921342,-4.121151560577925,-2.878848439422075,-0.7826348283806279,0.07314199558378284,0.008056022889502239
jump,666176,Jo Adell,-11,-10.545020774796,-10.620965817942068,-0.3790341820579318,-0.10868808670565552,0.16691980411196472,3.9448790558466515e-4
jump,666181,Will Benson,0,-6.4972031388939815,-5.918695507079216,5.918695507079216,1.623017465382759,0.08903948659872787,0.04291194811308483
jump,666185,Dylan Carlson,-2,-3.5446846561835446,-3.418302706148758,1.4183027061487576,0.3873926296069991,0.08181731431646323,0.0022287819280919024
jump,666969,Adolis García,1,4.717747210430104,4.485544529905117,-3.485544529905117,-0.9421546970683643,0.062457899201307794,0.009855752259708835
jump,666971,Lourdes Gurriel Jr.,-3,-1.5139371894738582,-1.5791340983807811,-1.4208659016192189,-0.3803138141844756,0.0438722431145695,0.0011061317655204986
jump,667472,Dane Myers,1,7.091283657412526,6.824872877875787,-5.824872877875787,-1.5589945953087032,0.04373639359456566,0.018526923589408197
jump,668227,Randy Arozarena,-4,-4.842327231910142,-4.7790551155372425,0.7790551155372428,0.2120173901327073,0.07511583856717574,6.084654115665243e-4
jump,668709,JJ Bleday,-7,3.405099608045062,2.9175281669227218,-9.917528166922722,-2.658715172717272,0.04685889222486245,0.05791981879275212
jump,668804,Bryan Reynolds,-2,-3.8353736528313602,-3.7502701956363818,1.7502701956363818,0.46909604019198814,0.046368464025672525,0.00178325885380866
jump,669016,Brandon Marsh,0,2.846220159431362,2.738141602975334,-2.738141602975334,-0.7306496301912224,0.037972662128013805,0.0035119693639524482
jump,669065,Kyle Stowers,-2,-3.5565495821626176,-3.477354712626901,1.477354712626901,0.3968906265504465,0.050878475342677976,0.0014073518872895407
jump,669326,Bryce Teodosio,9,12.366636530688293,11.9391113024075,-2.9391113024075013,-0.8232904995893703,0.1269888282812005,0.016432387665644678
jump,669743,Alex Call,0,4.075031294495347,3.713456678385456,-3.713456678385456,-1.0181262308430592,0.08872928573537957,0.016821765519843837
jump,670242,Matt Wallner,-3,-7.1250804183632965,-6.820438538024261,3.820438538024261,1.0390101497901467,0.07385113729732014,0.014347119636743602
jump,670770,TJ Friedl,1,-0.13835122537723632,-0.0509722202757279,1.050972220275728,0.28627322444562303,0.07675926651948119,0.0011356017885162052
jump,671218,Heliot Ramos,-8,-1.4110411099864926,-1.7892924014901341,-6.210707598509866,-1.6742716061773484,0.05740683738017199,0.028453776141506557
jump,671732,Lawrence Butler,4,-2.555219124141973,-2.1924170343380567,6.192417034338057,1.6675185613399743,0.05534553200026042,0.027151866308104913
jump,671739,Michael Harris II,7,6.025203608302247,6.088112249722595,0.9118877502774049,0.24675991898595245,0.06453516032284874,7.001110175098359e-4
jump,672016,Denzel Clarke,12,8.265418828759417,8.661719646116833,3.3382803538831665,0.9241220367156397,0.10611653601460516,0.016896998451854776
jump,672744,Alexander Canario,-2,-1.0254776471106166,-1.1075567105314779,-0.8924432894685222,-0.24408055849591678,0.08422491611147143,9.13202076283496e-4
jump,672761,Wenceel Pérez,2,2.132748779539435,2.1255522804924674,-0.1255522804924675,-0.03378893807542901,0.05421141401025905,1.090672849275337e-5
jump,673357,Luis Robert Jr.,6,3.2581763767696272,3.3607115371143292,2.6392884628856708,0.7040607895112484,0.03739670177029746,0.0032096303779559844
jump,676694,Jake Meyers,8,4.331512082161134,4.465063218491078,3.534936781508922,0.9424999674046826,0.036404954662797674,0.005593419261479223
jump,677594,Julio Rodríguez,10,4.5817315464482675,4.9475623681315195,5.0524376318684805,1.3693917644022355,0.06751803178807896,0.022629945302356094
jump,677800,Wilyer Abreu,7,4.067671577480028,4.2575024065144484,2.7424975934855516,0.7422093211677548,0.06473723324322675,0.006355095003477289
jump,677950,Alek Thomas,0,1.734653408822077,1.6548696584193006,-1.6548696584193006,-0.4434403672876757,0.045994058523169366,0.0015800464490909854
jump,678009,Parker Meadows,4,5.523591116629062,5.4054077266468825,-1.4054077266468827,-0.38298552144091763,0.07756896761360717,0.0020557370727485574
jump,678882,Ceddanne Rafaela,19,18.147840985679753,18.261417317990407,0.7385826820095931,0.2076380076365764,0.1332806793122481,0.0011049717513029582
jump,680757,Steven Kwan,5,2.1039974281432783,2.287746871069064,2.712253128930936,0.7335193125675797,0.06344933692789452,0.006075299145029539
jump,680776,Jarren Duran,-3,3.6756755962389502,3.2135990232199774,-6.213599023219977,-1.6856453063569734,0.06921794900868189,0.03521696028723582
jump,681297,Colton Cowser,0,-4.830418795677491,-4.47432859510148,4.47432859510148,1.2167554557452858,0.07371828730350574,0.019637558906186778
jump,681460,Brooks Baldwin,-5,-3.2074280984348413,-3.3544149329703457,-1.6455850670296541,-0.44951628800500404,0.08199773432081846,0.003008137714930217
jump,681624,Andy Pages,10,10.10060163121416,10.093733451588669,-0.0937334515886682,-0.025415390551575826,0.06827105627017872,7.88840792080577e-6
jump,682657,Angel Martínez,-5,-0.27999783212483464,-0.5485898333097792,-4.451410166690221,-1.1996840293523419,0.05690505886056867,0.014473646657036958
jump,682985,Riley Greene,1,1.7924865868930528,1.7516221760028372,-0.7516221760028372,-0.20199597904305008,0.05156479815062364,3.6972588378141985e-4
jump,682998,Corbin Carroll,9,2.9336253911363976,3.302482952325809,5.697517047674191,1.5387015842450258,0.0608036240707046,0.025546452978737935
jump,686217,Sal Frelick,6,1.5166217358543186,1.7535260536611545,4.2464739463388455,1.1419941905083661,0.05284058222376635,0.012126097368692688
jump,686555,Isaac Collins,3,10.041373204424001,9.135755219265178,-6.135755219265178,-1.720321694066289,0.1286138312609015,0.07280229917595456
jump,686611,Dylan Crews,2,3.6919539082459103,3.571249744552532,-1.571249744552532,-0.42674048422559224,0.07134010158616856,0.0023315969161510452
jump,686668,Brenton Doyle,5,3.9826525475535486,4.021084108591891,0.9789158914081092,0.2611886568138265,0.03777623951966842,4.463751612938493e-4
jump,687363,Victor Scott II,15,7.007064620165743,7.313150710915393,7.686849289084607,2.051513152905498,0.03829457842507856,0.027931392618062323
jump,687597,Jordan Beck,-2,-2.006326993823047,-2.0060380854153146,0.0060380854153146086,0.0016176900082137975,0.04566282436993875,2.0868934893605812e-8
jump,691016,Tyler Soderstrom,4,0.7537797244649971,0.9337385171061832,3.066261482893817,0.8257347438195022,0.05543640830458675,0.006669507261204629
jump,691023,Jordan Walker,-4,-4.103491216350045,-4.098555581482326,0.09855558148232524,0.026432566265675222,0.047691340789988185,5.831619881313255e-6
jump,691176,Jasson Domínguez,-8,-6.485528501137056,-6.585051807311433,-1.4149481926885674,-0.3831314412988097,0.06571487561773079,0.0017207928486214447
jump,691718,Pete Crow-Armstrong,22,15.115739855051215,15.898229152038354,6.101770847961646,1.6963034881227845,0.11366352818047988,0.06150046112714228
jump,694192,Jackson Chourio,3,6.94194298011016,6.789835597424926,-3.789835597424926,-1.011608165004811,0.038586905861582164,0.006845470833321032
jump,694671,Wyatt Langford,9,4.092769352798455,4.421562361548119,4.578437638451881,1.2405773814552046,0.06700174342470828,0.018420513739522804
jump,695578,James Wood,-6,-6.076090100172859,-6.071872213522994,0.07187221352299406,0.019354927988491335,0.05543279139184106,3.6640867998186627e-6
jump,695734,Daylen Lile,-7,-2.8499252886358963,-3.1126730931177478,-3.8873269068822522,-1.051236572152807,0.0633115841896464,0.012449092785582318
jump,696285,Jacob Young,13,8.536448586586102,8.721136832650863,4.278863167349137,1.1438035541619087,0.04137697294350268,0.009411578987536513
jump,701358,Cam Smith,1,2.999040909569201,2.894519452613005,-1.8945194526130051,-0.5093394875873924,0.0522858018842262,0.002385447317795332
jump,701538,Jackson Merrill,2,2.9178240550252346,2.882934403832637,-0.882934403832637,-0.23560847559602496,0.038013441684787576,3.6559374474302663e-4
jump,802415,Chandler Simpson,-5,1.870151315230761,1.385488382912209,-6.385488382912209,-1.7335133177590347,0.0705461801465834,0.03801445784300746
jump,808982,Jung Hoo Lee,-5,2.0884586499952293,1.644199326342525,-6.644199326342525,-1.7961566197319032,0.06267361433405574,0.03595266220401671
reaction,502054,Tommy Pham,-2,-2.6621949425732203,-2.631555669690029,0.6315556696900289,0.12045297122353232,0.04626926440140401,1.1731420460373552e-4
reaction,572191,Michael A. Taylor,3,-1.389293221941251,-1.0949600562013693,4.094960056201369,0.7896613835475585,0.06705707521852634,0.0074699910623897735
reaction,573262,Mike Yastrzemski,-2,-0.9280906916749119,-0.9757839844831693,-1.0242160155168307,-0.19516124085488387,0.0444937761411787,2.955980986631052e-4
reaction,592206,Nick Castellanos,-11,0.549647934496508,-0.04652822900648523,-10.953471770993515,-2.0949759318765873,0.05161855728280113,0.03981343418512243
reaction,592450,Aaron Judge,4,-1.8126881450518328,-1.547578697131196,5.547578697131196,1.0576915040736876,0.04560875128770072,0.00891022179926152
reaction,595777,Jurickson Profar,-6,-2.0994469059219183,-2.35186445174371,-3.64813554825629,-0.7026148887046859,0.06471327007572869,0.005692879876612439
reaction,596146,Max Kepler,0,-4.1623432831555265,-3.93301719774329,3.93301719774329,0.7536169166210738,0.05509542817871119,0.0055192191539195435
reaction,606192,Teoscar Hernández,-8,-1.015524462699136,-1.332907245953531,-6.667092754046469,-1.2710244859314528,0.045441176156949814,0.012817503690655289
reaction,607043,Brandon Nimmo,-1,-1.5228185470430788,-1.4950772691202867,0.4950772691202867,0.09476124425655437,0.053061005734568775,8.386171417764663e-5
reaction,621438,Tyrone Taylor,3,3.784118896095055,3.7508947146609044,-0.7508947146609043,-0.14292205496545018,0.04237135669043255,1.50633822113847e-4
reaction,621439,Byron Buxton,2,1.6538724484213627,1.6786290470578336,0.32137095294216644,0.06212124681773375,0.07152449587893073,4.954655148359754e-5
reaction,621493,Taylor Ward,0,-0.8153803358317901,-0.7688451001725238,0.7688451001725238,0.14747496798856755,0.05707181497306258,2.1939586463976663e-4
reaction,624424,Michael Conforto,-7,-1.8238725940179028,-2.050993042039792,-4.949006957960208,-0.9427147002190583,0.04387845008594732,0.006797472825065681
reaction,641355,Cody Bellinger,6,-0.008693306087042761,0.6120259646144541,5.387974035385546,1.0597941896052085,0.10330353690588376,0.02156560033079298
reaction,643217,Andrew Benintendi,-7,-4.057607948408947,-4.317973028433567,-2.6820269715664335,-0.5232396038285081,0.08848755551926961,0.0044296515181067725
reaction,643565,Mike Tauchman,0,-0.7720101030108337,-0.7140552272896145,0.7140552272896145,0.13829171472397533,0.07507010011293223,2.5870167994668366e-4
reaction,656775,Cedric Mullins,3,2.9233227513688944,2.9275791346447955,0.07242086535520438,0.01387982158835539,0.055510380874235814,1.8870940064075471e-6
reaction,657656,Ramón Laureano,-8,0.29588909312312595,-0.2891803061896807,-7.710819693810319,-1.48970580792779,0.07052521950875608,0.028064454660863117
reaction,660670,Ronald Acuña Jr.,-10,-4.2797625463206845,-4.694922543929817,-5.305077456070183,-1.0260574109106646,0.07257740626520646,0.013731432433143953
reaction,660821,Jesús Sánchez,-1,1.7773242028455691,1.6078575019530095,-2.6078575019530095,-0.5012726229806135,0.06101797576204047,0.0027214304508785697
reaction,662139,Daulton Varsho,8,5.1169724195440685,5.306604177307458,2.6933958226925427,0.5190309526399017,0.06577521458653525,0.003161157642372316
reaction,663457,Lars Nootbaar,-1,-3.2667694494497916,-3.1505651935447396,2.1505651935447396,0.41124321905151473,0.05126425889199216,0.0015230552960316217
reaction,663656,Kyle Tucker,-2,-1.0868291046540073,-1.12500903814386,-0.8749909618561399,-0.1664932313935304,0.04181028292123364,2.0159210276993493e-4
reaction,663757,Trent Grisham,-1,8.07961038606908,7.664473844571244,-8.664473844571244,-1.6520510842643945,0.04572184530459423,0.02179437715245541
reaction,663968,Jake Mangum,5,-1.4331192054790478,-0.9938624855058817,5.993862485505882,1.1565993801856989,0.06828051928511651,0.01633903110143197
reaction,664023,Ian Happ,0,-1.4127716679583737,-1.3391998379972818,1.3391998379972818,0.25619901211891793,0.05207623540993867,6.00993564502996e-4
reaction,664056,Harrison Bader,6,-1.9946643365714092,-1.3456524784315045,7.3456524784315045,1.427361815659847,0.08118062632986572,0.030001236349728556
reaction,664702,Myles Straw,9,3.879713403299975,4.121475613477231,4.878524386522769,0.9309152473238311,0.04721653868614873,0.007157625538076515
reaction,664728,Kyle Isbel,11,8.491113624417626,8.634255394507178,2.365744605492821,0.4537777465502377,0.057053907057199815,0.002076508258686257
reaction,664770,Nathan Lukes,2,-1.7034664703222298,-1.4507962252697846,3.4507962252697846,0.6658595516399746,0.06822533620250629,0.005410642068263226
reaction,665487,Fernando Tatis Jr.,7,-0.9652494893614214,-0.4885643566011524,7.488564356601152,1.4385260910709425,0.059845599738833626,0.02195418283374051
reaction,665742,Juan Soto,-11,0.36710693892947677,-0.4210024215442765,-10.578997578455724,-2.0425185057715987,0.06933244885509782,0.05179916007432109
reaction,665750,Leody Taveras,-1,-1.5884757359138586,-1.5330708735589185,0.5330708735589184,0.10432190896811959,0.09414978218074006,1.8852229896623956e-4
reaction,665833,Oneil Cruz,0,4.032790932131025,3.855547797719546,-3.855547797719546,-0.734454114284082,0.04395048922553937,0.004132962033426546
reaction,666134,Nolan Jones,-5,-4.463368117296705,-4.500329091044792,-0.4996709089552081,-0.09644929041161944,0.06887584383151944,1.1468487940248291e-4
reaction,666139,Josh Lowe,-4,-2.688366650000422,-2.752141713053099,-1.247858286946901,-0.23829099317806166,0.048622629984741206,4.8367053765369854e-4
reaction,666160,Mickey Moniak,-7,-2.1095975593563745,-2.4649648468707843,-4.535035153129216,-0.8771652071024342,0.07266626659617802,0.010048664191932174
reaction,666176,Jo Adell,-11,-1.2434906937678347,-2.324998371991949,-8.67500162800805,-1.7135657866059624,0.11084985872286074,0.06101131090592427
reaction,666181,Will Benson,0,-4.511681317901671,-4.0962965803441485,4.0962965803441485,0.8007255245452659,0.09206872300783728,0.010836155715382672
reaction,666185,Dylan Carlson,-2,-5.978157201392236,-5.58264917332772,3.58264917332772,0.7031725034468989,0.09941990928013135,0.009097530710110059
reaction,666969,Adolis García,1,0.5838100997612453,0.6046931987997866,0.3953068012002135,0.07554951487466237,0.0501768520249096,5.025424714882791e-5
reaction,666971,Lourdes Gurriel Jr.,-3,-1.0365031440760857,-1.125292798926259,-1.874707201073741,-0.3573556041371396,0.0452201665524919,0.001008042549784105
reaction,667472,Dane Myers,1,7.470536814853785,7.120881499017103,-6.120881499017103,-1.1721843273521904,0.054038069149690005,0.013081776770764367
reaction,668227,Randy Arozarena,-4,-2.0602535190929925,-2.1966945998529734,-1.8033054001470263,-0.3483580864198848,0.07033964598104743,0.0015302994061337487
reaction,668709,JJ Bleday,-7,4.902032341755414,4.364687213107095,-11.364687213107095,-2.1662475022793437,0.045147342337759876,0.036979473912568235
reaction,668804,Bryan Reynolds,-2,-2.254473145594667,-2.2428814317598733,0.24288143175987312,0.04630596131398181,0.0455518157238382,1.7055949270710644e-5
reaction,669016,Brandon Marsh,0,3.453001947036327,3.295891613499906,-3.295891613499906,-0.6283529243144477,0.04549963653257356,0.0031368074451437987
reaction,669065,Kyle Stowers,-2,-1.415621185832422,-1.4457835596588313,-0.5542164403411686,-0.10599996015590393,0.05161442046692638,1.0191691454363397e-4
reaction,669326,Bryce Teodosio,9,4.806931864033376,5.190761876864059,3.8092381231359416,0.7443955858707998,0.09153917856433728,0.009305873323125633
reaction,669743,Alex Call,0,1.8640298970954166,1.6797193707566853,-1.6797193707566853,-0.3295820649763998,0.09887745181873475,0.0019865033386276213
reaction,670242,Matt Wallner,-3,-3.462648771372368,-3.4326677014182114,0.4326677014182115,0.0833339011417892,0.06480308996654581,8.020193143594193e-5
reaction,670770,TJ Friedl,1,6.039131342369692,5.776440857606392,-4.776440857606392,-0.913795067984891,0.05213011269513108,0.007653962081627366
reaction,671218,Heliot Ramos,-8,-0.3267725987445864,-0.765442470230699,-7.234557529769301,-1.3877581613538177,0.05716888716400374,0.019462658512054372
reaction,671732,Lawrence Butler,4,-1.9821233475584301,-1.6399723858557795,5.6399723858557795,1.0818945646859197,0.057195571174957084,0.011834758903011597
reaction,671739,Michael Harris II,7,6.26356894419675,6.311144422252647,0.688855577747353,0.13266272240405075,0.06460275905122465,2.0258232068306526e-4
reaction,672016,Denzel Clarke,12,0.9980803024114995,2.112604838882559,9.88739516111744,1.9426472581559422,0.10130273325984661,0.07089969892745114
reaction,672744,Alexander Canario,-2,-1.8187860753479823,-1.8339742997784862,-0.1660257002215138,-0.03230741509916004,0.08381378229995967,1.5914201710481865e-5
reaction,672761,Wenceel Pérez,2,-1.1484462895084753,-1.0016859151001896,3.0016859151001896,0.5725976172471938,0.04661358680226892,0.0026717227355846193
reaction,673357,Luis Robert Jr.,6,3.2563199297915775,3.3774018496823905,2.6225981503176095,0.49963330229529723,0.04413120946773296,0.0019208747750448084
reaction,676694,Jake Meyers,8,3.8926781708653158,4.054219443263018,3.945780556736982,0.7498330854278482,0.03933007422302102,0.003836440958037936
reaction,677594,Julio Rodríguez,10,3.1094791965271282,3.71600795358905,6.28399204641095,1.2256390958542718,0.08802364499882544,0.024165163126778747
reaction,677800,Wilyer Abreu,7,0.04124579352605313,0.413840157214894,6.586159842785106,1.2609580833580498,0.0535432568292476,0.014991809810883506
reaction,677950,Alek Thomas,0,7.612295922286175,7.29763335705505,-7.29763335705505,-1.3882498005154709,0.04133609208621294,0.01384991244431498
reaction,678009,Parker Meadows,4,6.780488885642036,6.527536796737516,-2.5275367967375164,-0.49377385828030057,0.09097396152551532,0.004066733561792743
reaction,678882,Ceddanne Rafaela,19,10.682680217141996,11.721638994754876,7.278361005245125,1.4491964596930615,0.12491509341196344,0.04996524281475768
reaction,680757,Steven Kwan,5,-2.7506757481011195,-2.279001264657757,7.279001264657757,1.3990216971900742,0.06085591744163996,0.021138211413170755
reaction,680776,Jarren Duran,-3,1.2587447723491927,0.9686437242140506,-3.9686437242140506,-0.7657387614360694,0.0681189091252147,0.007143601135463944
reaction,681297,Colton Cowser,0,-1.6742683818951463,-1.5609674758101426,1.5609674758101426,0.30111211775358987,0.06767189018809176,0.0010968436997745537
reaction,681460,Brooks Baldwin,-5,-0.19720247674119257,-0.6049493280628386,-4.395050671937161,-0.8557518576967694,0.08489778079276168,0.011323252198195409
reaction,681624,Andy Pages,10,7.363302089448854,7.529317957941851,2.4706820420581495,0.4753980381124639,0.06296355294577226,0.002531023998193775
reaction,682657,Angel Martínez,-5,3.2858455895051675,2.8705628707717095,-7.8705628707717095,-1.504146309301563,0.05011953387828708,0.019896055378894793
reaction,682985,Riley Greene,1,0.05270290272858692,0.1016166352495016,0.8983833647504984,0.17182752016685796,0.05163504951277155,2.6791886648061606e-4
reaction,682998,Corbin Carroll,9,2.6233221975827696,3.1772983502725447,5.822701649727455,1.1349540372821414,0.08687535576594062,0.02042545923666126
reaction,686217,Sal Frelick,6,-0.2437209389692207,0.07192027275644008,5.92807972724356,1.1331764187659252,0.05055338231976942,0.011395239892073633
reaction,686555,Isaac Collins,3,5.704843522880052,5.1883706994986625,-2.188370699498663,-0.4531586631459872,0.19094369748659692,0.008077480275862128
reaction,686611,Dylan Crews,2,-0.37282442635461666,-0.23088177555038358,2.2308817755503836,0.4285385031914687,0.059820123742699675,0.0019474432110404467
reaction,686668,Brenton Doyle,5,2.6934739615323577,2.8295464125328245,2.1704535874671755,0.41674768965666226,0.058994543625818,0.0018147418537233795
reaction,687363,Victor Scott II,15,2.152917027337009,2.9225516309427224,12.077448369057278,2.320110275918939,0.05990734279862601,0.05717094897376331
reaction,687597,Jordan Beck,-2,-2.7033603047238097,-2.668678834207449,0.6686788342074486,0.12773693285132165,0.049308256783097824,1.4104628257873033e-4
reaction,691016,Tyler Soderstrom,4,-2.4791740951190953,-2.1600300825995404,6.16003008259954,1.1767115319546304,0.04925689722706658,0.011956185289242518
reaction,691023,Jordan Walker,-4,-1.994738071648741,-2.0837542531163704,-1.9162457468836298,-0.3651152094105701,0.04439129881691749,0.0010321108773206163
reaction,691176,Jasson Domínguez,-8,-4.422035324706502,-4.665716845216396,-3.3342831547836043,-0.6433362625922096,0.06810618399688541,0.005041327722984942
reaction,691718,Pete Crow-Armstrong,22,8.10194624625789,9.177204193860348,12.822795806139652,2.4864923367598886,0.07736751970130658,0.08640779735899419
reaction,694192,Jackson Chourio,3,7.300537686565265,7.120849482501453,-4.120849482501453,-0.7841037360356569,0.04178272977938448,0.004468158927845216
reaction,694671,Wyatt Langford,9,-1.4577263602462482,-0.9754241990646051,9.975424199064605,1.902405494653616,0.04611921794158383,0.029163709797447136
reaction,695578,James Wood,-6,-0.06880869354774626,-0.35482644073476344,-5.645173559265237,-1.0777756904747855,0.04822264742596871,0.009808920168709467
reaction,695734,Daylen Lile,-7,-3.2802337452366097,-3.5347465996729794,-3.4652534003270206,-0.6687196618455381,0.0684217332501606,0.00547408653122793
reaction,696285,Jacob Young,13,13.084243110792652,13.068163157189822,-0.0681631571898215,-0.014114347801260061,0.1908755915057551,7.832591426830833e-6
reaction,701358,Cam Smith,1,-0.16249459358812135,-0.11019687034189207,1.110196870341892,0.21159930580261893,0.04498749803627675,3.515280706331014e-4
reaction,701538,Jackson Merrill,2,5.456374804129815,5.340107796430423,-3.3401077964304227,-0.6328625913688734,0.03363842589075445,0.0023236120085040226
reaction,802415,Chandler Simpson,-5,0.7107053520309893,0.301927992644341,-5.301927992644341,-1.0248977917067477,0.07158088785674616,0.013497796404671423
reaction,808982,Jung Hoo Lee,-5,5.897853538359565,5.335386057571007,-10.335386057571007,-1.9767538963401663,0.05161268490246428,0.035442526423058306
burst,502054,Tommy Pham,-2,1.2524593710806913,1.0876851139613404,-3.0876851139613404,-0.8876652945129728,0.05066143441619795,0.007008153226298083
burst,572191,Michael A. Taylor,3,3.771188544774698,3.708793306562116,-0.7087933065621159,-0.20709369984741013,0.08090789034063199,6.292371614463899e-4
burst,573262,Mike Yastrzemski,-2,5.674267440136757,5.178491430238065,-7.178491430238065,-2.079035266693467,0.06460238892715155,0.04975363134666494
burst,592206,Nick Castellanos,-11,-8.626459003688213,-8.84086096722567,-2.159139032774331,-0.6341112690485847,0.09033000225006024,0.006654690194646844
burst,592450,Aaron Judge,4,-1.057709909059452,-0.8256534065839336,4.825653406583934,1.3838270626340137,0.0458817343517179,0.015347936891699504
burst,595777,Jurickson Profar,-6,-8.255331508272013,-8.072459823493354,2.072459823493354,0.6055849199611358,0.08108417060105409,0.005393357387719587
burst,596146,Max Kepler,0,-2.588428456142411,-2.474501718038537,2.474501718038537,0.7089061776338065,0.04401386402375592,0.0038562410629928647
burst,606192,Teoscar Hernández,-8,-2.3432090810173913,-2.606432678569992,-5.393567321430008,-1.54721231588458,0.046532318645417264,0.019471405162772713
burst,607043,Brandon Nimmo,-1,-0.5800907981436465,-0.6022929269854518,-0.3977070730145483,-0.1144685421048419,0.05287364207227471,1.2191365637995349e-4
burst,621438,Tyrone Taylor,3,1.794310244994226,1.846982907415038,1.153017092584962,0.3302649275804903,0.04368674628122645,8.304685453145844e-4
burst,621439,Byron Buxton,2,2.6232930061145834,2.5995372485743826,-0.5995372485743827,-0.1712304548891992,0.03811330675485435,1.9362591542224807e-4
burst,621493,Taylor Ward,0,-0.5469084936538103,-0.5157010245374131,0.5157010245374131,0.14875895863245334,0.05706159161636753,2.23190427350138e-4
burst,624424,Michael Conforto,-7,-8.537040675057769,-8.432029796343192,1.432029796343193,0.4155712606694517,0.06832016902261238,0.0021106780770778237
burst,641355,Cody Bellinger,6,5.467162722027271,5.530804298534395,0.46919570146560463,0.1400558040555653,0.1194390466621632,4.434430743525586e-4
burst,643217,Andrew Benintendi,-7,-10.554333767868739,-10.153016902126096,3.1530169021260956,0.9377110882914852,0.11290916721737311,0.01865296887547531
burst,643565,Mike Tauchman,0,-5.341269872935838,-4.947079608560735,4.947079608560735,1.4398707476250894,0.07380085143655851,0.027532950999320963
burst,656775,Cedric Mullins,3,0.8260757674554151,0.9302917065698284,2.0697082934301716,0.5941602177300417,0.047939085251571596,0.002962653739490414
burst,657656,Ramón Laureano,-8,-1.4620023964331932,-1.9240151375623924,-6.075984862437608,-1.7654585211716431,0.07066578624579913,0.03950036017977991
burst,660670,Ronald Acuña Jr.,-10,-9.08208416064053,-9.15567209026958,-0.8443279097304207,-0.24659473679626015,0.0801684930945324,8.833072490645384e-4
burst,660821,Jesús Sánchez,-1,0.4330825636266658,0.37157295591950534,-1.3715729559195053,-0.3927099101156773,0.042921189098484774,0.0011527005897875918
burst,662139,Daulton Varsho,8,11.298528955079028,11.00710088949785,-3.0071008894978504,-0.8821875983020133,0.08835091931888059,0.012570542495223292
burst,663457,Lars Nootbaar,-1,-4.736558250895971,-4.551136656722061,3.5511366567220612,1.0203434232073971,0.04962363269178251,0.009060129679979979
burst,663656,Kyle Tucker,-2,-4.277899619722237,-4.170157817151939,2.1701578171519382,0.6227873004952722,0.047298749092129756,0.0032093801746687525
burst,663757,Trent Grisham,-1,-0.7649770920675345,-0.7798444560351893,-0.22015554396481077,-0.06371573674355069,0.06325921204211629,4.569266777847562e-5
burst,663968,Jake Mangum,5,1.8998721358998245,2.1273423323173786,2.8726576676826214,0.835908110141052,0.0733744562770084,0.009221603721339228
burst,664023,Ian Happ,0,-1.1367335314188094,-1.0776329137798955,1.0776329137798955,0.31002131747149303,0.051991619852320835,8.785227994113854e-4
burst,664056,Harrison Bader,6,5.102275508538909,5.189247349989351,0.8107526500106492,0.23896952677331804,0.09688032606628467,0.0010209961050280981
burst,664702,Myles Straw,9,4.654889627853631,4.855055174698991,4.144944825301009,1.18873919252899,0.04606684979246764,0.0113734569008488
burst,664728,Kyle Isbel,11,8.098788252964884,8.208005197821318,2.791994802178682,0.7972119767961842,0.03764528561834485,0.0041435424953074765
burst,664770,Nathan Lukes,2,-0.8603292619708716,-0.6669696534839171,2.666969653483917,0.7736487886113923,0.06760047210569069,0.007232428240794639
burst,665487,Fernando Tatis Jr.,7,2.9751706028295217,3.243770998344387,3.756229001655613,1.0891220914872928,0.06673584617119276,0.014136974363411825
burst,665742,Juan Soto,-11,-4.326430534128935,-4.873977257812383,-6.126022742187617,-1.7909983815123656,0.08204705540020642,0.04778391358006611
burst,665750,Leody Taveras,-1,-3.0758428727444915,-2.8819380583938274,1.8819380583938272,0.5536390304994244,0.0934101597460032,0.005263630751604662
burst,665833,Oneil Cruz,0,0.9713405376989959,0.9248797126668256,-0.9248797126668256,-0.2654942879989667,0.04783165453202444,5.901477798202568e-4
burst,666134,Nolan Jones,-5,-2.8992877034061446,-2.9924882436508318,-2.0075117563491682,-0.5752268317389352,0.04436616113296733,0.002560279351041196
burst,666139,Josh Lowe,-4,-3.976312617417135,-3.977444178625401,-0.022555821374599057,-0.006474625582150453,0.047770630811834906,3.505076260922878e-7
burst,666160,Mickey Moniak,-7,-3.1896278885225637,-3.45827497600577,-3.54172502399423,-1.029006014518897,0.07050416064982172,0.013386032424020283
burst,666176,Jo Adell,-11,-12.16404208547533,-11.95724118062439,0.9572411806243899,0.2956799161176776,0.1776575842328699,0.0031479183790684953
burst,666181,Will Benson,0,-3.3762754550243477,-3.1077249929942656,3.1077249929942656,0.9073336637442454,0.07954044793070494,0.011856762524980044
burst,666185,Dylan Carlson,-2,-2.3622971428208444,-2.3326141666205746,0.3326141666205744,0.09723656851306334,0.08192992075277744,1.4062893866931834e-4
burst,666969,Adolis García,1,3.5257919231700052,3.3865740264321236,-2.3865740264321236,-0.6877221912402652,0.0551185137068429,0.004598275465155838
burst,666971,Lourdes Gurriel Jr.,-3,-3.4138041409396167,-3.395115058832965,0.39511505883296505,0.11326246403019624,0.04516407705397739,1.0113119768149944e-4
burst,667472,Dane Myers,1,5.603206838541134,5.411575070038472,-4.411575070038472,-1.2622747070441855,0.04163005817991807,0.011535338506958348
burst,668227,Randy Arozarena,-4,-5.040537575413393,-4.9624212379783685,0.9624212379783681,0.28030979984166826,0.0750730576971129,0.0010629234459591773
burst,668709,JJ Bleday,-7,3.0694846904540705,2.592007112689828,-9.592007112689828,-2.752866604560266,0.047418273371714136,0.06287276704580003
burst,668804,Bryan Reynolds,-2,-4.273552044860951,-4.165948488560712,2.165948488560712,0.6215889857200911,0.04732838931198429,0.0031991446076109907
burst,669016,Brandon Marsh,0,4.078656674142108,3.9371613085420045,-3.9371613085420045,-1.1224757760811515,0.03469165877509561,0.00754678037527098
burst,669065,Kyle Stowers,-2,-4.239298608438512,-4.123014761100855,2.123014761100855,0.6107441422742586,0.0519286918231691,0.003405130406020592
burst,669326,Bryce Teodosio,9,13.113204948017458,12.580734539216028,-3.580734539216028,-1.0749865631187208,0.12945389678627123,0.028640340263231128
burst,669743,Alex Call,0,0.3012712554542274,0.2791868474998591,-0.2791868474998591,-0.08123685921219152,0.0733040658693863,8.70053191650784e-5
burst,670242,Matt Wallner,-3,-7.416263452073303,-7.089259806736172,4.089259806736172,1.190355373790694,0.0740453210923386,0.018884692326047222
burst,670770,TJ Friedl,1,-1.6288576960427323,-1.4046021301321487,2.4046021301321487,0.7042582624865155,0.08530532719521437,0.007709259324913613
burst,671218,Heliot Ramos,-8,-0.060072680101203715,-0.5138970265697447,-7.486102973430255,-2.1595484904681435,0.05715724189706152,0.047120149983548854
burst,671732,Lawrence Butler,4,-1.2787848012156533,-0.9958035928286915,4.9958035928286915,1.4384555793991136,0.05360726361146514,0.01953412221628224
burst,671739,Michael Harris II,7,6.0544573981017615,6.115448421442674,0.8845515785573257,0.25617039015311355,0.06450372856650669,7.54135469235682e-4
burst,672016,Denzel Clarke,12,11.049180386712594,11.164937233982815,0.8350627660171843,0.24959473727555267,0.12174427793932673,0.0014392862213206627
burst,672744,Alexander Canario,-2,-2.310562342478022,-2.2845275424538842,0.28452754245388434,0.08326516587827273,0.08383115549812738,1.0573174166485932e-4
burst,672761,Wenceel Pérez,2,2.8834170172805553,2.833347983014096,-0.8333479830140962,-0.24033823806866303,0.05667655624360525,5.784120364482867e-4
burst,673357,Luis Robert Jr.,6,4.17459817704131,4.239918823096258,1.760081176903742,0.5020793821326698,0.035784255955805595,0.0015592340047990815
burst,676694,Jake Meyers,8,3.5776052638880222,3.742329528033916,4.257670471966084,1.2154625251150855,0.03724775240002985,0.0095261502432654
burst,677594,Julio Rodríguez,10,7.33121314106128,7.507793753096209,2.4922062469037907,0.7223966672075777,0.06616512346930029,0.0061625329511846355
burst,677800,Wilyer Abreu,7,3.6001844130326535,3.804473266903213,3.195526733096787,0.9232635840416471,0.06008821615315572,0.009082436679422446
burst,677950,Alek Thomas,0,1.9625695518694906,1.8761610189116011,-1.8761610189116011,-0.5374949408669405,0.044028265329797533,0.0022176041960827856
burst,678009,Parker Meadows,4,5.470374305567821,5.356539654338674,-1.356539654338674,-0.3956006509423935,0.077418825123707,0.002188793208024582
burst,678882,Ceddanne Rafaela,19,14.970846420658939,15.329686342555512,3.6703136574444892,1.0771726031719966,0.08906086969145958,0.018906751730106898
burst,680757,Steven Kwan,5,4.484889202462114,4.523017710940482,0.4769822890595182,0.1388443628125372,0.0740200140641848,2.568341778831175e-4
burst,680776,Jarren Duran,-3,3.6294364502319425,3.1781776591021913,-6.178177659102191,-1.7926491541761331,0.0680689519414523,0.03912052132886642
burst,681297,Colton Cowser,0,-3.9548212755252456,-3.675356064781757,3.675356064781757,1.0679229972379505,0.07066443494500814,0.014452965314902118
burst,681460,Brooks Baldwin,-5,-7.0040730992026,-6.814832995063432,1.8148329950634314,0.5341975732591375,0.09442774528257804,0.004959399376442444
burst,681624,Andy Pages,10,9.714031109017036,9.732957857784353,0.2670421422156467,0.07740626198247716,0.06618464233035981,7.077781555560607e-5
burst,682657,Angel Martínez,-5,-1.0957528816602313,-1.3318678341414398,-3.66813216585856,-1.060029459841576,0.060476436384389265,0.012054886762692374
burst,682985,Riley Greene,1,0.9831517384620831,0.9839687085063972,0.01603129149360282,0.0046035048123308255,0.04848987193578299,1.7999629854653823e-7
burst,682998,Corbin Carroll,9,2.252412276405153,2.6397458231896644,6.360254176810336,1.8350094448422436,0.05740326212137829,0.034177162102471244
burst,686217,Sal Frelick,6,2.3858357298179453,2.585024551503751,3.414975448496249,0.984066698481503,0.05511338356398826,0.009414021738975873
burst,686555,Isaac Collins,3,7.331068500861704,6.916528003905711,-3.916528003905711,-1.1536523171529394,0.09571321646690975,0.023478176467765528
burst,686611,Dylan Crews,2,3.6791013684471867,3.562136206579881,-1.5621362065798812,-0.45365395900685995,0.06965938094343459,0.002568241077329936
burst,686668,Brenton Doyle,5,6.059250571872902,6.021326383110081,-1.021326383110081,-0.29134557562694147,0.03580284945777032,5.253120376748393e-4
burst,687363,Victor Scott II,15,10.42742865481572,10.655662385188453,4.344337614811548,1.2484433138326991,0.04991365101675306,0.013647172004599445
burst,687597,Jordan Beck,-2,0.1931181219729646,0.09041533722698292,-2.090415337226983,-0.5997553098444307,0.046829572797287784,0.0029454156443905494
burst,691016,Tyler Soderstrom,4,1.7232146823348415,1.8567626254716978,2.143237374528302,0.6187610622708457,0.05865636171345685,0.003976139673500976
burst,691023,Jordan Walker,-4,-2.4793870349292315,-2.54601222433907,-1.4539877756609298,-0.4165014526307603,0.04381469245643157,0.0013248279807266275
burst,691176,Jasson Domínguez,-8,-5.9440530782806436,-6.072481320749758,-1.9275186792502417,-0.557611915001995,0.06246671113557346,0.0034528267198104885
burst,691718,Pete Crow-Armstrong,22,14.9188679619382,15.671844623756442,6.328155376243557,1.8750666586498355,0.1063356335923292,0.06972468395022903
burst,694192,Jackson Chourio,3,4.326578807201195,4.273907595839935,-1.2739075958399355,-0.36413488663723154,0.039704547574060965,9.137106937017223e-4
burst,694671,Wyatt Langford,9,5.324132183383767,5.594852737005092,3.405147262994908,0.9910023641727893,0.07364806547111752,0.013013180734335746
burst,695578,James Wood,-6,-7.013026345479135,-6.953092562241618,0.9530925622416184,0.2752356646857995,0.05916310420255433,7.939529726191584e-4
burst,695734,Daylen Lile,-7,-1.2829698443693236,-1.6413476766116446,-5.358652323388355,-1.5503859711580392,0.06268601397691698,0.02679254491105064
burst,696285,Jacob Young,13,6.363891305217535,6.5967747794241305,6.4032252205758695,1.825924989880713,0.035093378502026984,0.0202094506548846
burst,701358,Cam Smith,1,4.421917813419852,4.2230007954020685,-3.223000795402069,-0.9302331068596065,0.05813027339162975,0.008901103702893117
burst,701538,Jackson Merrill,2,4.0993304132499855,4.026158541613602,-2.0261585416136016,-0.5777020510180672,0.03485486190004134,0.002008756557600953
burst,802415,Chandler Simpson,-5,3.5866571808388286,2.9355064664605326,-7.935506466460533,-2.312204197894227,0.07583285330539848,0.07311525378101257
burst,808982,Jung Hoo Lee,-5,1.737862778230033,1.3115366104035546,-6.311536610403555,-1.8266503824817266,0.06327320425757742,0.03756353870322094
route,502054,Tommy Pham,-2,-2.1383690710834067,-2.13205788711481,0.13205788711481015,0.02361379438626108,0.045611233198168837,4.441470683156759e-6
route,572191,Michael A. Taylor,3,-1.829990154611459,-1.4994773469836522,4.499477346983652,0.8143634058867572,0.06842929220305913,0.008119166983064105
route,573262,Mike Yastrzemski,-2,-1.026726708482628,-1.0716523307049188,-0.9283476692950813,-0.1660492127802923,0.04615930860720104,2.2238517950375685e-4
route,592206,Nick Castellanos,-11,0.7246372067859355,0.0438547028793419,-11.043854702879342,-1.9878066595619075,0.0580642702967879,0.04059613926682667
route,592450,Aaron Judge,4,-1.5751433702252018,-1.3154739078954538,5.315473907895454,0.9509618791306692,0.046576284247065024,0.007362983943371519
route,595777,Jurickson Profar,-6,-2.1434408000131593,-2.3979038658370606,-3.6020961341629394,-0.6510910766407699,0.06598189023644964,0.0049911623000011285
route,596146,Max Kepler,0,-2.985711184398185,-2.7946986416228405,2.7946986416228405,0.5046095690124351,0.06397555924815469,0.0029005918042040216
route,606192,Teoscar Hernández,-8,-1.085249111443249,-1.46831613900802,-6.53168386099198,-1.1739914662527555,0.05539852899093024,0.013471881221406126
route,607043,Brandon Nimmo,-1,-1.5627948841808401,-1.5310835664173372,0.5310835664173372,0.09550378733971704,0.05634613720709207,9.076979718762841e-5
route,621438,Tyrone Taylor,3,5.523144707175984,5.421108215319823,-2.4211082153198227,-0.4317598682849685,0.04044020605158452,0.0013094068603703446
route,621439,Byron Buxton,2,4.4845292352471615,4.3229568775172975,-2.322956877517297,-0.4196688376811256,0.06503137714690302,0.0020416820396718586
route,621493,Taylor Ward,0,-1.1581328132860358,-1.0920082762503545,1.0920082762503545,0.19645190326714598,0.05709581515790182,3.8949146518474993e-4
route,624424,Michael Conforto,-7,-1.2960126129138383,-1.5566071910802126,-5.443392808919787,-0.9733929766303455,0.04568638751838091,0.007559983832791745
route,641355,Cody Bellinger,6,-0.8410849587801397,-0.13361812852728683,6.133618128527287,1.1315791880790522,0.10341441957168829,0.024615462555982084
route,643217,Andrew Benintendi,-7,-2.7180887780954883,-3.078386831824237,-3.921613168175763,-0.7158389047112572,0.08414421389346245,0.007846509580978869
route,643565,Mike Tauchman,0,-1.7218480804116583,-1.5885802678453838,1.5885802678453838,0.2889123386288113,0.077398124772084,0.001167070347105717
route,656775,Cedric Mullins,3,4.782764486891836,4.674421077254778,-1.6744210772547783,-0.3018168072727117,0.06077269904896438,9.82366191798678e-4
route,657656,Ramón Laureano,-8,-0.3653937514696867,-0.9020677331586819,-7.097932266841318,-1.2859477992109078,0.07029491295537389,0.020838867767879198
route,660670,Ronald Acuña Jr.,-10,-1.9474029231594772,-2.4596014344343615,-7.5403985655656385,-1.3612228417250705,0.06360662360072404,0.020977378553837994
route,660821,Jesús Sánchez,-1,-0.453617428488166,-0.481372130624939,-0.518627869375061,-0.09299089693341205,0.05079719519598993,7.712769335309058e-5
route,662139,Daulton Varsho,8,3.822972126446656,4.097351737137299,3.9026482628627006,0.7053058477833275,0.06568776148894415,0.005829028026369676
route,663457,Lars Nootbaar,-1,-2.003497966760936,-1.9549083205828683,0.9549083205828685,0.17100278350186898,0.04842027367021359,2.4799171273442625e-4
route,663656,Kyle Tucker,-2,-1.0977504687396367,-1.13560169840314,-0.8643983015968599,-0.15427102940828974,0.041952063539037646,1.7369351041751296e-4
route,663757,Trent Grisham,-1,6.9965155097711635,6.6089103195907954,-7.6089103195907954,-1.3626230060454192,0.0484717611948283,0.01576403179900559
route,663968,Jake Mangum,5,-1.1297027173305978,-0.7071227617722702,5.70712276177227,1.0332190522511935,0.06893971454171174,0.013174229961217948
route,664023,Ian Happ,0,-1.6481954156906786,-1.556494900714201,1.556494900714201,0.279796510910205,0.05563691908343906,7.687009379810729e-4
route,664056,Harrison Bader,6,-1.47574289070311,-0.8546974810714367,6.854697481071437,1.2505049555493821,0.08307474169610776,0.02361318921320085
route,664702,Myles Straw,9,3.917050903877426,4.191914467204433,4.808085532795567,0.863590915437434,0.05407560810252467,0.007105749077337121
route,664728,Kyle Isbel,11,6.4700641053884995,6.745107951351043,4.254892048648957,0.7669276462842732,0.06071694001005994,0.006336813461077458
route,664770,Nathan Lukes,2,-1.772556848336929,-1.4920391916486206,3.4920391916486206,0.6340471335361905,0.07435743660482345,0.005382362323486319
route,665487,Fernando Tatis Jr.,7,-0.7919175281281561,-0.32606919151737124,7.326069191517371,1.3198414825526392,0.05978609693045546,0.018461450953820034
route,665742,Juan Soto,-11,0.6852167394162948,-0.12187096948900944,-10.87812903051099,-1.969516309259424,0.06906912613634769,0.0479661034996279
route,665750,Leody Taveras,-1,-1.4724879660225683,-1.422625860912977,0.4226258609129769,0.07806160969983905,0.10553095252209867,1.1982247782552672e-4
route,665833,Oneil Cruz,0,5.694270537381175,5.488622289890531,-5.488622289890531,-0.9765957126898219,0.036114941525981895,0.005955799160941517
route,666134,Nolan Jones,-5,-1.8816558921703428,-2.050961732528941,-2.949038267471059,-0.52974432795721,0.05429350786960913,0.0026851769593135215
route,666139,Josh Lowe,-4,-1.9424346356142108,-2.0507184746802394,-1.9492815253197606,-0.3498470338722699,0.05262716846827991,0.0011331677864761175
route,666160,Mickey Moniak,-7,-0.8217819821503892,-1.2444564563615685,-5.7555435436384315,-1.0416909215769083,0.06841365471241413,0.013281471213356362
route,666176,Jo Adell,-11,0.9387405164786778,-0.23163327510089893,-10.768366724899101,-1.9806980211287468,0.09803159637854143,0.07106569957435097
route,666181,Will Benson,0,-2.055582568395046,-1.8937740605410829,1.8937740605410829,0.3446637725793429,0.07871661802439801,0.0016916605192951312
route,666185,Dylan Carlson,-2,-4.192229485948122,-3.9645275669319817,1.9645275669319815,0.36252349940455925,0.10386773851719279,0.002538806725369496
route,666969,Adolis García,1,-0.9975906557246558,-0.9053278522731578,1.9053278522731578,0.3408020507233792,0.04618704196833026,9.373679042803651e-4
route,666971,Lourdes Gurriel Jr.,-3,-1.8234065037482,-1.8749786433370994,-1.1250213566629006,-0.20098224711993418,0.04383173946923174,3.086160635582158e-4
route,667472,Dane Myers,1,5.696850147811156,5.4706023043040295,-4.4706023043040295,-0.8004799592557796,0.04817012175969958,0.005404656378485075
route,668227,Randy Arozarena,-4,-0.879421734031768,-1.0888646013339187,-2.9111353986660813,-0.526517529403234,0.06711668461779972,0.003324126853660738
route,668709,JJ Bleday,-7,5.406473214763495,4.8531611583616066,-11.853161158361607,-2.1183872711013843,0.044598658041147286,0.03491366256209905
route,668804,Bryan Reynolds,-2,-1.4109618372951287,-1.4376372928977563,-0.5623627071022438,-0.10054120021168754,0.04528646408941229,7.991571935198868e-5
route,669016,Brandon Marsh,0,4.997592573843619,4.779762088797408,-4.779762088797408,-0.853783301270906,0.04358708354624372,0.005536769459112026
route,669065,Kyle Stowers,-2,-1.8630968076709558,-1.8703754213284594,-0.12962457867154067,-0.023270973893326875,0.05316613538133596,5.068030008674871e-6
route,669326,Bryce Teodosio,9,3.299812007113877,3.807179745878998,5.192820254121002,0.9504085332777769,0.08900894837123266,0.014709196930813254
route,669743,Alex Call,0,-1.4210987145925813,-1.3176590747017334,1.3176590747017334,0.2390439433414781,0.07278849725826562,7.476325154340604e-4
route,670242,Matt Wallner,-3,-2.240080243650639,-2.2868586386870353,-0.7131413613129648,-0.12859846153976426,0.06155701920571256,1.807964867879733e-4
route,670770,TJ Friedl,1,6.727875885470519,6.433201623034387,-5.433201623034387,-0.974515615948178,0.05144564378282164,0.008584455201943734
route,671218,Heliot Ramos,-8,-0.09155390592904318,-0.5753049198419209,-7.424695080158079,-1.3385943362456008,0.06116890829862922,0.01945763182795032
route,671732,Lawrence Butler,4,-0.750897951986561,-0.49668815036773584,4.496688150367736,0.8074178166133685,0.053507737734617214,0.006142496649340649
route,671739,Michael Harris II,7,6.47113683032185,6.505318919613738,0.49468108038626224,0.08935079161619047,0.06463314379159682,9.194304069554302e-5
route,672016,Denzel Clarke,12,1.723130737540008,2.924004911580333,9.075995088419667,1.6871031425933654,0.11685214080001544,0.06276756358655855
route,672744,Alexander Canario,-2,-2.2634856110302737,-2.240943779859968,0.24094377985996795,0.04401496934366657,0.0855524181459584,3.020807359227644e-5
route,672761,Wenceel Pérez,2,-1.8132996881721113,-1.6374755507661765,3.6374755507661765,0.6506008148389251,0.046108135154259225,0.0034100156166040527
route,673357,Luis Robert Jr.,6,4.697783940303372,4.7502995319306525,1.2497004680693478,0.22284791864295225,0.04032786359547316,3.4781494909641274e-4
route,676694,Jake Meyers,8,4.313794207611505,4.48571664907657,3.5142833509234297,0.6287417051984069,0.04663940407778148,0.0032232135617501546
route,677594,Julio Rodríguez,10,5.440546651521023,5.811157255083324,4.188842744916676,0.7634269885623759,0.08128399947022906,0.008594241469944513
route,677800,Wilyer Abreu,7,-1.639737954326494,-1.247407833886001,8.247407833886001,1.4745962092643567,0.0454099560096065,0.017239678264040607
route,677950,Alek Thomas,0,7.808183392267735,7.185090789171489,-7.185090789171489,-1.30844425629334,0.0797999447237986,0.024744548581970352
route,678009,Parker Meadows,4,5.3447252133806575,5.209537321697773,-1.2095373216977732,-0.22278733743152934,0.10053198254758612,9.2458805318174e-4
route,678882,Ceddanne Rafaela,19,6.162444708989508,6.907980013276331,12.092019986723669,2.176480017394047,0.058074554491608456,0.048677411472987736
route,680757,Steven Kwan,5,-2.071949428248475,-1.6132493709260851,6.613249370926085,1.194651176937303,0.0648618972712307,0.016498515735186955
route,680776,Jarren Duran,-3,-0.25870545357399344,-0.43620687101393685,-2.563793128986063,-0.4631092261191671,0.06475094683690893,0.0024747678311011294
route,681297,Colton Cowser,0,-0.9190792227263911,-0.8525081604331283,0.8525081604331283,0.15462860541700757,0.07243234385800025,3.1118264649033784e-4
route,681460,Brooks Baldwin,-5,-1.5735579017712649,-1.8499685153263328,-3.1500314846736672,-0.5739092682960977,0.08066986268291367,0.0048169822588379355
route,681624,Andy Pages,10,6.308867735639921,6.53188105941276,3.4681189405872397,0.6250156442139919,0.06041867584268256,0.0041866567165559
route,682657,Angel Martínez,-5,4.98700692686261,4.542227861439752,-9.542227861439752,-1.7053230392470695,0.04453577219682427,0.022592101138742594
route,682985,Riley Greene,1,-1.2935237210919057,-1.185420200815328,2.185420200815328,0.39109583159683625,0.047134249924003925,0.001261014287718232
route,682998,Corbin Carroll,9,0.08999621733233044,0.9962464166896208,8.00375358331038,1.4751965610818885,0.10171153923864627,0.04106794181724581
route,686217,Sal Frelick,6,-0.6585484835350285,-0.3198941320505124,6.319894132050512,1.1332057702373144,0.050860086447057355,0.011468672766614162
route,686555,Isaac Collins,3,-0.6165975506343184,-0.06929568405097264,3.0692956840509726,0.5820141571371875,0.151330597037913,0.010067092235881541
route,686611,Dylan Crews,2,-1.8201781523679061,-1.6131495382301302,3.61314953823013,0.6490062345923099,0.05419344488147789,0.004022452515367765
route,686668,Brenton Doyle,5,4.729452635608938,4.74611734187807,0.25388265812193056,0.0457827910043369,0.061596261736419196,2.2930731295467635e-5
route,687363,Victor Scott II,15,4.139560304995244,4.820536249461739,10.179463750538261,1.8367508384194735,0.06270242859317271,0.03761457105796753
route,687597,Jordan Beck,-2,-1.6476384835812712,-1.6640065557784656,-0.33599344422153443,-0.060106816899486847,0.04645249675263977,2.933343595978375e-5
route,691016,Tyler Soderstrom,4,-2.687446059785374,-2.3553146098658138,6.355314609865814,1.1388401391730665,0.04966491646442068,0.011296586392618399
route,691023,Jordan Walker,-4,-0.9008130914981317,-1.0411512587020204,-2.9588487412979796,-0.5289923103617787,0.04528225349006959,0.0022120783425129665
route,691176,Jasson Domínguez,-8,-2.6380215744054203,-2.9697898549991564,-5.030210145000844,-0.9072347734455465,0.06187422892455043,0.00904767222544154
route,691718,Pete Crow-Armstrong,22,5.734217208116905,6.7048016292674415,15.295198370732559,2.7553649760661103,0.05967031735078112,0.08029439299279709
route,694192,Jackson Chourio,3,6.020014000391903,5.904765630872328,-2.904765630872328,-0.5173972538251294,0.03816153484871933,0.0017701932514368557
route,694671,Wyatt Langford,9,-2.1802672714188254,-1.6603763651646268,10.660376365164627,1.9071131214242176,0.046500758312213425,0.02956251247001568
route,695578,James Wood,-6,-0.15788698734546724,-0.5781398531683148,-5.421860146831685,-0.9831577906249718,0.07193507980974381,0.012486984486368076
route,695734,Daylen Lile,-7,-2.0463508769064074,-2.36853792749838,-4.63146207250162,-0.8367308259871372,0.06504034552830133,0.008117274957120392
route,696285,Jacob Young,13,6.906260734322939,8.650864410366406,4.349135589633594,0.899306019229033,0.28629444089771516,0.054070151420749085
route,701358,Cam Smith,1,-0.6915392049873509,-0.6157546670782714,1.6157546670782714,0.2887971053631021,0.04480211731754992,6.519880102626632e-4
route,701538,Jackson Merrill,2,6.324164060033606,6.147632853784729,-4.147632853784729,-0.7398017032166712,0.04082435444123893,0.003882402752174156
route,802415,Chandler Simpson,-5,0.03232891865487128,-0.3574081736003647,-4.642591826399635,-0.8443623372151222,0.07744666506405797,0.009975110022633144
route,808982,Jung Hoo Lee,-5,6.861458934175309,6.277767716444133,-11.277767716444133,-2.0204342405500055,0.04920905775337979,0.03521260889684155
all_components,502054,Tommy Pham,-2,1.2227251381530504,1.0229589306333624,-3.0229589306333624,-0.8658944993591773,0.061986734504505966,0.006193408878737804
all_components,572191,Michael A. Taylor,3,3.653993912355444,3.5993911738935935,-0.5993911738935933,-0.1736917731064173,0.08349120294590161,3.4353626596297807e-4
all_components,573262,Mike Yastrzemski,-2,5.591763361002567,5.051481089366361,-7.051481089366361,-2.0297788735147213,0.07116690101426587,0.039459160427980575
all_components,592206,Nick Castellanos,-11,-8.331556215997244,-8.61036893375826,-2.3896310662417406,-0.7005379719392613,0.10448513827890464,0.007157396863158406
all_components,592450,Aaron Judge,4,-1.035477562109106,-0.7670618192471066,4.767061819247107,1.3591986935945826,0.05330492283031318,0.0130026870506472
all_components,595777,Jurickson Profar,-6,-8.144080324647993,-7.954360804542663,1.9543608045426626,0.5678846394532122,0.08848526705102669,0.003913249422355975
all_components,596146,Max Kepler,0,-2.9703875219683056,-2.7762540007489043,2.7762540007489043,0.7966606724865936,0.06535629435002774,0.005547510138535728
all_components,606192,Teoscar Hernández,-8,-2.3078323666972236,-2.809922938052833,-5.190077061947167,-1.5078667608993157,0.0882072707096788,0.02749439757081056
all_components,607043,Brandon Nimmo,-1,-0.7141026315793318,-0.7315706072474779,-0.2684293927525221,-0.07685238280382889,0.06109876339416206,4.804378303514003e-5
all_components,621438,Tyrone Taylor,3,1.8589963028042722,1.9636571761320256,1.0363428238679744,0.3016702422267467,0.09172702383434911,0.0011488302615213558
all_components,621439,Byron Buxton,2,2.2437135211078267,2.226165067055723,-0.22616506705572328,-0.06513130783709596,0.07200443361671187,4.114366242886403e-5
all_components,621493,Taylor Ward,0,-0.578134019040147,-0.5437403826622614,0.5437403826622614,0.15554185741355722,0.059490767270513514,1.912894777846733e-4
all_components,624424,Michael Conforto,-7,-8.401295920548765,-8.29999491329745,1.2999949132974493,0.37443201862378916,0.07229094566381584,0.001365614382920219
all_components,641355,Cody Bellinger,6,5.35926893426478,5.4373418718715385,0.562658128128461,0.1665702406014399,0.1218497772028107,4.812389413015042e-4
all_components,643217,Andrew Benintendi,-7,-10.534413860274453,-10.135041256334357,3.135041256334357,0.9234588653567949,0.11299542717079626,0.013579385966561977
all_components,643565,Mike Tauchman,0,-5.185504244723649,-4.735361186878906,4.735361186878906,1.3747042523416653,0.08680796246628705,0.02245566970663127
all_components,656775,Cedric Mullins,3,0.41940093316953775,0.6122092181384211,2.387790781861579,0.6886453630064541,0.07471454494699703,0.004786639147495682
all_components,657656,Ramón Laureano,-8,-1.3794405136242578,-1.9522087459062902,-6.04779125409371,-1.7554277776480782,0.08651356935327201,0.03648027264277584
all_components,660670,Ronald Acuña Jr.,-10,-9.3203319613474,-9.38256330646488,-0.6174366935351209,-0.17971398134513086,0.09156138229016966,4.069026299713242e-4
all_components,660821,Jesús Sánchez,-1,0.6901210088280515,0.5776620604001783,-1.5776620604001783,-0.453005124542438,0.06653899208427343,0.0018285055350690362
all_components,662139,Daulton Varsho,8,11.190215188480531,10.877074013248848,-2.8770740132488477,-0.8404709948660024,0.09815675643523863,0.009610469757605699
all_components,663457,Lars Nootbaar,-1,-4.876805437400962,-4.671363374716368,3.671363374716367,1.0466173080394903,0.05299261621504694,0.007662100314795848
all_components,663656,Kyle Tucker,-2,-4.29812319570187,-4.175135942253134,2.1751359422531342,0.620250437749101,0.053516388363668614,0.0027190542340006525
all_components,663757,Trent Grisham,-1,-0.4567640766828747,-0.510586277049706,-0.4894137229502939,-0.1430439637589614,0.0990770272300569,2.812771098337147e-4
all_components,663968,Jake Mangum,5,1.8781598144383784,2.159833093686936,2.840166906313064,0.8260655077811863,0.09022668122195487,0.008459423696795525
all_components,664023,Ian Happ,0,-1.286977073127001,-1.2027665340617348,1.2027665340617348,0.345154306857284,0.06543281991858371,0.0010426095978676474
all_components,664056,Harrison Bader,6,4.888634204788785,5.0140238031306374,0.9859761968693628,0.2904015648744675,0.11282477729848177,0.0013406116785029975
all_components,664702,Myles Straw,9,4.372631913342867,4.666880152031204,4.333119847968796,1.2422373933168176,0.06358868220075045,0.013098826202318909
all_components,664728,Kyle Isbel,11,8.383736364277514,8.547590403154619,2.4524095968453823,0.7027073237135247,0.0626290243230231,0.004124042351740098
all_components,664770,Nathan Lukes,2,-1.102527284901063,-0.8409549382803836,2.8409549382803836,0.8236206016675999,0.08430944278674413,0.007807138771149438
all_components,665487,Fernando Tatis Jr.,7,2.900329221637914,3.202632489990106,3.797367510009894,1.0945939168785974,0.07373842552132157,0.011922745832278162
all_components,665742,Juan Soto,-11,-4.276895861686292,-4.857671667768329,-6.142328332231671,-1.7827426593900138,0.08638506769102447,0.037563220142865394
all_components,665750,Leody Taveras,-1,-2.87812058497881,-2.6449753944419117,1.6449753944419119,0.4876168037226476,0.12413749809335496,0.0042124464655507125
all_components,665833,Oneil Cruz,0,0.9151528579097613,0.8665910874387963,-0.8665910874387963,-0.2470535809263877,0.053064108417777485,4.275359245928031e-4
all_components,666134,Nolan Jones,-5,-3.0740413258820647,-3.2244773887664246,-1.7755226112335754,-0.5130076125545988,0.07810970448431781,0.002787297875668779
all_components,666139,Josh Lowe,-4,-4.168868156363405,-4.158677047143834,0.15867704714383407,0.04541174180089924,0.06034950247008333,1.6555933710733378e-5
all_components,666160,Mickey Moniak,-7,-3.2439990934755807,-3.5273198384953166,-3.4726801615046834,-1.0019186509288929,0.07543149005304792,0.010237372936041676
all_components,666176,Jo Adell,-11,-12.163712042592676,-11.956901598412278,0.9569015984122782,0.2927477920597152,0.17771616741168791,0.0023152743310332334
all_components,666181,Will Benson,0,-3.644163879250991,-3.1380428553228534,3.1380428553228534,0.9381355825838944,0.1388853631994626,0.017743395700020075
all_components,666185,Dylan Carlson,-2,-2.7397915578026666,-2.6609546270394047,0.6609546270394046,0.19398928085650968,0.10656641040541721,5.610783874032138e-4
all_components,666969,Adolis García,1,3.508300564087062,3.316254689757525,-2.316254689757525,-0.6686828236196722,0.07656413951309385,0.004634138597153192
all_components,666971,Lourdes Gurriel Jr.,-3,-3.4100581861860713,-3.384612432182595,0.38461243218259517,0.11017209964137652,0.06205400809125537,1.0037955627157944e-4
all_components,667472,Dane Myers,1,5.879332282376106,5.592019783743033,-4.592019783743033,-1.3131649926035598,0.05888356889954651,0.013486503656391834
all_components,668227,Randy Arozarena,-4,-5.11767174986431,-5.032535933136873,1.0325359331368729,0.2980210552030891,0.07617246900780417,9.154002810794573e-4
all_components,668709,JJ Bleday,-7,3.0954215151541633,2.6109095877904736,-9.610909587790474,-2.732635450940791,0.04799323402558226,0.04705582481699659
all_components,668804,Bryan Reynolds,-2,-4.396206495706397,-4.274345150242473,2.274345150242473,0.6476308541180847,0.0508559448788232,0.002809148324880388
all_components,669016,Brandon Marsh,0,3.903073081389682,3.724665179649832,-3.724665179649832,-1.0577528032055903,0.045709598057622876,0.006698926757793568
all_components,669065,Kyle Stowers,-2,-4.106930494963795,-3.9882435795189766,1.9882435795189766,0.5678022678261804,0.05633167099176497,0.0024056780908975495
all_components,669326,Bryce Teodosio,9,13.004522739820855,12.466494887745828,-3.4664948877458275,-1.0336128218125689,0.13435504978530713,0.020727168758490903
all_components,669743,Alex Call,0,0.44179186284930183,0.36883044985252283,-0.36883044985252283,-0.11198489944064251,0.16514883847389478,3.1009546114262607e-4
all_components,670242,Matt Wallner,-3,-7.506614890881208,-7.166053118268479,4.166053118268479,1.2020564112451197,0.07556930886236299,0.014764910063274801
all_components,670770,TJ Friedl,1,-1.5596110772346263,-1.330532617720193,2.330532617720193,0.6775663153117194,0.08949736995275248,0.0056408259009696066
all_components,671218,Heliot Ramos,-8,0.22082957093100064,-0.38402112524872223,-7.615978874751278,-2.195118205712428,0.0735753844500664,0.04783527670618287
all_components,671732,Lawrence Butler,4,-1.3922945191039438,-1.0192353181162899,5.01923531811629,1.4432541166626047,0.06918375835481011,0.01935244408387709
all_components,671739,Michael Harris II,7,6.019403541216777,6.082907306258624,0.9170926937413757,0.26308070740720935,0.06476034506655737,5.990654265048257e-4
all_components,672016,Denzel Clarke,12,10.557428608986093,10.782923150293328,1.217076849706672,0.36759101066815897,0.15631430285661466,0.0031293764430371496
all_components,672744,Alexander Canario,-2,-2.4070764855982465,-2.367400835660694,0.3674008356606941,0.10728655546004597,0.09746485326766922,1.5537621121054882e-4
all_components,672761,Wenceel Pérez,2,2.824101008611301,2.7766829401585813,-0.7766829401585812,-0.22194702586153506,0.057539146242066706,3.759315417541079e-4
all_components,673357,Luis Robert Jr.,6,3.995341249460754,4.086608621552032,1.913391378447968,0.5433245854887999,0.04552763509835673,0.0017601126360562366
all_components,676694,Jake Meyers,8,3.2666044270611136,3.533870509663651,4.466129490336349,1.2755258938949567,0.0564639228824471,0.012170295108742644
all_components,677594,Julio Rodríguez,10,6.9133243388707095,7.224846861819545,2.7751531381804555,0.8119442289566159,0.10092492932505182,0.00925049365935597
all_components,677800,Wilyer Abreu,7,3.6280125868313173,3.8479405426591713,3.1520594573408287,0.9044350758907929,0.06522205716692957,0.0071342913867142015
all_components,677950,Alek Thomas,0,2.660408704684341,2.344115743391859,-2.344115743391859,-0.6927889145569094,0.11888886122480609,0.008095102429386918
all_components,678009,Parker Meadows,4,5.873796915550149,5.682148705597323,-1.6821487055973234,-0.49252771838074755,0.1022780048159896,0.003454711198636894
all_components,678882,Ceddanne Rafaela,19,14.871678274912513,15.586283521822896,3.413716478177104,1.041448300738129,0.1730982453639173,0.02838077146377217
all_components,680757,Steven Kwan,5,4.2188233112648845,4.291277849162553,0.7087221508374476,0.2064190926671073,0.09275051207043292,5.445018087473841e-4
all_components,680776,Jarren Duran,-3,3.8267833206475843,3.3287008708643633,-6.328700870864363,-1.8234865646901242,0.07296004961469493,0.03271160241129323
all_components,681297,Colton Cowser,0,-3.878140775058542,-3.5184214892683303,3.5184214892683303,1.0247618311951359,0.09275560291768445,0.013420594457983905
all_components,681460,Brooks Baldwin,-5,-7.093587379701146,-6.761956468292862,1.7619564682928623,0.5328198021529611,0.15840318614053922,0.006679293953334954
all_components,681624,Andy Pages,10,9.694777398008279,9.716308810413773,0.2836911895862266,0.08163351432838181,0.07054330926016074,6.322279194988557e-5
all_components,682657,Angel Martínez,-5,-1.2359291292355206,-1.4843206856613458,-3.515679314338654,-1.0091849068538044,0.06599013805905711,0.008994542567786484
all_components,682985,Riley Greene,1,1.077595360593875,1.0734303421807272,-0.07343034218072714,-0.020940781136686893,0.053676126784801985,3.109117550380388e-6
all_components,682998,Corbin Carroll,9,2.39655727306084,3.1025489081665683,5.897451091833432,1.73122934771895,0.10691266121315657,0.044849172222338446
all_components,686217,Sal Frelick,6,2.4328163827129243,2.6441362427422583,3.3558637572577417,0.9598472318791377,0.059239972679075804,0.007251873838478156
all_components,686555,Isaac Collins,3,8.681059315955002,7.56611553179321,-4.56611553179321,-1.412945249865992,0.19625631808323518,0.06093499155947974
all_components,686611,Dylan Crews,2,3.7204795364076046,3.5982144263666194,-1.5982144263666194,-0.46002295451053893,0.07106455348854443,0.0020236551910006394
all_components,686668,Brenton Doyle,5,5.715699616172143,5.668958298409153,-0.6689582984091533,-0.1919561977334624,0.06530856899572292,3.2182234668762325e-4
all_components,687363,Victor Scott II,15,9.740495494996283,10.27360834916686,4.726391650833139,1.383166598752485,0.10136180198408273,0.026974192125712216
all_components,687597,Jordan Beck,-2,0.14160358595059844,0.006760394367927081,-2.006760394367927,-0.5751147779213212,0.0629636560506689,0.002778130033176472
all_components,691016,Tyler Soderstrom,4,1.6452897535356628,1.7881087510701152,2.2118912489298848,0.6331226430549148,0.060652472103053745,0.0032352505140562787
all_components,691023,Jordan Walker,-4,-2.3221439542501057,-2.446578190894985,-1.5534218091050154,-0.44787752700058714,0.0741626416402513,0.0020085333439623775
all_components,691176,Jasson Domínguez,-8,-6.1031529059508465,-6.235806736962327,-1.7641932630376729,-0.5074888038753668,0.06993385572703668,0.0024206755368666698
all_components,691718,Pete Crow-Armstrong,22,14.863949423515848,15.690854679432768,6.309145320567233,1.8614503163466747,0.11587715740718953,0.05676728616111605
all_components,694192,Jackson Chourio,3,4.392193951857181,4.284016467056449,-1.2840164670564487,-0.3709132878012418,0.07770288375152447,0.0014488421870428741
all_components,694671,Wyatt Langford,9,5.197003248913569,5.487385385238671,3.5126146147613295,1.0139474634580732,0.07635613578742803,0.01062381039761743
all_components,695578,James Wood,-6,-6.624209542138811,-6.56347174761081,0.5634717476108102,0.16452749988477094,0.09730353419444138,3.6473201189181326e-4
all_components,695734,Daylen Lile,-7,-1.3323627002306568,-1.756532910635121,-5.243467089364879,-1.5123333247673394,0.07484074720549362,0.02312739273158526
all_components,696285,Jacob Young,13,5.488725724367708,7.672627239792269,5.327372760207731,1.7548927392795517,0.290749802934166,0.1578087686571395
all_components,701358,Cam Smith,1,4.493128615085426,4.266431528883675,-3.266431528883676,-0.9370899745358778,0.06489800725422398,0.007618070287980826
all_components,701538,Jackson Merrill,2,4.384751773906749,4.209392786691623,-2.2093927866916236,-0.6367886002359412,0.07353343401768411,0.004023052220918331
all_components,802415,Chandler Simpson,-5,4.017373230601767,3.128761771645692,-8.128761771645692,-2.375141263139004,0.09854438052319328,0.07708616065151573
all_components,808982,Jung Hoo Lee,-5,1.7622406308863698,1.3317119729402869,-6.331711972940287,-1.8152778554783193,0.06366656873753535,0.028007680729803138
speed_and_components,502054,Tommy Pham,-2,1.2238035139332364,0.9826503874721224,-2.9826503874721224,-0.8551598575215636,0.07480391575319419,0.006569656299861647
speed_and_components,572191,Michael A. Taylor,3,3.6135971410144925,3.5510608746672334,-0.5510608746672334,-0.16036267837195828,0.10191746696189743,3.242623041746269e-4
speed_and_components,573262,Mike Yastrzemski,-2,5.879299553179103,4.97739520672196,-6.97739520672196,-2.044806966225506,0.11446504100649975,0.060052249451442274
speed_and_components,592206,Nick Castellanos,-11,-8.233244212080965,-8.565760466119796,-2.4342395338802043,-0.7156965408956809,0.12018272645917909,0.007774364432429788
speed_and_components,592450,Aaron Judge,4,-1.160519260248349,-0.810085185947913,4.810085185947913,1.3739943106134058,0.06790674671051908,0.015282025486310576
speed_and_components,595777,Jurickson Profar,-6,-8.178712431351945,-7.977067221014966,1.977067221014966,0.5723642798963854,0.09255246696869264,0.0037125217827708146
speed_and_components,596146,Max Kepler,0,-2.99999500550623,-2.7953219370265976,2.7953219370265976,0.7986160445939866,0.0682244697421071,0.005188746108494223
speed_and_components,606192,Teoscar Hernández,-8,-2.141426985383788,-2.762431677847787,-5.237568322152213,-1.52764563313961,0.10599930920288994,0.03074453416226769
speed_and_components,607043,Brandon Nimmo,-1,-0.7169277863191202,-0.7342390490353419,-0.26576095096465807,-0.07564078966157622,0.06115493460526544,4.1410185585324504e-5
speed_and_components,621438,Tyrone Taylor,3,1.8738767340076103,1.979364372012586,1.020635627987414,0.2956583689665169,0.09367326045964808,0.001003849686363977
speed_and_components,621439,Byron Buxton,2,2.3336269553877496,2.2965617465897337,-0.2965617465897335,-0.0867461043662917,0.11109776413280814,1.0449819081526768e-4
speed_and_components,621493,Taylor Ward,0,-0.5820142012601236,-0.5473305516730305,0.5473305516730305,0.15565156267668104,0.05959244553139615,1.7058449725396526e-4
speed_and_components,624424,Michael Conforto,-7,-8.462883184131972,-8.339300974164816,1.3393009741648165,0.3860164079647338,0.08447852248741579,0.0015277306557079757
speed_and_components,641355,Cody Bellinger,6,5.323353127417104,5.409839722683428,0.5901602773165725,0.17427210444677815,0.12781644129409445,4.945293453909112e-4
speed_and_components,643217,Andrew Benintendi,-7,-10.54462510684802,-10.142530375312953,3.1425303753129525,0.9204214807658541,0.1134378726704395,0.012044253299024907
speed_and_components,643565,Mike Tauchman,0,-5.979734444885269,-4.849211641235294,4.849211641235294,1.4850407374393733,0.18905903164595508,0.05712713090031342
speed_and_components,656775,Cedric Mullins,3,0.4279423336250456,0.6220955893478632,2.3779044106521368,0.6820235890868594,0.07548557649426937,0.004219942829548358
speed_and_components,657656,Ramón Laureano,-8,-1.3831951656777435,-1.956683940918758,-6.043316059081242,-1.7439083834783125,0.08667155668038563,0.03206671230906474
speed_and_components,660670,Ronald Acuña Jr.,-10,-9.268620650957155,-9.344115486764476,-0.6558845132355235,-0.1910059446455941,0.10322254231832244,4.665961240923896e-4
speed_and_components,660821,Jesús Sánchez,-1,0.6738640288956554,0.5566656635208675,-1.5566656635208675,-0.44516356341640967,0.07001665807473667,0.0016577648208745
speed_and_components,662139,Daulton Varsho,8,11.18395674144208,10.844068551884755,-2.8440685518847544,-0.8298803057912073,0.10675025358647877,0.009145014974521129
speed_and_components,663457,Lars Nootbaar,-1,-4.897794599619743,-4.685282812683876,3.6852828126838757,1.045217649378101,0.054521032728763956,0.006999760183889296
speed_and_components,663656,Kyle Tucker,-2,-4.360404298207928,-4.210628153521512,2.2106281535215118,0.629959885886799,0.06345359767397973,0.002987515950033618
speed_and_components,663757,Trent Grisham,-1,-0.49787478347728337,-0.5556775582770411,-0.44432244172295887,-0.13026177430338343,0.11511625566238635,2.452685747717134e-4
speed_and_components,663968,Jake Mangum,5,1.8850161989259882,2.1675245300177997,2.8324754699822003,0.8191677080570231,0.09069335480794644,0.0074364941472853325
speed_and_components,664023,Ian Happ,0,-1.278617333652081,-1.1942164327652793,1.1942164327652793,0.3407796591517448,0.06600950782180413,9.119454447183372e-4
speed_and_components,664056,Harrison Bader,6,4.866936335104691,4.997279903120724,1.0027200968792767,0.2939536552866233,0.1150364026791698,0.0012480302338150273
speed_and_components,664702,Myles Straw,9,4.342567586029611,4.711334844308949,4.288665155691051,1.2325263116826348,0.0791782307292722,0.014513765576610795
speed_and_components,664728,Kyle Isbel,11,8.274654452626493,8.49806736163039,2.50193263836961,0.7201292352726638,0.08197599354665513,0.0051453038456406135
speed_and_components,664770,Nathan Lukes,2,-1.191714964192211,-0.8814121478579158,2.8814121478579158,0.8363279097372424,0.0972213433265744,0.008369336035071902
speed_and_components,665487,Fernando Tatis Jr.,7,2.908656111621689,3.2191369731595136,3.7808630268404864,1.084651729897288,0.0758872561213349,0.010734504635062214
speed_and_components,665742,Juan Soto,-11,-4.102870874945588,-4.921694238956641,-6.078305761043359,-1.7856128339506336,0.11871944821746355,0.0477243224418287
speed_and_components,665750,Leody Taveras,-1,-2.86762253187111,-2.6340086181320657,1.6340086181320657,0.48176314434239503,0.12508625793082193,0.0036869648600199837
speed_and_components,665833,Oneil Cruz,0,0.9608099891626988,0.900902447298101,-0.900902447298101,-0.256578042254699,0.062351081421212394,4.864074273422159e-4
speed_and_components,666134,Nolan Jones,-5,-3.090389776601292,-3.247609771872734,-1.752390228127266,-0.5044865891666305,0.08233093504894556,0.0025370772927610762
speed_and_components,666139,Josh Lowe,-4,-4.131809861699027,-4.122493885153185,0.12249388515318536,0.035042332474140514,0.0706773865457634,1.0376657425686822e-5
speed_and_components,666160,Mickey Moniak,-7,-3.2324506325127165,-3.5187998951921786,-3.4812001048078214,-0.9987477610445926,0.07600411693355935,0.009116669465886105
speed_and_components,666176,Jo Adell,-11,-12.137450463570554,-11.92760669915047,0.9276066991504694,0.28327616424915614,0.18448606874831786,0.002017017884098275
speed_and_components,666181,Will Benson,0,-3.634069192274128,-3.119613988045378,3.119613988045378,0.9285576544441154,0.14156450441902974,0.01579872156688677
speed_and_components,666185,Dylan Carlson,-2,-2.7471311875749795,-2.6672765436070733,0.6672765436070734,0.1947211882108613,0.10688168998418661,5.041714298997716e-4
speed_and_components,666969,Adolis García,1,3.495939481446256,3.28278951056888,-2.28278951056888,-0.6582817401269918,0.08539869354278794,0.0044957330639576985
speed_and_components,666971,Lourdes Gurriel Jr.,-3,-3.4027576683026197,-3.3776091109972346,0.37760911099723443,0.10754865663772674,0.06244091493371039,8.559296724200326e-5
speed_and_components,667472,Dane Myers,1,5.88005208333923,5.592680399801992,-4.592680399801992,-1.3055911262507955,0.05888701157890113,0.011850853181805763
speed_and_components,668227,Randy Arozarena,-4,-5.095284043595884,-5.00557133680119,1.0055713368011905,0.28942208781363776,0.08190816557516743,8.303513756364159e-4
speed_and_components,668709,JJ Bleday,-7,3.456065938022504,2.5400462960733794,-9.54004629607338,-2.754363449949474,0.08760652882056791,0.0809383390526651
speed_and_components,668804,Bryan Reynolds,-2,-4.383276886058893,-4.24036533057121,2.2403653305712106,0.6372480587170108,0.05996431061940353,0.0028782136974074344
speed_and_components,669016,Brandon Marsh,0,3.895372841776204,3.703331866174012,-3.703331866174012,-1.0474485044854263,0.049299767545390234,0.006321557958028584
speed_and_components,669065,Kyle Stowers,-2,-4.111779016933401,-3.992515029445274,1.992515029445274,0.5657009226164013,0.056475600208071595,0.0021283300858423817
speed_and_components,669326,Bryce Teodosio,9,13.064446310886094,12.494040148351624,-3.4940401483516244,-1.039265450919549,0.14034043481069336,0.019591459394951688
speed_and_components,669743,Alex Call,0,0.45303510290964116,0.37792151632466175,-0.37792151632466175,-0.11411128217202053,0.1658008090378865,2.8756203082546636e-4
speed_and_components,670242,Matt Wallner,-3,-7.550486904932804,-7.188508685093947,4.188508685093947,1.2039833845499988,0.07954714020745009,0.013919431471246517
speed_and_components,670770,TJ Friedl,1,-1.694319894269745,-1.3865323645270564,2.3865323645270564,0.6993105690488599,0.11423570393303768,0.007007794635807759
speed_and_components,671218,Heliot Ramos,-8,0.21876582722183846,-0.39720897895304574,-7.602791021046954,-2.1799758312345765,0.07494736060427458,0.04278098153213355
speed_and_components,671732,Lawrence Butler,4,-1.593362620383798,-1.0740100233509429,5.074010023350943,1.4691765817215232,0.0928515871901785,0.024548020189613676
speed_and_components,671739,Michael Harris II,7,6.0113310644244295,6.075756418670507,0.9242435813294929,0.2636213106065908,0.0651637286535876,5.382560156011447e-4
speed_and_components,672016,Denzel Clarke,12,10.55162226495539,10.778271632838376,1.2217283671616246,0.3668513299431521,0.15648498482062523,0.0027740707977523867
speed_and_components,672744,Alexander Canario,-2,-2.403027826612523,-2.3637033120699167,0.36370331206991674,0.10558518693910239,0.09757270328734415,1.3393053107366013e-4
speed_and_components,672761,Wenceel Pérez,2,2.8112965086959827,2.7635035487876807,-0.7635035487876806,-0.21704869672125837,0.05890936223196639,3.276609781994517e-4
speed_and_components,673357,Luis Robert Jr.,6,4.001869278414204,4.093612703118361,1.9063872968816387,0.5382442081501647,0.045914625961682096,0.0015491020673464597
speed_and_components,676694,Jake Meyers,8,3.2555608438333836,3.525855065693757,4.474144934306243,1.2706013542054593,0.05697074258167207,0.010836844251476949
speed_and_components,677594,Julio Rodríguez,10,6.911136321189582,7.222965881262521,2.7770341187374794,0.8077032449346769,0.10095283978120725,0.008139490344964593
speed_and_components,677800,Wilyer Abreu,7,3.6010134289966005,3.8306855402839983,3.1693144597160017,0.9051472563076336,0.06757076160486207,0.006596884795210553
speed_and_components,677950,Alek Thomas,0,2.6477253585609395,2.326342199058405,-2.326342199058405,-0.6844395793626202,0.12138085185587802,0.0071908004883882515
speed_and_components,678009,Parker Meadows,4,5.885821180532861,5.691611149063146,-1.6916111490631454,-0.49256366600438634,0.10298433036733559,0.0030949479972286627
speed_and_components,678882,Ceddanne Rafaela,19,14.879370134487456,15.60806310240309,3.391936897596909,1.031021054126604,0.17684018989776396,0.025374025545109688
speed_and_components,680757,Steven Kwan,5,4.152590118745813,4.245311982903957,0.7546880170960426,0.22054252269278599,0.10941796432785925,6.639828569016203e-4
speed_and_components,680776,Jarren Duran,-3,4.154457403487994,3.3937385899176906,-6.393738589917691,-1.8652095829318767,0.10632795342375398,0.045991973747257026
speed_and_components,681297,Colton Cowser,0,-4.023767445776104,-3.5690804841667587,3.5690804841667587,1.045096650946321,0.1130003082277149,0.015460607748051743
speed_and_components,681460,Brooks Baldwin,-5,-7.105078182684357,-6.69326023148119,1.6932602314811906,0.5206643209798713,0.19563071556706738,0.007325793831282865
speed_and_components,681624,Andy Pages,10,9.655704915700053,9.683005051251223,0.31699494874877715,0.09110735339819932,0.0792928415073918,7.942858282257338e-5
speed_and_components,682657,Angel Martínez,-5,-1.2444007868099953,-1.5054105182153323,-3.4945894817846677,-0.9990783578030252,0.06949882471181915,0.008283562006886451
speed_and_components,682985,Riley Greene,1,1.0385312368217483,1.0360380422863775,-0.036038042286377484,-0.010276587373585467,0.06470580082607319,8.11802350503553e-7
speed_and_components,682998,Corbin Carroll,9,2.015047560838278,3.190780476432865,5.809219523567135,1.7567196925879016,0.16832368234932235,0.06939901692860347
speed_and_components,686217,Sal Frelick,6,2.4305946934312255,2.6816304707352865,3.3183695292647135,0.9491222505613292,0.07032986050703835,0.007572036074330964
speed_and_components,686555,Isaac Collins,3,8.679321685728132,7.564618519784604,-4.564618519784604,-1.404146194057006,0.19627399672477153,0.05349791932348993
speed_and_components,686611,Dylan Crews,2,3.800696799012828,3.643543663374334,-1.6435436633743339,-0.47443068279410605,0.08727351307818376,0.0023913592906072683
speed_and_components,686668,Brenton Doyle,5,5.746681514597755,5.694172154509081,-0.6941721545090807,-0.19854691486848702,0.07032363740377341,3.313243188965833e-4
speed_and_components,687363,Victor Scott II,15,9.73594863745968,10.301249506554658,4.698750493445343,1.3715545971474252,0.10738893490244658,0.02514669762421283
speed_and_components,687597,Jordan Beck,-2,0.20411098653666737,0.04277717117891555,-2.0427771711789156,-0.5851794635628399,0.07319677472832567,0.0030049693883897185
speed_and_components,691016,Tyler Soderstrom,4,1.6060394030854512,1.7630744869604835,2.2369255130395165,0.6381842902996921,0.06559635278768859,0.0031768365968689503
speed_and_components,691023,Jordan Walker,-4,-2.2738363642230355,-2.4152325534239383,-1.584767446576062,-0.45612681169331193,0.0819135487912535,0.002062532765682068
speed_and_components,691176,Jasson Domínguez,-8,-5.952952166433269,-6.168741336743594,-1.8312586632564063,-0.5339501225494929,0.10541481580053863,0.0037328352667832473
speed_and_components,691718,Pete Crow-Armstrong,22,14.866628459855503,15.705811190588888,6.2941888094111125,1.847902931915584,0.11764180878715116,0.05058625992403418
speed_and_components,694192,Jackson Chourio,3,4.499074493364501,4.3423508701837825,-1.342350870183783,-0.3912068769966896,0.10454692136677625,0.001985358165330265
speed_and_components,694671,Wyatt Langford,9,5.192352571090845,5.524528056230439,3.4754719437695605,1.0032221361259441,0.08723903442781622,0.010688222699909641
speed_and_components,695578,James Wood,-6,-6.5918123947366025,-6.52852554651032,0.5285255465103201,0.1542363962054733,0.1069373483711023,3.165036427060171e-4
speed_and_components,695734,Daylen Lile,-7,-1.1513523213089936,-1.7061564753553373,-5.293843524644663,-1.5345291022796297,0.09486024539787555,0.027420562076931613
speed_and_components,696285,Jacob Young,13,5.4483040074954525,7.704508650844612,5.295491349155388,1.743962850752466,0.29876793843244703,0.14398066509185975
speed_and_components,701358,Cam Smith,1,4.6056853231997525,4.312172521629325,-3.312172521629325,-0.9530424273459076,0.08140277790796221,0.008943264148232778
speed_and_components,701538,Jackson Merrill,2,4.370457085011035,4.185247625169527,-2.1852476251695276,-0.6276654536470627,0.07813238257407475,0.0037100217077384035
speed_and_components,802415,Chandler Simpson,-5,4.133355542402817,3.1605427702007827,-8.160542770200783,-2.380874774328604,0.10651208832127734,0.07508286161264686
speed_and_components,808982,Jung Hoo Lee,-5,1.7581299543181919,1.3263036163361095,-6.3263036163361095,-1.8032258883837233,0.06389731196366823,0.02466135042933349
without_reaction,502054,Tommy Pham,-2,1.1933840612379412,1.029247463207715,-3.029247463207715,-0.867959085897487,0.05139895323664892,0.0058313773069365495
without_reaction,572191,Michael A. Taylor,3,3.654134985027069,3.5995235365882365,-0.5995235365882363,-0.17476043137260336,0.0834865122472749,3.974345637019954e-4
without_reaction,573262,Mike Yastrzemski,-2,5.568881672645907,5.054975710255849,-7.054975710255849,-2.0392474128028404,0.06789721184931795,0.04327428824717879
without_reaction,592206,Nick Castellanos,-11,-8.344238045717251,-8.613723631617047,-2.3862763683829535,-0.7025241260869809,0.10147204099569784,0.00796231302575821
without_reaction,592450,Aaron Judge,4,-0.9956813444208092,-0.7621151738117229,4.762115173811723,1.361142555949085,0.04675361667531713,0.012981331195604363
without_reaction,595777,Jurickson Profar,-6,-8.137845318210072,-7.958504273297053,1.9585042732970532,0.5710270767240336,0.08388869081659026,0.0042655057935731084
without_reaction,596146,Max Kepler,0,-2.9684323676298283,-2.778524797114772,2.778524797114772,0.8014510798899152,0.06397571074414898,0.006271681537233999
without_reaction,606192,Teoscar Hernández,-8,-2.510910129301956,-2.820812600432718,-5.179187399567282,-1.4879463900655383,0.056457897106966505,0.018925176650747243
without_reaction,607043,Brandon Nimmo,-1,-0.7197228939357505,-0.7356181343515026,-0.2643818656484974,-0.07596542019684717,0.05671258933332131,4.956433537747031e-5
without_reaction,621438,Tyrone Taylor,3,1.9257107692073347,1.9765371129777094,1.0234628870222906,0.29261929602767617,0.04731160130207319,6.074697453350913e-4
without_reaction,621439,Byron Buxton,2,2.2469196576145736,2.230235874713964,-0.23023587471396387,-0.06653813613844788,0.06756765768180736,4.583157239477337e-5
without_reaction,621493,Taylor Ward,0,-0.5798272606202536,-0.546621669683579,0.546621669683579,0.1571082668908225,0.05726807480757915,2.142024355976001e-4
without_reaction,624424,Michael Conforto,-7,-8.401966287212826,-8.300984104640202,1.3009841046402022,0.3768869336205469,0.07202896638362298,0.0015750592107898192
without_reaction,641355,Cody Bellinger,6,5.358103420728164,5.436016476446341,0.5639835235536598,0.16790825166019233,0.12137945306790884,5.564035088883268e-4
without_reaction,643217,Andrew Benintendi,-7,-10.534091799185253,-10.134807353797537,3.1348073537975383,0.9288608153420472,0.11298077924285105,0.01569910086034933
without_reaction,643565,Mike Tauchman,0,-5.16882815145999,-4.739059363876793,4.739059363876793,1.381174087365806,0.08314627126107982,0.024713913705476712
without_reaction,656775,Cedric Mullins,3,0.4271773466010183,0.6081708639033976,2.3918291360966024,0.6922712601833956,0.07034822904068659,0.005180687927766289
without_reaction,657656,Ramón Laureano,-8,-1.498607273172627,-1.9598348146754594,-6.040165185324541,-1.748774891286316,0.07094288268413959,0.03336077990884016
without_reaction,660670,Ronald Acuña Jr.,-10,-9.321407143681999,-9.383409844380465,-0.6165901556195356,-0.18051331245233196,0.09136951578725658,4.680954843327073e-4
without_reaction,660821,Jesús Sánchez,-1,0.6552961379631139,0.5701517790046893,-1.5701517790046893,-0.44989893940443665,0.05143753858037664,0.0015680003063091748
without_reaction,662139,Daulton Varsho,8,11.164361936496107,10.872385108242248,-2.8723851082422476,-0.8413383972397104,0.09227036417242523,0.010278958192574909
without_reaction,663457,Lars Nootbaar,-1,-4.874447049743045,-4.670300916981478,3.670300916981478,1.0523543528276338,0.05269039172315097,0.008799651010057702
without_reaction,663656,Kyle Tucker,-2,-4.288224455386202,-4.179946945088375,2.179946945088375,0.6232733735414819,0.047319444577631334,0.0027564584173750653
without_reaction,663757,Trent Grisham,-1,-0.4788854189377676,-0.5194800080635882,-0.48051999193641176,-0.13964604612354603,0.07789954570657445,2.3535093962638698e-4
without_reaction,663968,Jake Mangum,5,1.942248025862624,2.167683619646674,2.832316380353326,0.8212555363713225,0.07372592534999464,0.007669009998250736
without_reaction,664023,Ian Happ,0,-1.2801043648285608,-1.208793676188827,1.208793676188827,0.34714033604066286,0.055706933433731,0.0010155810066959869
without_reaction,664056,Harrison Bader,6,4.907463235952043,5.020062341879185,0.9799376581208151,0.28875103821279946,0.1030620750096779,0.0013686284495327222
without_reaction,664702,Myles Straw,9,4.412291732169651,4.660959366381673,4.339040633618327,1.2450908911640346,0.054203018085459596,0.012691986959938924
without_reaction,664728,Kyle Isbel,11,8.384175727860518,8.547924211336351,2.452075788663649,0.7067690577595771,0.06259919109241395,0.004765411550491453
without_reaction,664770,Nathan Lukes,2,-1.0764778441736929,-0.8469774748355103,2.8469774748355103,0.8258957135067461,0.0745984144734912,0.007855100427998864
without_reaction,665487,Fernando Tatis Jr.,7,2.935231051491541,3.2076426739266797,3.7923573260733203,1.095667698342746,0.0670177384953448,0.012319017109050192
without_reaction,665742,Juan Soto,-11,-4.3127981808913916,-4.861681735350978,-6.138318264649022,-1.7879411380990213,0.0820797052798914,0.04083562532449396
without_reaction,665750,Leody Taveras,-1,-2.8316971477368473,-2.6368324867665827,1.6368324867665827,0.483209265508485,0.10638475973554397,0.003971013072019957
without_reaction,665833,Oneil Cruz,0,0.9150851972719884,0.8707357983387048,-0.8707357983387048,-0.24910375012416947,0.04846477581048789,4.5150631572675345e-4
without_reaction,666134,Nolan Jones,-5,-3.1111685903195436,-3.2152025739798384,-1.7847974260201618,-0.5123861288878733,0.05507849092677683,0.002186165247223212
without_reaction,666139,Josh Lowe,-4,-4.17258658599628,-4.163057869155283,0.16305786915528336,0.0468145335941198,0.055211225055481365,1.8295994484660796e-5
without_reaction,666160,Mickey Moniak,-7,-3.2560512150493017,-3.5234497890147773,-3.4765502109852227,-1.0068053238273862,0.07142153627750442,0.011137905976900411
without_reaction,666176,Jo Adell,-11,-12.164197955778082,-11.95736935525505,0.9573693552550505,0.29461813622005595,0.17765758778093646,0.0026788721487544715
without_reaction,666181,Will Benson,0,-3.3932353078289528,-3.1231612352196922,3.1231612352196922,0.9084697944647288,0.07959190804897573,0.010195568154749004
without_reaction,666185,Dylan Carlson,-2,-2.7355538442182845,-2.6584268511673512,0.6584268511673512,0.19420808333827969,0.1048556725754049,6.311541334301148e-4
without_reaction,666969,Adolis García,1,3.4456882696423685,3.3075905209349816,-2.3075905209349816,-0.6629583181599538,0.05646580164019783,0.003757528303205586
without_reaction,666971,Lourdes Gurriel Jr.,-3,-3.4111232483259153,-3.3925546641921893,0.3925546641921892,0.11210949328609585,0.04516549285241653,8.493083369109641e-5
without_reaction,667472,Dane Myers,1,5.817807648135605,5.585696307322228,-4.585696307322228,-1.3116974489008715,0.048177793254822306,0.012441145762309206
without_reaction,668227,Randy Arozarena,-4,-5.117138459777856,-5.032100083241105,1.0321000832411051,0.29965443443186146,0.07612160855482548,0.0010569063942344698
without_reaction,668709,JJ Bleday,-7,3.0916812917497287,2.6122574410773733,-9.612257441077373,-2.748531766976323,0.04750683625574848,0.05382669611162714
without_reaction,668804,Bryan Reynolds,-2,-4.395861647208223,-4.276181905074655,2.276181905074654,0.6516893918476243,0.04995269333395104,0.003190045970299963
without_reaction,669016,Brandon Marsh,0,3.899486934889262,3.7270168575965608,-3.7270168575965608,-1.0638752706717516,0.04422891528359476,0.007482311574602628
without_reaction,669065,Kyle Stowers,-2,-4.107208798973065,-3.9896954553365145,1.9896954553365147,0.5714173071407042,0.05576729923195914,0.0027549220554521697
without_reaction,669326,Bryce Teodosio,9,12.992422586079385,12.463797539026888,-3.463797539026888,-1.0377692600759727,0.13240708759029807,0.02348003835292692
without_reaction,669743,Alex Call,0,0.3785866817808196,0.3504198652851639,-0.3504198652851639,-0.10164436938839942,0.07439991381409534,1.1863631751150679e-4
without_reaction,670242,Matt Wallner,-3,-7.506522647585445,-7.1669598654227364,4.1669598654227364,1.209307477938721,0.07534917911588512,0.017024572001614342
without_reaction,670770,TJ Friedl,1,-1.554620168678546,-1.3339429026253127,2.3339429026253127,0.6814195394113295,0.08638359187752985,0.00627189086616423
without_reaction,671218,Heliot Ramos,-8,0.11963350208566967,-0.3772201222318481,-7.622779877768152,-2.195488686605538,0.061191631887066465,0.04488274914013044
without_reaction,671732,Lawrence Butler,4,-1.2958005966734143,-1.0116210681746267,5.011621068174627,1.4376766721901928,0.05366129696750637,0.01674321965811308
without_reaction,671739,Michael Harris II,7,6.019110154733991,6.082609652035042,0.917390347964958,0.26472411383560734,0.06473662420659436,6.929550865402096e-4
without_reaction,672016,Denzel Clarke,12,10.568023129408559,10.786620495883938,1.2133795041160633,0.36785158331298473,0.15265425787575237,0.0034825350022858496
without_reaction,672744,Alexander Canario,-2,-2.409069359665176,-2.3740682883197164,0.3740682883197164,0.10916419645928208,0.08556268153182602,1.5929159104211585e-4
without_reaction,672761,Wenceel Pérez,2,2.8231734949293252,2.7759328091675712,-0.7759328091675713,-0.22303039199149952,0.057388492283526216,4.3263548034382684e-4
without_reaction,673357,Luis Robert Jr.,6,4.010160526936775,4.090907550538751,1.9090924494612491,0.5439122017530691,0.0405796672018327,0.0017875538181501005
without_reaction,676694,Jake Meyers,8,3.306587781561571,3.527978927021378,4.472021072978622,1.278505413137704,0.04717061599449029,0.011560151034165411
without_reaction,677594,Julio Rodríguez,10,6.984510298538092,7.233152614806582,2.766847385193418,0.8060794098881119,0.08245503745144449,0.008341563377118652
without_reaction,677800,Wilyer Abreu,7,3.6407369620298127,3.8437057514506656,3.1562942485493344,0.9086927192459867,0.060420630098528466,0.007585563254261912
without_reaction,677950,Alek Thomas,0,2.5961542960286286,2.35388872829424,-2.35388872829424,-0.6898656411028999,0.09331709140130359,0.006997400881377001
without_reaction,678009,Parker Meadows,4,5.873162547638972,5.684604975132772,-1.6846049751327719,-0.49572757011545004,0.10066268554422429,0.003929470254629179
without_reaction,678882,Ceddanne Rafaela,19,15.182341053332866,15.56993349302859,3.430066506971411,1.0098482913148166,0.10152620889147214,0.016462166364466627
without_reaction,680757,Steven Kwan,5,4.231211946067535,4.2966272731060124,0.7033727268939874,0.20521182190706508,0.08508889635299077,5.595007906240378e-4
without_reaction,680776,Jarren Duran,-3,3.8267384690944386,3.328662046697274,-6.328662046697274,-1.8342937478435315,0.07295964605236037,0.03782890851129474
without_reaction,681297,Colton Cowser,0,-3.8015457701975004,-3.510635314699813,3.510635314699813,1.0194813166010928,0.07652425436471151,0.012303654165773574
without_reaction,681460,Brooks Baldwin,-5,-6.963369213353663,-6.7773778277022885,1.7773778277022887,0.5213113351484837,0.09473072328239295,0.0040626496151525355
without_reaction,681624,Andy Pages,10,9.69189675799827,9.712316810497118,0.2876831895028822,0.08308290576786408,0.06627665572805277,6.999510732849193e-5
without_reaction,682657,Angel Martínez,-5,-1.2389173586344646,-1.485561460120202,-3.514438539879798,-1.0145903215953076,0.06557795321301131,0.010320438999656279
without_reaction,682985,Riley Greene,1,1.0734432364310154,1.0697652274246208,-0.06976522742462075,-0.01997568639125287,0.05007961502144623,3.005239970270798e-6
without_reaction,682998,Corbin Carroll,9,2.419398636839101,3.1056796185239754,5.8943203814760246,1.738024768130235,0.1042884903387048,0.05024375720022587
without_reaction,686217,Sal Frelick,6,2.448917683665673,2.6476363411145134,3.3523636588854866,0.9628579764699491,0.055960025633528566,0.007850800570469408
without_reaction,686555,Isaac Collins,3,8.594901557425946,7.559641951038171,-4.559641951038171,-1.4095091379712823,0.18503625055095044,0.06444011101335309
without_reaction,686611,Dylan Crews,2,3.7161084812101564,3.5961369674327694,-1.5961369674327694,-0.4618636119686208,0.06990905009267535,0.0022905376655849145
without_reaction,686668,Brenton Doyle,5,5.71694092148081,5.6724237805901385,-0.6724237805901383,-0.19376240554294397,0.062093178889447403,3.5507916920242584e-4
without_reaction,687363,Victor Scott II,15,9.87244362329182,10.282544908056314,4.717455091943686,1.3725096606386846,0.07997986850566326,0.02339462753725191
without_reaction,687597,Jordan Beck,-2,0.11595825371745218,0.014215427151231363,-2.0142154271512314,-0.5761198079197761,0.048083569884932356,0.0023951099517878402
without_reaction,691016,Tyler Soderstrom,4,1.6499745305213853,1.790075537519071,2.209924462480929,0.6359621954038142,0.059616803654800106,0.003662928044381922
without_reaction,691023,Jordan Walker,-4,-2.3602989781105066,-2.4363969256682516,-1.5636030743317482,-0.44683984466310106,0.04640964818699359,0.001388200422350076
without_reaction,691176,Jasson Domínguez,-8,-6.104151609179557,-6.233148277299258,-1.7668517227007416,-0.5107497408502162,0.06804165815383377,0.0027208002483528693
without_reaction,691718,Pete Crow-Armstrong,22,14.933181885212784,15.684896455626088,6.315103544373911,1.864268645423749,0.10637242365702794,0.05910053920055224
without_reaction,694192,Jackson Chourio,3,4.324700941124829,4.272103358279478,-1.2721033582794776,-0.3622650381063523,0.03970525060599018,7.751722058866637e-4
without_reaction,694671,Wyatt Langford,9,5.199135687300699,5.488369481819602,3.511630518180399,1.0195344167510365,0.07609684817017223,0.012230549298624434
without_reaction,695578,James Wood,-6,-6.616416901036927,-6.5593040284404776,0.559304028440478,0.1638579598404874,0.092652995886995,3.9167252110044803e-4
without_reaction,695734,Daylen Lile,-7,-1.3840456743484175,-1.750551383205189,-5.249448616794811,-1.5152173295691609,0.0652615188094941,0.022899124174918427
without_reaction,696285,Jacob Young,13,5.535215543570309,7.676446544918327,5.323553455081673,1.759202146922176,0.28684431732033416,0.17782603947505637
without_reaction,701358,Cam Smith,1,4.475021127759341,4.271268713426985,-3.271268713426985,-0.9408992782575969,0.058633431809876194,0.007877252637132251
without_reaction,701538,Jackson Merrill,2,4.319770744552371,4.220076067236844,-2.2200760672368447,-0.6333047738614618,0.04297609043895562,0.0025729515033510535
without_reaction,802415,Chandler Simpson,-5,3.8870865537332584,3.1360007466432904,-8.13600074664329,-2.3729658898431865,0.08451428964360178,0.07426146740514528
without_reaction,808982,Jung Hoo Lee,-5,1.7612258960561162,1.3327635279464092,-6.332763527946409,-1.826062590488057,0.06337051515460114,0.03222943493764557
without_burst,502054,Tommy Pham,-2,-2.9815720446539933,-2.9359125439462623,0.9359125439462622,0.19262313151218197,0.04651670853546582,2.585917873593869e-4
without_burst,572191,Michael A. Taylor,3,0.3637484826442155,0.5598107489437014,2.4401892510562986,0.5097237747473394,0.07437160870603911,0.0029822376573015014
without_burst,573262,Mike Yastrzemski,-2,0.40151454217563226,0.28447348698607033,-2.2844734869860703,-0.4707229641764663,0.04873635080449442,0.0016217534783946142
without_burst,592206,Nick Castellanos,-11,-1.7913840985604046,-2.403354030410682,-8.596645969589318,-1.7880984000300895,0.06645623385753446,0.03251515522486618
without_burst,592450,Aaron Judge,4,-3.0962844277682895,-2.7454329463032368,6.745432946303237,1.3904332229327123,0.04944157538163823,0.014365333658032265
without_burst,595777,Jurickson Profar,-6,-3.1089177603229152,-3.3029955247335443,-2.6970044752664557,-0.5611781729930486,0.06712979719051725,0.003237409340603399
without_burst,596146,Max Kepler,0,-2.1672318642158532,-2.0267912035706743,2.0267912035706743,0.4211985897744342,0.0648018622114478,0.001756142000984453
without_burst,606192,Teoscar Hernández,-8,2.3352806644269974,1.624214294011237,-9.624214294011237,-2.004349693642681,0.0687999091174349,0.04240272847419501
without_burst,607043,Brandon Nimmo,-1,0.22802096990913756,0.15394088600543077,-1.1539408860054308,-0.23923481791205714,0.060324771090178114,5.24890409014637e-4
without_burst,621438,Tyrone Taylor,3,-0.6322244703261894,-0.3177113368366089,3.317711336836609,0.697646392322001,0.08658967419525604,0.006591326944913044
without_burst,621439,Byron Buxton,2,2.1022920468295054,2.0949283049402085,-0.09492830494020876,-0.019803799092598086,0.07198743321234723,4.346121016060393e-6
without_burst,621493,Taylor Ward,0,0.1050958401126873,0.09888644814571818,-0.09888644814571818,-0.020487589625173108,0.059083137451606996,3.765268841462163e-6
without_burst,624424,Michael Conforto,-7,-3.8363173735988862,-4.007483756867229,-2.9925162431327714,-0.6183643268021914,0.05410352537892098,0.003124444196536878
without_burst,641355,Cody Bellinger,6,2.1723534132673192,2.608517546541817,3.391482453458183,0.7240864450250435,0.1139509940093008,0.009632592103077922
without_burst,643217,Andrew Benintendi,-7,-5.968281743289877,-6.068016499883406,-0.9319835001165946,-0.1970672172426811,0.0966685972113717,5.937027170751014e-4
without_burst,643565,Mike Tauchman,0,-1.7869333398764058,-1.6486190243196224,1.6486190243196224,0.34494038505016306,0.07740317586013008,0.0014260569598173905
without_burst,656775,Cedric Mullins,3,4.438221822760172,4.350605880133256,-1.3506058801332557,-0.28009604048883935,0.06091963092227835,7.270602487021202e-4
without_burst,657656,Ramón Laureano,-8,1.9826092710197325,1.2180089563058107,-9.21800895630581,-1.9278370107103993,0.07659323268652929,0.04403925199809892
without_burst,660670,Ronald Acuña Jr.,-10,-4.64181357985352,-5.032326255329519,-4.967673744670481,-1.0368481492802704,0.07288150222017252,0.012072976161548397
without_burst,660821,Jesús Sánchez,-1,2.703436214962801,2.470105082981383,-3.470105082981383,-0.7204493637505698,0.06300395590416884,0.004985846983831891
without_burst,662139,Daulton Varsho,8,8.511611769254406,8.464333365041565,-0.46433336504156575,-0.09795236434550225,0.09241070486267554,1.3956120952848496e-4
without_burst,663457,Lars Nootbaar,-1,-3.5632898308633236,-3.431344868532973,2.431344868532973,0.5017089563971762,0.051474851084596686,0.0019514252349657273
without_burst,663656,Kyle Tucker,-2,-0.7250905608101148,-0.7788030723443662,-1.2211969276556338,-0.25076229400441885,0.04213045247227941,3.9510832938605394e-4
without_burst,663757,Trent Grisham,-1,7.039116250356111,6.649427634089325,-7.649427634089325,-1.5759714260201563,0.04847406159222081,0.018075379189800324
without_burst,663968,Jake Mangum,5,-2.7066656774565625,-2.1528003750129505,7.1528003750129505,1.4921106368152903,0.07186834431702029,0.02462816571293665
without_burst,664023,Ian Happ,0,0.6477074628193736,0.6074210902253062,-0.6074210902253062,-0.12605616728398497,0.06219840731602484,1.5055613414147027e-4
without_burst,664056,Harrison Bader,6,-1.0418500176171868,-0.4552759047751582,6.455275904775158,1.3549725729803228,0.08329829680759288,0.023832579592549592
without_burst,664702,Myles Straw,9,6.200222899402838,6.370238707144276,2.6297612928557235,0.5453177163274164,0.06072476544835498,0.0027464655064012118
without_burst,664728,Kyle Isbel,11,7.140484310907793,7.3769816028167465,3.623018397183253,0.7515041606777676,0.06127641677357094,0.005266479178479014
without_burst,664770,Nathan Lukes,2,0.6856657794187639,0.7930128590523238,1.2069871409476762,0.25312436073301264,0.08167411146465324,8.140619169402559e-4
without_burst,665487,Fernando Tatis Jr.,7,-1.0282764137144338,-0.5477442895601872,7.547744289560187,1.564405960309003,0.059854955085175146,0.022259024713730126
without_burst,665742,Juan Soto,-11,0.03489149677959824,-0.7330548996758584,-10.266945100324142,-2.1391161562685808,0.06959256433826931,0.04889453979111404
without_burst,665750,Leody Taveras,-1,-5.152208023473545,-4.653294059092699,3.653294059092699,0.7827292823843672,0.12015630275755715,0.011952703648249552
without_burst,665833,Oneil Cruz,0,2.312729461922186,2.1940290860353446,-2.1940290860353446,-0.4527029464815207,0.0513247994809491,0.001583938502805128
without_burst,666134,Nolan Jones,-5,-5.690413071699536,-5.640462937846306,0.640462937846306,0.13363838500540237,0.0723481867605326,1.989789113568093e-4
without_burst,666139,Josh Lowe,-4,-1.3107459210613333,-1.4536172844154884,-2.5463827155845116,-0.5259052075345771,0.053126762723192854,0.0022168607479292435
without_burst,666160,Mickey Moniak,-7,-3.195027287713104,-3.482034346755897,-3.517965653244103,-0.7352775147108936,0.0754294657924878,0.006300942461410469
without_burst,666176,Jo Adell,-11,-4.0129715002426725,-4.912434479634623,-6.087565520365377,-1.3106833908071451,0.1287332632782576,0.03626078456466839
without_burst,666181,Will Benson,0,-8.407357583370356,-7.389710823153062,7.389710823153062,1.5840657207092796,0.1210424024583166,0.049364865987866526
without_burst,666185,Dylan Carlson,-2,-4.536900532342154,-4.273060014060797,2.273060014060797,0.482599519646785,0.10400112851005978,0.003861947092170185
without_burst,666969,Adolis García,1,3.963628885269926,3.737239637820956,-2.737239637820956,-0.57239790304068,0.07638920263403746,0.0038711589476371727
without_burst,666971,Lourdes Gurriel Jr.,-3,0.3265214243227587,0.16138462487942684,-3.161384624879427,-0.6517237461542371,0.049642487866120834,0.0031695351815048027
without_burst,667472,Dane Myers,1,8.022382844132625,7.637892707159002,-6.637892707159002,-1.372104156040967,0.05475208992555484,0.01557869572230639
without_burst,668227,Randy Arozarena,-4,-2.7741315756984353,-2.8618073160510122,-1.1381926839489878,-0.237388424754768,0.07152133019702217,6.201327809753076e-4
without_burst,668709,JJ Bleday,-7,3.99642428045061,3.476808626744278,-10.476808626744278,-2.157098435900611,0.047253147064369234,0.03296818987603241
without_burst,668804,Bryan Reynolds,-2,-1.9926482477691123,-1.9929843598093537,-0.007015640190646342,-0.0014433072696106613,0.04571863001999264,1.4257268247554502e-8
without_burst,669016,Brandon Marsh,0,3.727362665664421,3.5570897331335503,-3.5570897331335503,-0.7317756436154516,0.045681879603340844,0.003661918339676301
without_burst,669065,Kyle Stowers,-2,-2.272567974156384,-2.25801919493382,0.2580191949338202,0.05329581838895044,0.053376700867344105,2.2880355532448203e-5
without_burst,669326,Bryce Teodosio,9,8.187706334544355,8.282808150232714,0.7171918497672847,0.15339242749814605,0.11707812055263529,4.4572117199231134e-4
without_burst,669743,Alex Call,0,6.43500424670121,5.542273719859352,-5.542273719859352,-1.2001847901348641,0.1387303710482404,0.033145960790052824
without_burst,670242,Matt Wallner,-3,-4.066241775966664,-3.996241390357581,0.996241390357581,0.20712849623705468,0.06565151280592034,4.306431222808486e-4
without_burst,670770,TJ Friedl,1,4.577322413230128,4.371987391905296,-3.3719873919052956,-0.6979940607317088,0.05739908166103187,0.004238210274087
without_burst,671218,Heliot Ramos,-8,-2.3924973465976036,-2.773469619017411,-5.226530380982589,-1.087980716307265,0.06793974001753703,0.012326059076486581
without_burst,671732,Lawrence Butler,4,-3.7599904893839233,-3.2616408785081994,7.261640878508199,1.5086124674903862,0.06422038938804026,0.02231293504742408
without_burst,671739,Michael Harris II,7,6.391363900662498,6.4307067130601165,0.5692932869398831,0.11829778132559572,0.06464094463086185,1.3816069152708884e-4
without_burst,672016,Denzel Clarke,12,3.94133707861659,4.9283761794550465,7.0716238205449535,1.5171229727331557,0.12248174547906461,0.04589429854701836
without_burst,672744,Alexander Canario,-2,0.13624045426023465,-0.06074869022838891,-1.939251309771611,-0.40904569721697265,0.09221300162899544,0.0024280287112001075
without_burst,672761,Wenceel Pérez,2,0.3487252627805578,0.43479900849476816,1.5652009915052318,0.3230906870860343,0.0521256358945741,8.200709507528552e-4
without_burst,673357,Luis Robert Jr.,6,2.899342265855092,3.037136998382782,2.962863001617218,0.6091334014800411,0.04444048467854824,0.0024651754507514956
without_burst,676694,Jake Meyers,8,5.963509640818298,6.06561331032969,1.9343866896703104,0.3988802572048301,0.05013707482141801,0.0011997343617237406
without_burst,677594,Julio Rodríguez,10,2.996860005029895,3.6134984903518736,6.386501509648126,1.3440258695669491,0.0880517147686419,0.024916372964513527
without_burst,677800,Wilyer Abreu,7,1.9559939800912711,2.2726188720731626,4.727381127926837,0.9813587996333557,0.06277250477738745,0.009214717801511937
without_burst,677950,Alek Thomas,0,2.1737804934049607,1.9157359571678696,-1.9157359571678696,-0.4101147444994695,0.1187077246391588,0.0032364711784076414
without_burst,678009,Parker Meadows,4,4.647582128901091,4.582122201341882,-0.5821222013418821,-0.12339121012159009,0.10108359177590641,2.4458609556894564e-4
without_burst,678882,Ceddanne Rafaela,19,15.327356627279219,15.962571455298761,3.037428544701239,0.6712311902671443,0.17295848345573608,0.013460487062090591
without_burst,680757,Steven Kwan,5,-1.3862773633113685,-0.9683292557591212,5.968329255759121,1.2407377316039019,0.06544471587678367,0.015400383237609746
without_burst,680776,Jarren Duran,-3,1.4322850896038983,1.1300542020870576,-4.130054202087058,-0.8598475011815044,0.06818850353866708,0.007729082129429866
without_burst,681297,Colton Cowser,0,-5.01951827694497,-4.559297783440221,4.559297783440221,0.9614123873945456,0.09168618742132606,0.013328748779252777
without_burst,681460,Brooks Baldwin,-5,1.9426208778895946,1.286836760801128,-6.286836760801128,-1.3277231613594287,0.09445771685113423,0.02626913259744585
without_burst,681624,Andy Pages,10,9.12044282656921,9.18224207019815,0.8177579298018508,0.17044102367897337,0.0702617697811335,3.136235189353061e-4
without_burst,682657,Angel Martínez,-5,2.8690712064968626,2.4713266438352406,-7.471326643835241,-1.5409562690227865,0.05054529972142538,0.01805880944244733
without_burst,682985,Riley Greene,1,0.9721404318379762,0.9736355516846599,0.026364448315340155,0.005446609617040434,0.05366629654801235,2.403320968290555e-7
without_burst,682998,Corbin Carroll,9,-0.10998153804980752,0.8170187681928134,8.182981231807187,1.735178829626453,0.10175655157705929,0.04872577587034356
without_burst,686217,Sal Frelick,6,-0.60488054853689,-0.2689317155175539,6.268931715517554,1.2931799659243062,0.05086372577831941,0.012802638808312766
without_burst,686555,Isaac Collins,3,5.778886210896732,5.248248788439769,-2.2482487884397693,-0.5023278770112903,0.19095327486825525,0.008508049877374154
without_burst,686611,Dylan Crews,2,1.178597913371659,1.2324326015643923,0.7675673984356076,0.15957537562922627,0.06553999444256504,2.5514049425042656e-4
without_burst,686668,Brenton Doyle,5,3.8977149635308876,3.966550291645941,1.0334497083540588,0.2144970599660235,0.062447847732329254,4.3779085718579025e-4
without_burst,687363,Victor Scott II,15,3.3379280122395865,4.0781741836080965,10.921825816391904,2.268115655848193,0.06347467003680063,0.049809625505907514
without_burst,687597,Jordan Beck,-2,-3.5498544646186083,-3.470770361056411,1.470770361056411,0.30342237849691106,0.0510267933974413,7.07198781287882e-4
without_burst,691016,Tyler Soderstrom,4,-1.5907160699692973,-1.3044015017366153,5.304401501736615,1.0944139682717549,0.05121250384555,0.009235752194537181
without_burst,691023,Jordan Walker,-4,-5.104458825843872,-5.029824179714049,1.0298241797140488,0.21433150903928827,0.06757576143483562,4.756104593282246e-4
without_burst,691176,Jasson Domínguez,-8,-5.0007005752126394,-5.207321563987307,-2.7926784360126935,-0.5816344105724692,0.06888975040873649,0.0035756553259177347
without_burst,691718,Pete Crow-Armstrong,22,11.278797036702551,12.407021627573632,9.592978372426368,2.0381127503022705,0.10523302233279269,0.06979116820719129
without_burst,694192,Jackson Chourio,3,9.57739349726451,9.224797949418766,-6.224797949418766,-1.2859357088299894,0.05360718466857559,0.01338110681864413
without_burst,694671,Wyatt Langford,9,0.4809888300767768,0.9590358225604376,8.040964177439562,1.663329813521009,0.05611531467072483,0.023497473403334967
without_burst,695578,James Wood,-6,-4.283479922836705,-4.442884189891223,-1.5571158101087772,-0.3285599435863939,0.09286478449931569,0.0015787385687789826
without_burst,695734,Daylen Lile,-7,-3.904108601951736,-4.118755418120923,-2.8812445818790766,-0.6002230041084302,0.06933279904602178,0.003834171699275088
without_burst,696285,Jacob Young,13,4.50183650433745,6.968517196593642,6.031482803406358,1.4388128321171698,0.29026044197845613,0.12094819887513684
without_burst,701358,Cam Smith,1,-0.27867549885701676,-0.22110906989185453,1.2211090698918545,0.2511233606586389,0.045020358188312376,4.247085674517861e-4
without_burst,701538,Jackson Merrill,2,1.7544427688955837,1.7710583572831993,0.22894164271680068,0.047650611195599796,0.06766483036514445,2.3541267454209547e-5
without_burst,802415,Chandler Simpson,-5,-1.0299983412593978,-1.3428641294111299,-3.65713587058887,-0.7657651651551636,0.07880747038553716,0.007166550287205592
without_burst,808982,Jung Hoo Lee,-5,4.424503540772639,3.8851305219163503,-8.88513052191635,-1.8390386697638548,0.05723092113264406,0.02932979912302263
without_route,502054,Tommy Pham,-2,1.1246003434173566,0.9511048706986225,-2.9511048706986225,-0.8471058479224295,0.05552565245159864,0.00602671734493572
without_route,572191,Michael A. Taylor,3,3.6736286289336304,3.61766816429106,-0.6176681642910602,-0.17994343112023514,0.08307316856642098,4.190830043803531e-4
without_route,573262,Mike Yastrzemski,-2,5.561218201040511,5.028226632367564,-7.028226632367564,-2.033606327645802,0.07049017162335007,0.04480333172357658
without_route,592206,Nick Castellanos,-11,-8.328856640434175,-8.607931565416887,-2.3920684345831127,-0.7051532615590675,0.10447770389533505,0.008287360183134054
without_route,592450,Aaron Judge,4,-1.077011629756696,-0.843641179433285,4.843641179433285,1.383369450829653,0.04596610513074481,0.013172015198104703
without_route,595777,Jurickson Profar,-6,-8.10405571784589,-7.920836942438432,1.920836942438432,0.5608180568463644,0.08707886100803171,0.0042857359790989345
without_route,596146,Max Kepler,0,-2.851005267353237,-2.6907550231673567,2.6907550231673567,0.7726524926807555,0.05620832974982867,0.005079195394878726
without_route,606192,Teoscar Hernández,-8,-2.3648097402214945,-2.6276923478293526,-5.372307652170647,-1.5349097673618073,0.0466501742601665,0.016469053421336123
without_route,607043,Brandon Nimmo,-1,-0.6344283611803075,-0.654012452628117,-0.345987547371883,-0.09921209083654091,0.0535711454833913,7.959286261726392e-5
without_route,621438,Tyrone Taylor,3,1.7126482351965842,1.7708349309079825,1.2291650690920175,0.3509149263869369,0.045198753986470934,8.327586043833773e-4
without_route,621439,Byron Buxton,2,2.2589461486545983,2.240366230038354,-0.2403662300383542,-0.06959684851731786,0.07175205622010154,5.34873971135167e-5
without_route,621493,Taylor Ward,0,-0.5305577189570472,-0.5002502238590586,0.5002502238590586,0.14371698075219777,0.057123841601183195,1.7876433662222636e-4
without_route,624424,Michael Conforto,-7,-8.412939976556958,-8.311011817271137,1.3110118172711374,0.3796761175720741,0.07213905825936004,0.0016010912898806794
without_route,641355,Cody Bellinger,6,5.3998881919712884,5.47210417128773,0.5278958287122706,0.1570139797626652,0.12033754102199586,4.817965412321903e-4
without_route,643217,Andrew Benintendi,-7,-10.541431045310677,-10.141447407727604,3.1414474077276036,0.9304700789247722,0.11294407048040771,0.015747775558735765
without_route,643565,Mike Tauchman,0,-5.173288792952714,-4.724912876534485,4.724912876534485,1.3792036071256188,0.08667134860691054,0.025787378874194033
without_route,656775,Cedric Mullins,3,0.5815096477974744,0.7242282096760455,2.2757717903239545,0.6544623309922054,0.05901142493646791,0.0038372758528260505
without_route,657656,Ramón Laureano,-8,-1.3660835914564866,-1.845530167892747,-6.154469832107253,-1.7824954968560047,0.07227202558940915,0.03535968743096337
without_route,660670,Ronald Acuña Jr.,-10,-9.265005261577857,-9.329735475259788,-0.670264524740211,-0.19580029978061123,0.08806894838580046,5.289193693816253e-4
without_route,660821,Jesús Sánchez,-1,0.7477088995326547,0.6398863101557477,-1.6398863101557477,-0.4722691089643176,0.061693677594558204,0.0020949663695955336
without_route,662139,Daulton Varsho,8,11.252275074845326,10.963307098768922,-2.9633070987689214,-0.8660243164433132,0.08885102564399336,0.010448048684024108
without_route,663457,Lars Nootbaar,-1,-4.868168515926555,-4.663484630750796,3.663484630750796,1.050141932090539,0.052914934893091424,0.008802119052737258
without_route,663656,Kyle Tucker,-2,-4.217129466711564,-4.1101824429472655,2.1101824429472655,0.6033976993940848,0.048236706683134435,0.0026360761855835383
without_route,663757,Trent Grisham,-1,-0.38417956945847326,-0.44151677052195015,-0.5584832294780498,-0.1635988456682711,0.09310701337573503,3.9254439676812073e-4
without_route,663968,Jake Mangum,5,1.810280085914549,2.049379554008243,2.950620445991757,0.8558173150790841,0.07495939284131409,0.008478701785179952
without_route,664023,Ian Happ,0,-1.1600762137443377,-1.099615790594713,1.099615790594713,0.31507349122064043,0.0521176302326529,7.797509366959536e-4
without_route,664056,Harrison Bader,6,4.838028306722467,4.965737083595414,1.0342629164045856,0.30581682220283196,0.10990696039481458,0.0016497361631832577
without_route,664702,Myles Straw,9,4.569587307257771,4.780162279555177,4.219837720444823,1.2061965628956615,0.04752942601540578,0.010371680635214145
without_route,664728,Kyle Isbel,11,8.328479936347849,8.480945875897689,2.5190541241023103,0.7236791991925604,0.05707085700917785,0.004528240401465917
without_route,664770,Nathan Lukes,2,-0.9299128077331874,-0.7289174550879962,2.728917455087996,0.7888068403807923,0.06860113792966249,0.006546948321156472
without_route,665487,Fernando Tatis Jr.,7,2.8560552130224672,3.1434746687787665,3.8565253312212335,1.1152011142215148,0.06935890088582267,0.013241229828104944
without_route,665742,Juan Soto,-11,-4.2452337897025485,-4.807278307687385,-6.192721692312615,-1.8042389860626211,0.08320710154675903,0.04220649023891409
without_route,665750,Leody Taveras,-1,-2.9860467147570526,-2.796773620677781,1.7967736206777813,0.5269744163749157,0.09530143106549455,0.004179040132895786
without_route,665833,Oneil Cruz,0,0.8658980790358812,0.8220953585415929,-0.8220953585415929,-0.2353653929575488,0.05058646225784151,4.216635504979426e-4
without_route,666134,Nolan Jones,-5,-3.1780842957430937,-3.3054461752402244,-1.6945538247597756,-0.4901623438423804,0.06990547323322992,0.0025796806101824415
without_route,666139,Josh Lowe,-4,-4.070691068806982,-4.067165725040469,0.06716572504046878,0.019222251180166756,0.04986971941448132,2.7705387026548212e-6
without_route,666160,Mickey Moniak,-7,-3.293618948141561,-3.566189216527528,-3.433810783472472,-0.9952022148612119,0.0735408109884701,0.011231215216142976
without_route,666176,Jo Adell,-11,-12.156148567601955,-11.950737253363886,0.9507372533638858,0.29247260870438363,0.17766861456579572,0.0026401962347400655
without_route,666181,Will Benson,0,-3.670033360243624,-3.3305862987599544,3.3305862987599544,0.9753117848246954,0.09249154657851298,0.013849696806650807
without_route,666185,Dylan Carlson,-2,-2.709441229144929,-2.6344617519247557,0.6344617519247556,0.18715828430101775,0.10568807413482914,5.913669273215103e-4
without_route,666969,Adolis García,1,3.5894582483678636,3.444468009927556,-2.444468009927556,-0.7018507299009109,0.055992499022408423,0.004173936884887752
without_route,666971,Lourdes Gurriel Jr.,-3,-3.2951487765808625,-3.2808131471531214,0.28081314715312145,0.08031142510612857,0.04857085837796916,4.703876968473161e-5
without_route,667472,Dane Myers,1,5.916567527756329,5.643143102203882,-4.643143102203882,-1.3328619160264366,0.05561286893932373,0.014945054994329538
without_route,668227,Randy Arozarena,-4,-5.109975732852508,-5.025495002211535,1.0254950022115354,0.29762652687315583,0.07611043029190037,0.0010424838745902907
without_route,668709,JJ Bleday,-7,3.0668756043816967,2.5895053150204035,-9.589505315020403,-2.740902414758435,0.04741990545244411,0.05342546226458457
without_route,668804,Bryan Reynolds,-2,-4.343462909100303,-4.230040420313559,2.230040420313559,0.6377251283169577,0.0483995237758152,0.0029549862027307048
without_route,669016,Brandon Marsh,0,3.910758415959285,3.732283243203432,-3.732283243203432,-1.0657759408170364,0.0456369721094303,0.007759558296051674
without_route,669065,Kyle Stowers,-2,-4.112529025085393,-3.993602660279601,1.9936026602796006,0.5724911335260845,0.056295730564451474,0.002793052052158396
without_route,669326,Bryce Teodosio,9,13.05125851426416,12.523325660772983,-3.523325660772982,-1.0539487476778202,0.1303132968761116,0.023777535930032373
without_route,669743,Alex Call,0,0.6636652362914313,0.597483147150513,-0.597483147150513,-0.17566509905936054,0.09972209710839483,4.883011444654898e-4
without_route,670242,Matt Wallner,-3,-7.474204697241844,-7.139916899004401,4.139916899004401,1.2006097249697174,0.07471446231405447,0.01662779168126104
without_route,670770,TJ Friedl,1,-1.521143169491081,-1.2987037497009744,2.2987037497009744,0.6715654994810748,0.0882295866739717,0.006234583748452997
without_route,671218,Heliot Ramos,-8,-0.04304193250112124,-0.49834175117934443,-7.501658248820656,-2.1552630958070758,0.05722033656780851,0.040275667550760806
without_route,671732,Lawrence Butler,4,-1.4278212441915137,-1.1163004764198279,5.116300476419828,1.4700730288926058,0.057393335881327,0.018797960889657305
without_route,671739,Michael Harris II,7,6.030141116745366,6.092830011734047,0.9071699882659534,0.2616656600924823,0.06463713027848911,6.759232157502139e-4
without_route,672016,Denzel Clarke,12,10.582934972715494,10.803678571153757,1.1963214288462434,0.36321765591311606,0.15577520733912256,0.0034775717440934557
without_route,672744,Alexander Canario,-2,-2.287611382965602,-2.26346732481245,0.2634673248124503,0.07679174497783232,0.08394681011647843,7.719950923844524e-5
without_route,672761,Wenceel Pérez,2,2.8452434330191254,2.7970475146726153,-0.7970475146726151,-0.22897134167638739,0.05702016302494041,4.5288742891061077e-4
without_route,673357,Luis Robert Jr.,6,3.967071264911111,4.0574649016202535,1.9425350983797467,0.5543622322744098,0.04446473462100443,0.0020429522430297706
without_route,676694,Jake Meyers,8,3.471854685153185,3.6504792740800047,4.349520725919995,1.238023819135479,0.03944762734118721,0.008992072474192018
without_route,677594,Julio Rodríguez,10,6.8630587511583645,7.166111555088865,2.8338884449111346,0.8317497672469681,0.09660773979825221,0.010568732168361725
without_route,677800,Wilyer Abreu,7,3.6901838103601046,3.896350168070997,3.103649831929003,0.8941006619863745,0.06228936771661735,0.007586122913127901
without_route,677950,Alek Thomas,0,2.265620489780539,2.1283084596534434,-2.1283084596534434,-0.6125746038269599,0.060606809810586255,0.0034585491548126956
without_route,678009,Parker Meadows,4,5.750137806125914,5.589811012477534,-1.5898110124775335,-0.4653256514763986,0.09160809685225715,0.003119439408449167
without_route,678882,Ceddanne Rafaela,19,15.2435816397682,15.756926627605143,3.2430733723948566,0.9736738018748923,0.1366580978496944,0.0214378625100409
without_route,680757,Steven Kwan,5,4.188047804888925,4.262516244986479,0.7374837550135207,0.21586865202571506,0.0917153011543565,6.722037294147993e-4
without_route,680776,Jarren Duran,-3,3.7908902686381687,3.3016466890069296,-6.30164668900693,-1.8248976078197554,0.07204410029870077,0.03693601591616192
without_route,681297,Colton Cowser,0,-3.9290755745578476,-3.650812501986483,3.650812501986483,1.0565451872717473,0.070821511903007,0.012154697627246773
without_route,681460,Brooks Baldwin,-5,-6.760997325350224,-6.566360303277584,1.5663603032775835,0.4633117373548631,0.1105265858560753,0.003810503354805955
without_route,681624,Andy Pages,10,9.75626715330505,9.772497887730289,0.22750211226971115,0.06568978908027191,0.0665923146811281,4.3979514749033e-5
without_route,682657,Angel Martínez,-5,-1.1984079402894372,-1.4398796781330288,-3.5601203218669712,-1.0262737350179139,0.06351858222840853,0.010205399734097658
without_route,682985,Riley Greene,1,1.1116798524968756,1.1058320385623757,-0.10583203856237572,-0.030328024134484904,0.052362299947205634,7.260500808892729e-6
without_route,682998,Corbin Carroll,9,2.40277502864904,2.9761038806113644,6.023896119388636,1.7586017637936746,0.08690454766239708,0.04204973782871391
without_route,686217,Sal Frelick,6,2.387624386642198,2.5867173285650535,3.4132826714349465,0.9795592255161538,0.05511413076388029,0.007995524648782186
without_route,686555,Isaac Collins,3,8.630799430111164,7.533305156172549,-4.533305156172549,-1.4094206377531415,0.1949091399117636,0.06870218059030515
without_route,686611,Dylan Crews,2,3.7420958065124634,3.6192601580485517,-1.6192601580485517,-0.46853544713738676,0.07051027159626634,0.002379001187771501
without_route,686668,Brenton Doyle,5,5.735064139190414,5.687369979899838,-0.6873699798998384,-0.1982923769273227,0.06488435055899483,3.8975225295120663e-4
without_route,687363,Victor Scott II,15,9.703685296187539,10.224629296514074,4.775370703485926,1.4029382531697068,0.09835971415209574,0.030673478108424582
without_route,687597,Jordan Beck,-2,0.0329320255399534,-0.0771543966558299,-1.92284560334417,-0.5515460210771957,0.05415155096813733,0.00248802543364499
without_route,691016,Tyler Soderstrom,4,1.6313896767366307,1.77450304382628,2.22549695617372,0.6404842160160233,0.06042081539713729,0.003768530357504136
without_route,691023,Jordan Walker,-4,-2.5350042341076695,-2.600319212815917,-1.3996807871840828,-0.3994669058960559,0.044583732068648046,0.0010637690726682189
without_route,691176,Jasson Domínguez,-8,-6.109112702264127,-6.241278884557095,-1.7587211154429054,-0.5087207256465648,0.06989638274646065,0.002778332315789725
without_route,691718,Pete Crow-Armstrong,22,15.006639447723742,15.766685551714854,6.233314448285146,1.8418344765361891,0.108681098065754,0.0590913697696138
without_route,694192,Jackson Chourio,3,4.5117417890545495,4.4407462042258885,-1.4407462042258883,-0.41169981475802336,0.04696277191163943,0.0011931832831848087
without_route,694671,Wyatt Langford,9,5.204355321623575,5.493970130054709,3.5060298699452903,1.01765061936774,0.07630187569480747,0.012220937271416996
without_route,695578,James Wood,-6,-6.748041765549311,-6.6903162909094425,0.6903162909094426,0.20046340593585216,0.0771687856191808,4.8005562159225045e-4
without_route,695734,Daylen Lile,-7,-1.4214676068660277,-1.8150578033533247,-5.184942196646675,-1.5003067372903551,0.07055443416833518,0.024409699469264683
without_route,696285,Jacob Young,13,5.908188800019609,7.424725141308892,5.575274858691108,1.7541221973318633,0.21384330441474175,0.11956613416091658
without_route,701358,Cam Smith,1,4.392003826428358,4.194086236097958,-3.1940862360979576,-0.9182260420736823,0.05834828038469564,0.007463437991039905
without_route,701538,Jackson Merrill,2,4.107092707947986,4.033619695878675,-2.033619695878675,-0.5774638634463356,0.034869377978563244,0.0017211142055905556
without_route,802415,Chandler Simpson,-5,3.662441809049253,2.9970020220534472,-7.997002022053447,-2.321837858989826,0.0768189618660011,0.0640836581252024
without_route,808982,Jung Hoo Lee,-5,1.7405241105756877,1.3140187230839278,-6.314018723083928,-1.819901513917637,0.06327481075582587,0.03196070779692989
