family,model,mlbam_id,player_name,fitted,residual,standardized_residual,leverage,cooks_distance,influence_flag,actual,held_out_prediction
range,baseline,502054,Tommy Pham,-2.005108766536358,0.005108766536357834,9.115385162563098e-4,0.0452455709366024,7.875251551684693e-9,FALSE,-2,-2.0053508696905107
range,baseline,572191,Michael A. Taylor,-1.2481291717123773,4.248129171712377,0.7667622809061716,0.06699587629170158,0.008443373199232634,FALSE,3,-1.5531729858040206
range,baseline,573262,Mike Yastrzemski,-0.7937770785371563,-1.2062229214628437,-0.21512752867662988,0.044407363529483886,4.3013439079096424e-4,FALSE,-2,-0.7377226702813182
range,baseline,592206,Nick Castellanos,-0.5120213354031868,-10.487978664596813,-1.8770493858494237,0.05105332376772951,0.03791085740571456,FALSE,-11,0.052231834815663625
range,baseline,592450,Aaron Judge,-1.522154928434591,5.522154928434591,0.9854844765353798,0.04560706519575074,0.009281848630342291,FALSE,4,-1.7860391952369294
range,baseline,595777,Jurickson Profar,-2.6558511330315415,-3.3441488669684585,-0.6027844857831186,0.06447221820311193,0.005008066089604301,FALSE,-6,-2.4253879659829245
range,baseline,596146,Max Kepler,-1.8515824173364157,1.8515824173364157,0.33012024720591066,0.043794164392325426,9.98249665695532e-4,FALSE,0,-1.9363847702934436
range,baseline,606192,Teoscar Hernández,-0.7798201377008063,-7.220179862299194,-1.2878640668446166,0.0446432026570596,0.01550100272185262,FALSE,-8,-0.4424258220801711
range,baseline,607043,Brandon Nimmo,-1.1310553466594373,0.13105534665943736,0.023475740475334187,0.05271533988478623,6.133736307936257e-6,FALSE,-1,-1.1383484312344923
range,baseline,621438,Tyrone Taylor,5.078355001941613,-2.078355001941613,-0.36939086221714623,0.0377746745605701,0.001071337334614424,FALSE,3,5.159946269334022
range,baseline,621439,Byron Buxton,5.5049140062528,-3.504914006252801,-0.6215040160936461,0.03333393657543639,0.002663961885879513,FALSE,2,5.625775372558443
range,baseline,621493,Taylor Ward,-1.0054428791322165,1.0054428791322165,0.18050501698041532,0.05692579148294628,3.9334330271132377e-4,FALSE,0,-1.0661333647468059
range,baseline,624424,Michael Conforto,-1.8472208733250541,-5.152779126674946,-0.9186819498901885,0.04377013445528504,0.007726377790485793,FALSE,-7,-1.6113593474308905
range,baseline,641355,Cody Bellinger,0.06469557570753981,5.93530442429246,1.092284882877807,0.10252208811961709,0.027258095962631866,FALSE,6,-0.6133153203257056
range,baseline,643217,Andrew Benintendi,-3.0134977419632114,-3.9865022580367886,-0.7262073266183019,0.08404867854036835,0.009678537654068162,FALSE,-7,-2.6476920065096676
range,baseline,643565,Mike Tauchman,-2.179875765347959,2.179875765347959,0.3939764445873835,0.06946526291395642,0.002317424545604698,FALSE,0,-2.342605470241991
range,baseline,656775,Cedric Mullins,5.743926618075431,-2.7439266180754305,-0.4869373483011728,0.03481974335549871,0.0017107766129826312,FALSE,3,5.8429162316424
range,baseline,657656,Ramón Laureano,-0.7727208744739347,-7.227279125526065,-1.306526997091032,0.06991530743508158,0.025663539084367044,FALSE,-8,-0.22943976682896228
range,baseline,660670,Ronald Acuña Jr.,-1.6338104551254542,-8.366189544874546,-1.4950118153636984,0.0481341048922371,0.02260457672137932,FALSE,-10,-1.2107476611215393
range,baseline,660821,Jesús Sánchez,-1.1156590265756665,0.1156590265756666,0.020598070396488987,0.041668846405737474,3.689597085572061e-6,FALSE,-1,-1.1206879544110429
range,baseline,662139,Daulton Varsho,4.398826444971435,3.601173555028564,0.6488198004481294,0.06362560075330942,0.005720849861963028,FALSE,8,4.1541307003633445
range,baseline,663457,Lars Nootbaar,-1.5384235573206348,0.5384235573206348,0.09603068268348046,0.04448460089082843,8.586615897591783e-5,FALSE,-1,-1.563490193692961
range,baseline,663656,Kyle Tucker,-1.0528527928120568,-0.9471472071879432,-0.16869160127872285,0.04179670137393258,2.482568632923853e-4,FALSE,-2,-1.0115383566869127
range,baseline,663757,Trent Grisham,5.92362223134354,-6.92362223134354,-1.2305781597991414,0.0378164260699581,0.011903397746429,FALSE,-1,6.19573937753269
range,baseline,663968,Jake Mangum,-0.8817594747579811,5.881759474757981,1.062335858799727,0.0682477372470179,0.016532612203912642,FALSE,5,-1.3125786862911033
range,baseline,664023,Ian Happ,-1.155479993123065,1.155479993123065,0.20689993990369054,0.051988188617817344,4.69506557492951e-4,FALSE,0,-1.21884556632095
range,baseline,664056,Harrison Bader,-0.4307758239831667,6.430775823983167,1.1682551869274314,0.078997260603769,0.023412971746047822,FALSE,6,-0.9823634055626149
range,baseline,664702,Myles Straw,4.786131553180368,4.213868446819632,0.7521876504319747,0.04606416010430636,0.005464197452874716,FALSE,9,4.582650037259959
range,baseline,664728,Kyle Isbel,5.659312664255009,5.340687335744991,0.9473404165642713,0.03396737943540655,0.0063112063308017816,FALSE,11,5.471524851175679
range,baseline,664770,Nathan Lukes,-0.9445657085215915,2.9445657085215915,0.5316366040610435,0.0675568413903375,0.00409549797184657,FALSE,2,-1.157903708481431
range,baseline,665487,Fernando Tatis Jr.,-0.2747533411851011,7.274753341185101,1.3079644736574907,0.05972634887063172,0.021733696207360546,FALSE,7,-0.7368469619959601
range,baseline,665742,Juan Soto,-0.07848386067381696,-10.921516139326183,-1.9734178901858839,0.06902641489737979,0.057749213851682524,TRUE,-11,0.73128466166128
range,baseline,665750,Leody Taveras,-2.1623087964938215,1.1623087964938212,0.21278974292179845,0.09311694663718308,9.298412652188687e-4,FALSE,-1,-2.281652349973747
range,baseline,665833,Oneil Cruz,5.736075838854979,-5.736075838854979,-1.0178746526439644,0.03472560286419786,0.007454484256608917,FALSE,0,5.942430313986651
range,baseline,666134,Nolan Jones,-1.3398423887596662,-3.660157611240334,-0.6522404527469746,0.04281974863511486,0.0038062371266190135,FALSE,-5,-1.1761041287457035
range,baseline,666139,Josh Lowe,-1.4384132834164438,-2.561586716583556,-0.45678550055294354,0.04412055634757086,0.0019261605045736434,FALSE,-4,-1.320178047980928
range,baseline,666160,Mickey Moniak,-1.0030103982738412,-5.996989601726159,-1.082476439643303,0.06709095583079148,0.01685355709702965,FALSE,-7,-0.5717317361129144
range,baseline,666176,Jo Adell,-0.02951377493787888,-10.970486225062121,-2.0128526592695875,0.09710468720853886,0.08714786706696682,TRUE,-11,1.150341318247536
range,baseline,666181,Will Benson,-1.8247252900144137,1.8247252900144137,0.33142112351902275,0.07860844159374074,0.0018741973679184995,FALSE,0,-1.9804015712610399
range,baseline,666185,Dylan Carlson,-2.9759884634655007,0.9759884634655005,0.17756450277136618,0.0816955555304301,5.609886037694798e-4,FALSE,-2,-3.062815789843258
range,baseline,666969,Adolis García,-0.7327154623780965,1.7327154623780965,0.30920506458316793,0.0455110139766444,9.117353285033193e-4,FALSE,1,-0.8153331130587791
range,baseline,666971,Lourdes Gurriel Jr.,-1.8568162701500501,-1.1431837298499499,-0.20382243320984775,0.04382425491503449,3.808121335248634e-4,FALSE,-3,-1.8044209072168362
range,baseline,667472,Dane Myers,4.928317887950765,-3.9283178879507648,-0.6995437535279122,0.041497830496930524,0.004237327716843604,FALSE,1,5.098392275927117
range,baseline,668227,Randy Arozarena,-0.8048118546095715,-3.1951881453904285,-0.5761848910791829,0.06528597807411642,0.004637617055196318,FALSE,-4,-0.5816409399667872
range,baseline,668709,JJ Bleday,4.828874684491712,-11.828874684491712,-2.1098533716743932,0.044585275158283914,0.0415464637986499,FALSE,-7,5.380879608540058
range,baseline,668804,Bryan Reynolds,-1.0467466311961495,-0.9532533688038505,-0.16978117141361332,0.04181964373076142,2.5161823556662133e-4,FALSE,-2,-1.005142025124134
range,baseline,669016,Brandon Marsh,5.449958551709642,-5.449958551709642,-0.9664373133714651,0.03339589091863316,0.006453893153383526,FALSE,0,5.6382530350394715
range,baseline,669065,Kyle Stowers,-2.2476106135680727,0.24761061356807257,0.04428920984701231,0.049937305601893967,2.0620476695039815e-5,FALSE,-2,-2.2606255513747344
range,baseline,669326,Bryce Teodosio,4.0211167335875,4.9788832664125,0.9089339080612047,0.08797048184859049,0.01593759117313108,FALSE,9,3.5408748649888135
range,baseline,669743,Alex Call,-1.567394193344065,1.567394193344065,0.28357143896814574,0.0713734205426296,0.001236090789279602,FALSE,0,-1.6878627297744906
range,baseline,670242,Matt Wallner,-1.9617985647798648,-1.0382014352201352,-0.18660722273541197,0.05915957777004532,4.3792122197611427e-4,FALSE,-3,-1.8965169749409618
range,baseline,670770,TJ Friedl,6.347564309247911,-5.347564309247911,-0.9571756106168569,0.05127924627405766,0.009904133272598448,FALSE,1,6.636605174121304
range,baseline,671218,Heliot Ramos,-1.0028259527253987,-6.997174047274601,-1.2562517508115176,0.057021892222043236,0.019086371395663024,FALSE,-8,-0.579706793233183
range,baseline,671732,Lawrence Butler,-0.4387473960123076,4.438747396012308,0.795406673515235,0.053431566843236314,0.00714256742980536,FALSE,4,-0.68930427059487
range,baseline,671739,Michael Harris II,6.614490802743257,0.38550919725674343,0.06948415712027999,0.06436272158590303,6.64245263063488e-5,FALSE,7,6.587971528977361
range,baseline,672016,Denzel Clarke,3.9626720438352496,8.03732795616475,1.470832102280523,0.09237427635039759,0.04403524826703012,TRUE,12,3.1446670728477106
range,baseline,672744,Alexander Canario,-1.9608054631689038,-0.03919453683109627,-0.007138854373150385,0.08377182057336122,9.31925832561715e-7,FALSE,-2,-1.9572218605461114
range,baseline,672761,Wenceel Pérez,-1.5352395604686766,3.5352395604686766,0.6309865542201976,0.045870982295762454,0.0038282574968608067,FALSE,2,-1.7052007588815794
range,baseline,673357,Luis Robert Jr.,5.224030571921098,0.7759694280789017,0.13773326879418807,0.03523591007306638,1.385709096465383e-4,FALSE,6,5.1956899762535
range,baseline,676694,Jake Meyers,5.167330499773394,2.8326695002266056,0.5030188722241176,0.03609802184146219,0.0018951739835311482,FALSE,8,5.061247342143432
range,baseline,677594,Julio Rodríguez,6.638915449206882,3.3610845507931177,0.606247315067851,0.06573767510510796,0.005172198177755126,FALSE,10,6.402418826884351
range,baseline,677800,Wilyer Abreu,-1.4567317682641647,8.456731768264165,1.5082484304913066,0.044415790881436504,0.021146777460351908,FALSE,7,-1.8498027568545767
range,baseline,677950,Alek Thomas,5.7857974405845045,-5.7857974405845045,-1.0270427343703794,0.035373834776391604,0.0077362434852834725,FALSE,0,5.997968590498795
range,baseline,678009,Parker Meadows,4.183366170810161,-0.18336617081016088,-0.03326889606419937,0.07663955104518136,1.837335473361971e-5,FALSE,4,4.198585688847425
range,baseline,678882,Ceddanne Rafaela,6.013470037977591,12.98652996202241,2.310703204942651,0.03991976892477119,0.04440162049355228,TRUE,19,5.473495087511262
range,baseline,680757,Steven Kwan,-1.0124213495503955,6.0124213495503955,1.0792515197993477,0.05667119564303516,0.013995055116096866,FALSE,5,-1.3736221366089412
range,baseline,680776,Jarren Duran,-0.9679336006345056,-2.0320663993654944,-0.3650856000525433,0.058335931001036984,0.0016514275926916716,FALSE,-3,-0.8420474283088142
range,baseline,681297,Colton Cowser,-1.3179138758941666,1.3179138758941666,0.2379422485484331,0.06751778916811628,8.198809129577579e-4,FALSE,0,-1.4133394295194481
range,baseline,681460,Brooks Baldwin,-1.8814253621621195,-3.1185746378378805,-0.5670480997116879,0.08064741088507472,0.0056412860290086,FALSE,-5,-1.6078578830781547
range,baseline,681624,Andy Pages,6.5412168633523775,3.4587831366476225,0.6221004227360012,0.06041669830761908,0.004977057826514105,FALSE,10,6.318811615300473
range,baseline,682657,Angel Martínez,5.122842750857501,-10.122842750857501,-1.7983269605121162,0.03688690562410929,0.024772066846255103,FALSE,-5,5.51054420292897
range,baseline,682985,Riley Greene,-1.4904465731956558,2.4904465731956558,0.44430953216074615,0.045023214470176036,0.0018614224224353943,FALSE,1,-1.6078608516268265
range,baseline,682998,Corbin Carroll,-0.4858520713350174,9.485852071335017,1.6984299811430759,0.05187190161011757,0.03156388429643276,FALSE,9,-1.004821170729942
range,baseline,686217,Sal Frelick,-0.5652321723418012,6.565232172341801,1.1740255756541684,0.04949440147221713,0.014354448420154802,FALSE,6,-0.9070946899319106
range,baseline,686555,Isaac Collins,-2.196144394234003,5.196144394234003,0.9288088596617922,0.04869596161816286,0.008831943873293478,FALSE,3,-2.4621279681232267
range,baseline,686611,Dylan Crews,-1.8082722155799282,3.8082722155799282,0.6823911621000321,0.05332959905278733,0.005246459234665343,FALSE,2,-2.022806894320847
range,baseline,686668,Brenton Doyle,5.812839013454949,-0.8128390134549482,-0.1443181271154761,0.03577823868481282,1.54565937468577e-4,FALSE,5,5.843000071214161
range,baseline,687363,Victor Scott II,5.88436833524128,9.11563166475872,1.6195108631140587,0.03702409024118786,0.020168179576434953,FALSE,15,5.5338943867849935
range,baseline,687597,Jordan Beck,-1.4564265299070325,-0.5435734700929674,-0.09699947143658955,0.04547482769346196,8.965043628939708e-5,FALSE,-2,-1.4305299788171535
range,baseline,691016,Tyler Soderstrom,-2.2196967318953567,6.219696731895357,1.1120909460391277,0.04924761045690858,0.012812336696765616,FALSE,4,-2.5418681039386017
range,baseline,691023,Jordan Walker,-1.3572885648051138,-2.642711435194886,-0.47097938866247396,0.0430146232285751,0.0019940893799973766,FALSE,-4,-1.2385038482922432
range,baseline,691176,Jasson Domínguez,-2.415093903604366,-5.584906096395634,-1.0015674413131042,0.05489301832017606,0.011652699095899218,FALSE,-8,-2.0907154378765958
range,baseline,691718,Pete Crow-Armstrong,6.5098137464705665,15.490186253529433,2.7836988967444514,0.05880766463294524,0.09683448820545458,TRUE,22,5.541954527829399
range,baseline,694192,Jackson Chourio,5.938451480982169,-2.9384514809821694,-0.522355834082649,0.03813578849264533,0.0021636243431693266,FALSE,3,6.054954582806722
range,baseline,694671,Wyatt Langford,-1.4529372946979446,10.452937294697945,1.8653517635709198,0.04552441655751779,0.03319181836656589,FALSE,9,-1.9514978444997073
range,baseline,695578,James Wood,-1.697183759334207,-4.302816240665793,-0.7670438005706494,0.04352221658240014,0.005354346135266871,FALSE,-6,-1.5013944753725896
range,baseline,695734,Daylen Lile,-2.040306356984379,-4.959693643015621,-0.893092071652578,0.0625958938922652,0.01065225263274024,FALSE,-7,-1.7091189267250675
range,baseline,696285,Jacob Young,5.317367613764242,7.682632386235758,1.3628992348830087,0.03416658429377237,0.01314185974088245,FALSE,13,5.045592685755093
range,baseline,701358,Cam Smith,-0.8496048418825932,1.8496048418825932,0.32972752255701226,0.0435613334297014,9.90340259736822e-4,FALSE,1,-0.9338457410082626
range,baseline,701538,Jackson Merrill,5.579060254445952,-3.579060254445953,-0.6347029633626219,0.03348948141433288,0.0027917266047133267,FALSE,2,5.703074292128069
range,baseline,802415,Chandler Simpson,-1.0396473679692804,-3.9603526320307196,-0.7147781981160761,0.06688593166412998,0.007324409781492841,FALSE,-5,-0.7557679533289301
range,baseline,808982,Jung Hoo Lee,6.296970398716111,-11.29697039871611,-2.0198651245257504,0.049200691239423944,0.04222377746258998,FALSE,-5,6.881550916820072
range,speed,502054,Tommy Pham,-2.522097322757983,0.522097322757983,0.09802942697761087,0.04612223179212225,7.744248223204426e-5,FALSE,-2,-2.547341955289408
range,speed,572191,Michael A. Taylor,-2.3229955269422478,5.322995526942248,1.0126268484138075,0.07078534821232173,0.013018919726303419,FALSE,3,-2.728488586250275
range,speed,573262,Mike Yastrzemski,-2.4396632838475245,0.4396632838475244,0.08286357694867597,0.05329260767627932,6.442097678502867e-5,FALSE,-2,-2.4644130672396587
range,speed,592206,Nick Castellanos,-0.5456073809424833,-10.454392619057517,-1.9680227277655151,0.05105702364655021,0.03473156453857846,FALSE,-11,0.016881814364795068
range,speed,592450,Aaron Judge,-2.7649706647235437,6.764970664723544,1.2732375128856341,0.05067327583149088,0.014422178775520066,FALSE,4,-3.1260720808727007
range,speed,595777,Jurickson Profar,-4.986679278849623,-1.0133207211503772,-0.19397506599909733,0.08229150274057935,5.623294211011233e-4,FALSE,-6,-4.895814167378317
range,speed,596146,Max Kepler,-2.7716447319457527,2.7716447319457527,0.5205286971158464,0.04657070634712583,0.002205781237579705,FALSE,0,-2.907027034303446
range,speed,606192,Teoscar Hernández,-0.007258441849413266,-7.992741558150587,-1.5011004433081394,0.04660085738958548,0.018356395496042312,FALSE,-8,0.38341592826107196
range,speed,607043,Brandon Nimmo,-1.4465015830055163,0.4465015830055164,0.08414124635157592,0.05304171756810607,6.609268007269934e-5,FALSE,-1,-1.4715113551347123
range,speed,621438,Tyrone Taylor,6.301012321119229,-3.3010123211192295,-0.6186848160051153,0.042677870618699945,0.002844017792237653,FALSE,3,6.448173002385943
range,speed,621439,Byron Buxton,8.54140963222391,-6.5414096322239095,-1.239614074214553,0.06357625451848199,0.01738778523298504,FALSE,2,8.985523021802758
range,speed,621493,Taylor Ward,-1.3208883967093341,1.3208883967093341,0.24947079737273328,0.05725216767891357,6.299188027412784e-4,FALSE,0,-1.4011046765891275
range,speed,624424,Michael Conforto,-4.782656347392578,-2.2173436526074215,-0.4221026526048753,0.07203291144788992,0.002305065694061631,FALSE,-7,-4.610536321856947
range,speed,641355,Cody Bellinger,-0.2040139936222234,6.204013993622223,1.2010734162936412,0.10275891774113327,0.02753583370017325,FALSE,6,-0.9145451721884837
range,speed,643217,Andrew Benintendi,-4.538178660510071,-2.461821339489929,-0.4736820116326904,0.09167346500179425,0.0037741936519916594,FALSE,-7,-4.289717690021265
range,speed,643565,Mike Tauchman,-7.856516270905034,7.856516270905034,1.5863406966257905,0.17515979944713006,0.0890648419570219,TRUE,0,-9.524894962247267
range,speed,656775,Cedric Mullins,5.152751879756346,-2.152751879756346,-0.4020676897572345,0.0359660517974852,0.001005188557778451,FALSE,3,5.233066463862851
range,speed,657656,Ramón Laureano,-1.8475845093629468,-6.152415490637053,-1.1722555622251634,0.07370476017444778,0.018223821754325024,FALSE,-8,-1.3580404755229718
range,speed,660670,Ronald Acuña Jr.,-1.2643282827877993,-8.7356717172122,-1.6423357868670934,0.048581876685015624,0.02295490658313507,FALSE,-10,-0.8182622307268187
range,speed,660821,Jesús Sánchez,-2.5600097552899457,1.5600097552899457,0.2932762331425193,0.04851135079899768,7.308735491170475e-4,FALSE,-1,-2.639546364110528
range,speed,662139,Daulton Varsho,3.8076440098347284,4.192355990165272,0.7949700184921272,0.064771939044286,0.00729490463780925,FALSE,8,3.517290204187113
range,speed,663457,Lars Nootbaar,-2.45848407999902,1.4584840799990202,0.27400981071536845,0.04726113203034699,6.207421153295675e-4,FALSE,-1,-2.5308329795625286
range,speed,663656,Kyle Tucker,-3.504889754349578,1.5048897543495776,0.28486752988748726,0.06151746737291342,8.865574894611113e-4,FALSE,-2,-3.6035351773004654
range,speed,663757,Trent Grisham,1.9063141077571313,-2.9063141077571313,-0.558923684462321,0.09075107548606674,0.005196641541426812,FALSE,-1,2.1963899317349247
range,speed,663968,Jake Mangum,0.6633614061616955,4.3366385938383045,0.8273457022525686,0.07607833072806036,0.00939395773930996,FALSE,5,0.30627028451920946
range,speed,664023,Ian Happ,-1.2693890507882348,1.2693890507882348,0.23908315790664295,0.052030747113972514,5.228926380887336e-4,FALSE,0,-1.3390614167323063
range,speed,664056,Harrison Bader,0.5097356821921046,5.490264317807895,1.0507497340454925,0.08189859629971646,0.01641470695933615,FALSE,6,0.01998047745038603
range,speed,664702,Myles Straw,6.2103245186634,2.7896754813365994,0.5256118842018069,0.05271700545035663,0.002562418690500391,FALSE,9,6.0550769966446305
range,speed,664728,Kyle Isbel,3.8589135311159044,7.141086468884096,1.3397471786710211,0.044599192831467266,0.013964836226735632,FALSE,11,3.525559518786956
range,speed,664770,Nathan Lukes,-3.027116918934195,5.027116918934195,0.9620496309974474,0.08178213157415722,0.01373904007529067,FALSE,2,-3.474862874921506
range,speed,665487,Fernando Tatis Jr.,1.5054978369242082,5.494502163075792,1.044880478206588,0.07012153617119928,0.013721677638327849,FALSE,7,1.0911609669375286
range,speed,665742,Juan Soto,-3.941276475851251,-7.058723524148749,-1.3782728775361153,0.11796738121898662,0.04234444663343586,FALSE,-11,-2.9972080693523075
range,speed,665750,Leody Taveras,-1.2218071983490186,0.22180719834901858,0.04278062836233487,0.09601822120390273,3.239940595774015e-5,FALSE,-1,-1.2453668907402076
range,speed,665833,Oneil Cruz,6.75719960314519,-6.75719960314519,-1.2634656596700236,0.0381456061411783,0.010551417843388318,FALSE,0,7.025179326817092
range,speed,666134,Nolan Jones,-1.5749704896276127,-3.4250295103723873,-0.642036850640761,0.043001082462114745,0.0030869998099036927,FALSE,-5,-1.4210727435469872
range,speed,666139,Josh Lowe,-0.6658553561106451,-3.334144643889355,-0.6260073167194358,0.04607819198131624,0.003154933579169786,FALSE,-4,-0.5048029976225635
range,speed,666160,Mickey Moniak,-0.6671141218151382,-6.332885878184862,-1.2025953675930132,0.06746102263889653,0.017437078797088654,FALSE,-7,-0.2089853272346407
range,speed,666176,Jo Adell,-0.9028358386689934,-10.097164161331007,-1.9513472134153218,0.09960629153836319,0.07020566770398025,TRUE,-11,0.21416561048885
range,speed,666181,Will Benson,0.12346483202969244,-0.12346483202969244,-0.02374796488084143,0.09105738318161098,9.416299092689191e-6,FALSE,0,0.13583347259243417
range,speed,666185,Dylan Carlson,-2.6868333014060584,0.6868333014060582,0.1314541254406685,0.08196979607006612,2.5715446801142806e-4,FALSE,-2,-2.7481598083220447
range,speed,666969,Adolis García,-2.177063999845335,3.177063999845335,0.5984862026296962,0.05235349760817987,0.0032980434440419907,FALSE,1,-2.3525834705521156
range,speed,666971,Lourdes Gurriel Jr.,-2.575341296266546,-0.42465870373345416,-0.07970901379167725,0.04551763151231071,5.049813819842297e-5,FALSE,-3,-2.555090049063671
range,speed,667472,Dane Myers,4.337138482624885,-3.3371384826248853,-0.6254446677357859,0.042644157037966444,0.002904107443179096,FALSE,1,4.485786927773762
range,speed,668227,Randy Arozarena,-0.3141069503867575,-3.6858930496132425,-0.6994203567354614,0.06607576611278546,0.005768406383351657,FALSE,-4,-0.05332754427875976
range,speed,668709,JJ Bleday,1.6177095704003346,-8.617709570400335,-1.6461659637084887,0.07840694371162371,0.03842477357563961,FALSE,-7,2.350883789323774
range,speed,668804,Bryan Reynolds,-0.27418646272879954,-1.7258135372712005,-0.32364261812753875,0.04377729072257828,7.992267076060897e-4,FALSE,-2,-0.19517616500100154
range,speed,669016,Brandon Marsh,4.6572448128299895,-4.6572448128299895,-0.8696002056731633,0.03545700735029513,0.004633066185572353,FALSE,0,4.828447097040247
range,speed,669065,Kyle Stowers,-2.966137875854669,0.9661378758546689,0.18192891289583893,0.05163069273932918,3.003188971325607e-4,FALSE,-2,-3.0187359169660866
range,speed,669326,Bryce Teodosio,6.452991913775625,2.5470080862243756,0.4943625069547777,0.10736827463868447,0.0048994063133617595,FALSE,9,6.146630560107622
range,speed,669743,Alex Call,-2.6422623754450445,2.6422623754450445,0.5038423646723331,0.07516290534463285,0.0034385586078093146,FALSE,0,-2.8570030232510115
range,speed,670242,Matt Wallner,-3.8092287720848157,0.8092287720848158,0.15390895854569486,0.07035410703835249,2.9877788504995467e-4,FALSE,-3,-3.8704699049514293
range,speed,670770,TJ Friedl,2.3302586115067454,-1.3302586115067456,-0.25774204152881997,0.10421383176117466,0.0012880724462417392,FALSE,1,2.48501803072279
range,speed,671218,Heliot Ramos,-0.915196818445076,-7.084803181554924,-1.3379323231029467,0.05704707866270481,0.0180493032093498,FALSE,-8,-0.4865780451613064
range,speed,671732,Lawrence Butler,-2.0846315698020694,6.084631569802069,1.1522788157978172,0.06231678905589636,0.014706618696599639,FALSE,4,-2.489005560498179
range,speed,671739,Michael Harris II,6.224858364333934,0.7751416356660662,0.1469921911141228,0.06486066497169778,2.4977119325291067e-4,FALSE,7,6.171095037251732
range,speed,672016,Denzel Clarke,5.588397615829975,6.411602384170025,1.2400766426209129,0.10104318106337674,0.02880805806884372,FALSE,12,4.8677304080586214
range,speed,672744,Alexander Canario,-2.4310639410897026,0.4310639410897025,0.0826158183720649,0.08449716290307047,1.049923365446951e-4,FALSE,-2,-2.4708493776563296
range,speed,672761,Wenceel Pérez,-1.367294142538587,3.367294142538587,0.6321933453061148,0.04596349600077927,0.0032091990219378333,FALSE,2,-1.5295233761216034
range,speed,673357,Luis Robert Jr.,5.842076769346416,0.15792323065358368,0.02950319138961386,0.03648879629313762,5.494010824076252e-6,FALSE,6,5.8360961138323875
range,speed,676694,Jake Meyers,4.173077825222034,3.8269221747779665,0.7160052842340829,0.03934039720611879,0.0034990521620494822,FALSE,8,4.016359838960492
range,speed,677594,Julio Rodríguez,7.660044379649001,2.3399556203509992,0.4447550926381135,0.0691577129876901,0.0024493741342121646,FALSE,10,7.486195402809342
range,speed,677800,Wilyer Abreu,-1.691860537986562,8.691860537986562,1.6306878633337305,0.04459712574009623,0.020687630633316932,FALSE,7,-2.0975867585908805
range,speed,677950,Alek Thomas,4.993085623413533,-4.993085623413533,-0.9332657512317241,0.0374349412148862,0.005645552746407593,FALSE,0,5.187270800911322
range,speed,678009,Parker Meadows,4.801406413434295,-0.8014064134342952,-0.15304296721460067,0.07789241312255119,3.297532369472319e-4,FALSE,4,4.869102938571542
range,speed,678882,Ceddanne Rafaela,6.8330580711077165,12.166941928892284,2.2797011844526613,0.042123004687438216,0.03809028292776111,FALSE,19,6.298012178565655
range,speed,680757,Steven Kwan,-1.3278669070591231,6.327866907059123,1.1949570391859667,0.056997571921633065,0.014384569792333095,FALSE,5,-1.7103399934546664
range,speed,680776,Jarren Duran,2.344292828368575,-5.344292828368575,-1.0298031343717533,0.09431996028602241,0.018407125827890173,FALSE,-3,2.9008618872249405
range,speed,681297,Colton Cowser,-3.198929904206308,3.198929904206308,0.6113012485605125,0.079123045773259,0.005351317358547856,FALSE,0,-3.473786470085416
range,speed,681460,Brooks Baldwin,-1.343996793653143,-3.656003206346857,-0.6995854256967613,0.08159476261576523,0.007246998774147451,FALSE,-5,-1.0191829733465607
range,speed,681624,Andy Pages,5.345434731894987,4.654565268105013,0.8827738591684564,0.06510670944606488,0.00904505852903756,FALSE,10,5.0212871189319115
range,speed,682657,Angel Martínez,3.1209032295344112,-8.120903229534411,-1.52792227925967,0.05003224072888397,0.020492378278714914,FALSE,-5,3.5486093083468
range,speed,682985,Riley Greene,-3.0151187766688636,4.015118776668864,0.756474077808175,0.05264791376531703,0.005300375054847389,FALSE,1,-3.2382540082085356
range,speed,682998,Corbin Carroll,3.7128457201416554,5.287154279858345,1.0275521243222303,0.10969468436466788,0.021682187161484432,FALSE,9,3.0614144529897924
range,speed,686217,Sal Frelick,1.8196292989389153,4.180370701061085,0.7941325922806322,0.06814943654702381,0.007686892149941146,FALSE,6,1.513904412344067
range,speed,686555,Isaac Collins,-1.7054474513757203,4.70544745137572,0.8850605168284083,0.04948572402945618,0.0067969796310834935,FALSE,3,-1.9504227030899937
range,speed,686611,Dylan Crews,0.7781194613244928,1.2218805386755072,0.23300905518076553,0.07527069634662409,7.365558123905891e-4,FALSE,2,0.6786613835550099
range,speed,686668,Brenton Doyle,7.438575172317492,-2.4385751723174924,-0.45746742773292737,0.04444725630349851,0.00162240545395677,FALSE,5,7.552004782995043
range,speed,687363,Victor Scott II,8.920866132493629,6.079133867506372,1.1542882355975612,0.06726645143448577,0.016014677900408867,FALSE,15,8.482453936758576
range,speed,687597,Jordan Beck,1.0496478301172405,-3.0496478301172405,-0.578688571579275,0.0660743742934782,0.003948747173333226,FALSE,-2,1.2654075936830176
range,speed,691016,Tyler Soderstrom,-2.3336118791308893,6.333611879130889,1.191183904037442,0.049290173503533916,0.012260798255500832,FALSE,4,-2.6619821344135928
range,speed,691023,Jordan Walker,0.6244937373549,-4.6244937373549,-0.8727819784154924,0.055896574340184524,0.007516677357084513,FALSE,-4,0.8982914495018579
range,speed,691176,Jasson Domínguez,0.09097497081512707,-8.090974970815127,-1.543110383716598,0.07549247473863235,0.03240678506607533,FALSE,-8,0.7516593967450107
range,speed,691718,Pete Crow-Armstrong,8.135553893502554,13.864446106497446,2.6328374389754745,0.06747672478442862,0.08359708879469084,TRUE,22,7.132332377127636
range,speed,694192,Jackson Chourio,6.959576403289041,-3.9595764032890406,-0.7416801771468035,0.041555799526614985,0.003975089413349494,FALSE,3,7.131253964845692
range,speed,694671,Wyatt Langford,1.4562117221752207,7.543788277824779,1.4370350242861933,0.0732832806763546,0.027217069400234484,FALSE,9,0.8596609724161065
range,speed,695578,James Wood,-1.004946642924339,-4.995053357075661,-0.937370261115807,0.04509395228478397,0.006915582215462734,FALSE,-6,-0.7690630203597186
range,speed,695734,Daylen Lile,0.7476213106355916,-7.747621310635592,-1.4877969324462539,0.08808958731821281,0.03563760157580043,FALSE,-7,1.4960333853969696
range,speed,696285,Jacob Young,6.5400263005994645,6.4599736994005355,1.2084708744429444,0.039069791321283465,0.009896243449038672,FALSE,13,6.277374734338897
range,speed,701358,Cam Smith,2.3414042759512395,-1.3414042759512395,-0.2560358194660487,0.0769597475521282,9.10947185917411e-4,FALSE,1,2.4532456980005657
range,speed,701538,Jackson Merrill,5.189421891184153,-3.189421891184154,-0.5950753290860404,0.03398743994395675,0.0020764827162701553,FALSE,2,5.30163604808526
range,speed,802415,Chandler Simpson,1.5131592017054656,-6.513159201705466,-1.2508572963373739,0.08826090456827478,0.025244227089998374,FALSE,-5,2.1436655884777776
range,speed,808982,Jung Hoo Lee,5.302724188093947,-10.302724188093947,-1.940889311176097,0.05244302444494495,0.0347482296516567,FALSE,-5,5.872933716791939
range,jump,502054,Tommy Pham,-0.5775070392338737,-1.4224929607661263,-0.38127640334175256,0.04651396029833206,0.0011819458637118893,FALSE,-2,-0.5081134893058308
range,jump,572191,Michael A. Taylor,2.6115964688544975,0.38840353114550247,0.1057686611477911,0.07626740465626305,1.5394141091892174e-4,FALSE,3,2.579528173950634
range,jump,573262,Mike Yastrzemski,3.541104112779286,-5.541104112779286,-1.4927283704416832,0.05610216515282484,0.022073182602156145,FALSE,-2,3.8704490128176148
range,jump,592206,Nick Castellanos,-6.654383410318305,-4.345616589681695,-1.1822739680336618,0.07453392904917122,0.01876197349459401,FALSE,-11,-6.304402045536919
range,jump,592450,Aaron Judge,-1.947573673124646,5.947573673124646,1.5934880935210658,0.0457196997656104,0.020275604278734736,FALSE,4,-2.232522741655472
range,jump,595777,Jurickson Profar,-6.271099257222738,0.27109925722273814,0.07367892074135074,0.0726064150903836,7.083471773641774e-5,FALSE,-6,-6.292323843548219
range,jump,596146,Max Kepler,-2.7412072341533458,2.7412072341533458,0.7338799619713499,0.04428671656619396,0.004159533914193046,FALSE,0,-2.8682318030616822
range,jump,606192,Teoscar Hernández,-0.8230292896487326,-7.176970710351267,-1.9217885903587597,0.04464436461376529,0.0287648125068784,FALSE,-8,-0.48764497270198726
range,jump,607043,Brandon Nimmo,-0.1811922013333669,-0.8188077986666331,-0.22025077461119308,0.053276853816630505,4.5498723638239615e-4,FALSE,-1,-0.1351137848825344
range,jump,621438,Tyrone Taylor,0.2774726858178562,2.7225273141821438,0.7318840988524655,0.05211901493070591,0.004908804775981642,FALSE,3,0.12777515630497133
range,jump,621439,Byron Buxton,1.0478617050346921,0.952138294965308,0.2550961538069284,0.04569722274966129,5.193500643033451e-4,FALSE,2,1.0022681295042106
range,jump,621493,Taylor Ward,-0.04031271941815439,0.04031271941815439,0.010868000641527233,0.057505500740585,1.2010985030526996e-6,FALSE,0,-0.04277236572715527
range,jump,624424,Michael Conforto,-7.408088042218531,0.40808804221853084,0.11034041430042449,0.06301538210302952,1.3646839469961974e-4,FALSE,-7,-7.435533342195594
range,jump,641355,Cody Bellinger,5.251925835001279,0.7480741649987214,0.208626631958507,0.11926802749192104,9.823551306805413e-4,FALSE,6,5.1506222229353
range,jump,643217,Andrew Benintendi,-9.592072234251136,2.5920722342511353,0.7195135523253885,0.11098275290635701,0.010771396513303623,FALSE,-7,-9.915660233505127
range,jump,643565,Mike Tauchman,-3.269205850801318,3.269205850801318,0.88735080943054,0.07020377474626534,0.009908596300133061,FALSE,0,-3.516045518370624
range,jump,656775,Cedric Mullins,1.3159240525678055,1.6840759474321945,0.45150992076093205,0.04702239431396819,0.001676507065215838,FALSE,3,1.2328273640597682
range,jump,657656,Ramón Laureano,-0.35904316784293844,-7.640956832157062,-2.0737592498805113,0.07002181064458417,0.05396671654668161,TRUE,-8,0.21627530582533885
range,jump,660670,Ronald Acuña Jr.,-8.788472785839268,-1.2115272141607314,-0.3305859089082729,0.07999197555950306,0.0015836975065947967,FALSE,-10,-8.683134079295103
range,jump,660821,Jesús Sánchez,2.01215732618585,-3.01215732618585,-0.8078874129202035,0.04775749561113167,0.005455623793866643,FALSE,-1,2.163225031757006
range,jump,662139,Daulton Varsho,10.90279918515654,-2.9027991851565407,-0.7964011497887054,0.08995226810869388,0.010448656527296846,FALSE,8,11.18972190516183
range,jump,663457,Lars Nootbaar,-5.017858866018659,4.017858866018659,1.080045027592021,0.05201912789818927,0.010668318322866353,FALSE,-1,-5.238333266272012
range,jump,663656,Kyle Tucker,-2.881161168145765,0.8811611681457648,0.2358551977521081,0.04387705593225666,4.254645618675591e-4,FALSE,-2,-2.9215981831760467
range,jump,663757,Trent Grisham,2.685403092271101,-3.685403092271101,-0.9866902295099671,0.044342484110493526,0.007528841328338116,FALSE,-1,2.856405700781628
range,jump,663968,Jake Mangum,0.39462295085604726,4.605377049143953,1.2493909600397652,0.06926164884975554,0.019360237691161467,FALSE,5,0.0519100846629552
range,jump,664023,Ian Happ,-0.20858543392799306,0.20858543392799306,0.05608567195949183,0.05254619826020256,2.907608045885828e-5,FALSE,0,-0.22015367244816667
range,jump,664056,Harrison Bader,2.944319873946055,3.055680126053945,0.8365701371390185,0.08608667959172005,0.01098713383535641,FALSE,6,2.6564880302993563
range,jump,664702,Myles Straw,5.49746201679995,3.502537983200049,0.9387326803433785,0.04637906635264173,0.00714297039209946,FALSE,9,5.327117138878518
range,jump,664728,Kyle Isbel,8.812656310429182,2.1873436895708185,0.5843373285889594,0.04015581773668399,0.002380804575810957,FALSE,11,8.721147109093215
range,jump,664770,Nathan Lukes,0.3241832098984416,1.6758167901015584,0.4544600948376151,0.06855866169910757,0.002533652689851291,FALSE,2,0.20083485540964452
range,jump,665487,Fernando Tatis Jr.,2.0793098555900844,4.920690144409916,1.330588608436239,0.0631752019720623,0.019898695787213493,FALSE,7,1.7474809006249503
range,jump,665742,Juan Soto,-3.832267303392314,-7.167732696607686,-1.9535083036453396,0.07779595644726328,0.053654885843082346,TRUE,-11,-3.22760651862421
range,jump,665750,Leody Taveras,-3.669437107808529,2.669437107808529,0.7342260225808002,0.09453058693730325,0.009380086974290627,FALSE,-1,-3.948125104280792
range,jump,665833,Oneil Cruz,0.43116174930882994,-0.43116174930882994,-0.11591456480514599,0.052239999134137946,1.234325078450359e-4,FALSE,0,0.454927142857817
range,jump,666134,Nolan Jones,-5.538917879504003,0.5389178795040027,0.14500285274886218,0.05379326526666287,1.9922494457201315e-4,FALSE,-5,-5.569556165393268
range,jump,666139,Josh Lowe,-3.313582911246626,-0.6864170887533739,-0.18396330293771093,0.046308920447512864,2.7388489608832535e-4,FALSE,-4,-3.2802521660625463
range,jump,666160,Mickey Moniak,-4.121151560577925,-2.878848439422075,-0.7826348283806279,0.07314199558378284,0.008056022889502239,FALSE,-7,-3.893970353921342
range,jump,666176,Jo Adell,-10.620965817942068,-0.3790341820579318,-0.10868808670565552,0.16691980411196472,3.9448790558466515e-4,FALSE,-11,-10.545020774796
range,jump,666181,Will Benson,-5.918695507079216,5.918695507079216,1.623017465382759,0.08903948659872787,0.04291194811308483,FALSE,0,-6.4972031388939815
range,jump,666185,Dylan Carlson,-3.418302706148758,1.4183027061487576,0.3873926296069991,0.08181731431646323,0.0022287819280919024,FALSE,-2,-3.5446846561835446
range,jump,666969,Adolis García,4.485544529905117,-3.485544529905117,-0.9421546970683643,0.062457899201307794,0.009855752259708835,FALSE,1,4.717747210430104
range,jump,666971,Lourdes Gurriel Jr.,-1.5791340983807811,-1.4208659016192189,-0.3803138141844756,0.0438722431145695,0.0011061317655204986,FALSE,-3,-1.5139371894738582
range,jump,667472,Dane Myers,6.824872877875787,-5.824872877875787,-1.5589945953087032,0.04373639359456566,0.018526923589408197,FALSE,1,7.091283657412526
range,jump,668227,Randy Arozarena,-4.7790551155372425,0.7790551155372428,0.2120173901327073,0.07511583856717574,6.084654115665243e-4,FALSE,-4,-4.842327231910142
range,jump,668709,JJ Bleday,2.9175281669227218,-9.917528166922722,-2.658715172717272,0.04685889222486245,0.05791981879275212,TRUE,-7,3.405099608045062
range,jump,668804,Bryan Reynolds,-3.7502701956363818,1.7502701956363818,0.46909604019198814,0.046368464025672525,0.00178325885380866,FALSE,-2,-3.8353736528313602
range,jump,669016,Brandon Marsh,2.738141602975334,-2.738141602975334,-0.7306496301912224,0.037972662128013805,0.0035119693639524482,FALSE,0,2.846220159431362
range,jump,669065,Kyle Stowers,-3.477354712626901,1.477354712626901,0.3968906265504465,0.050878475342677976,0.0014073518872895407,FALSE,-2,-3.5565495821626176
range,jump,669326,Bryce Teodosio,11.9391113024075,-2.9391113024075013,-0.8232904995893703,0.1269888282812005,0.016432387665644678,FALSE,9,12.366636530688293
range,jump,669743,Alex Call,3.713456678385456,-3.713456678385456,-1.0181262308430592,0.08872928573537957,0.016821765519843837,FALSE,0,4.075031294495347
range,jump,670242,Matt Wallner,-6.820438538024261,3.820438538024261,1.0390101497901467,0.07385113729732014,0.014347119636743602,FALSE,-3,-7.1250804183632965
range,jump,670770,TJ Friedl,-0.0509722202757279,1.050972220275728,0.28627322444562303,0.07675926651948119,0.0011356017885162052,FALSE,1,-0.13835122537723632
range,jump,671218,Heliot Ramos,-1.7892924014901341,-6.210707598509866,-1.6742716061773484,0.05740683738017199,0.028453776141506557,FALSE,-8,-1.4110411099864926
range,jump,671732,Lawrence Butler,-2.1924170343380567,6.192417034338057,1.6675185613399743,0.05534553200026042,0.027151866308104913,FALSE,4,-2.555219124141973
range,jump,671739,Michael Harris II,6.088112249722595,0.9118877502774049,0.24675991898595245,0.06453516032284874,7.001110175098359e-4,FALSE,7,6.025203608302247
range,jump,672016,Denzel Clarke,8.661719646116833,3.3382803538831665,0.9241220367156397,0.10611653601460516,0.016896998451854776,FALSE,12,8.265418828759417
range,jump,672744,Alexander Canario,-1.1075567105314779,-0.8924432894685222,-0.24408055849591678,0.08422491611147143,9.13202076283496e-4,FALSE,-2,-1.0254776471106166
range,jump,672761,Wenceel Pérez,2.1255522804924674,-0.1255522804924675,-0.03378893807542901,0.05421141401025905,1.090672849275337e-5,FALSE,2,2.132748779539435
range,jump,673357,Luis Robert Jr.,3.3607115371143292,2.6392884628856708,0.7040607895112484,0.03739670177029746,0.0032096303779559844,FALSE,6,3.2581763767696272
range,jump,676694,Jake Meyers,4.465063218491078,3.534936781508922,0.9424999674046826,0.036404954662797674,0.005593419261479223,FALSE,8,4.331512082161134
range,jump,677594,Julio Rodríguez,4.9475623681315195,5.0524376318684805,1.3693917644022355,0.06751803178807896,0.022629945302356094,FALSE,10,4.5817315464482675
range,jump,677800,Wilyer Abreu,4.2575024065144484,2.7424975934855516,0.7422093211677548,0.06473723324322675,0.006355095003477289,FALSE,7,4.067671577480028
range,jump,677950,Alek Thomas,1.6548696584193006,-1.6548696584193006,-0.4434403672876757,0.045994058523169366,0.0015800464490909854,FALSE,0,1.734653408822077
range,jump,678009,Parker Meadows,5.4054077266468825,-1.4054077266468827,-0.38298552144091763,0.07756896761360717,0.0020557370727485574,FALSE,4,5.523591116629062
range,jump,678882,Ceddanne Rafaela,18.261417317990407,0.7385826820095931,0.2076380076365764,0.1332806793122481,0.0011049717513029582,FALSE,19,18.147840985679753
range,jump,680757,Steven Kwan,2.287746871069064,2.712253128930936,0.7335193125675797,0.06344933692789452,0.006075299145029539,FALSE,5,2.1039974281432783
range,jump,680776,Jarren Duran,3.2135990232199774,-6.213599023219977,-1.6856453063569734,0.06921794900868189,0.03521696028723582,FALSE,-3,3.6756755962389502
range,jump,681297,Colton Cowser,-4.47432859510148,4.47432859510148,1.2167554557452858,0.07371828730350574,0.019637558906186778,FALSE,0,-4.830418795677491
range,jump,681460,Brooks Baldwin,-3.3544149329703457,-1.6455850670296541,-0.44951628800500404,0.08199773432081846,0.003008137714930217,FALSE,-5,-3.2074280984348413
range,jump,681624,Andy Pages,10.093733451588669,-0.0937334515886682,-0.025415390551575826,0.06827105627017872,7.88840792080577e-6,FALSE,10,10.10060163121416
range,jump,682657,Angel Martínez,-0.5485898333097792,-4.451410166690221,-1.1996840293523419,0.05690505886056867,0.014473646657036958,FALSE,-5,-0.27999783212483464
range,jump,682985,Riley Greene,1.7516221760028372,-0.7516221760028372,-0.20199597904305008,0.05156479815062364,3.6972588378141985e-4,FALSE,1,1.7924865868930528
range,jump,682998,Corbin Carroll,3.302482952325809,5.697517047674191,1.5387015842450258,0.0608036240707046,0.025546452978737935,FALSE,9,2.9336253911363976
range,jump,686217,Sal Frelick,1.7535260536611545,4.2464739463388455,1.1419941905083661,0.05284058222376635,0.012126097368692688,FALSE,6,1.5166217358543186
range,jump,686555,Isaac Collins,9.135755219265178,-6.135755219265178,-1.720321694066289,0.1286138312609015,0.07280229917595456,TRUE,3,10.041373204424001
range,jump,686611,Dylan Crews,3.571249744552532,-1.571249744552532,-0.42674048422559224,0.07134010158616856,0.0023315969161510452,FALSE,2,3.6919539082459103
range,jump,686668,Brenton Doyle,4.021084108591891,0.9789158914081092,0.2611886568138265,0.03777623951966842,4.463751612938493e-4,FALSE,5,3.9826525475535486
range,jump,687363,Victor Scott II,7.313150710915393,7.686849289084607,2.051513152905498,0.03829457842507856,0.027931392618062323,FALSE,15,7.007064620165743
range,jump,687597,Jordan Beck,-2.0060380854153146,0.0060380854153146086,0.0016176900082137975,0.04566282436993875,2.0868934893605812e-8,FALSE,-2,-2.006326993823047
range,jump,691016,Tyler Soderstrom,0.9337385171061832,3.066261482893817,0.8257347438195022,0.05543640830458675,0.006669507261204629,FALSE,4,0.7537797244649971
range,jump,691023,Jordan Walker,-4.098555581482326,0.09855558148232524,0.026432566265675222,0.047691340789988185,5.831619881313255e-6,FALSE,-4,-4.103491216350045
range,jump,691176,Jasson Domínguez,-6.585051807311433,-1.4149481926885674,-0.3831314412988097,0.06571487561773079,0.0017207928486214447,FALSE,-8,-6.485528501137056
range,jump,691718,Pete Crow-Armstrong,15.898229152038354,6.101770847961646,1.6963034881227845,0.11366352818047988,0.06150046112714228,TRUE,22,15.115739855051215
range,jump,694192,Jackson Chourio,6.789835597424926,-3.789835597424926,-1.011608165004811,0.038586905861582164,0.006845470833321032,FALSE,3,6.94194298011016
range,jump,694671,Wyatt Langford,4.421562361548119,4.578437638451881,1.2405773814552046,0.06700174342470828,0.018420513739522804,FALSE,9,4.092769352798455
range,jump,695578,James Wood,-6.071872213522994,0.07187221352299406,0.019354927988491335,0.05543279139184106,3.6640867998186627e-6,FALSE,-6,-6.076090100172859
range,jump,695734,Daylen Lile,-3.1126730931177478,-3.8873269068822522,-1.051236572152807,0.0633115841896464,0.012449092785582318,FALSE,-7,-2.8499252886358963
range,jump,696285,Jacob Young,8.721136832650863,4.278863167349137,1.1438035541619087,0.04137697294350268,0.009411578987536513,FALSE,13,8.536448586586102
range,jump,701358,Cam Smith,2.894519452613005,-1.8945194526130051,-0.5093394875873924,0.0522858018842262,0.002385447317795332,FALSE,1,2.999040909569201
range,jump,701538,Jackson Merrill,2.882934403832637,-0.882934403832637,-0.23560847559602496,0.038013441684787576,3.6559374474302663e-4,FALSE,2,2.9178240550252346
range,jump,802415,Chandler Simpson,1.385488382912209,-6.385488382912209,-1.7335133177590347,0.0705461801465834,0.03801445784300746,FALSE,-5,1.870151315230761
range,jump,808982,Jung Hoo Lee,1.644199326342525,-6.644199326342525,-1.7961566197319032,0.06267361433405574,0.03595266220401671,FALSE,-5,2.0884586499952293
range,speed_and_jump,502054,Tommy Pham,-0.8451111016030051,-1.154888898396995,-0.3133183116902165,0.04821466479796265,7.104175115065319e-4,FALSE,-2,-0.7866078035843761
range,speed_and_jump,572191,Michael A. Taylor,2.0130928080233894,0.9869071919766107,0.2730406529644585,0.08477441731726208,9.864912783495157e-4,FALSE,3,1.9216787525936927
range,speed_and_jump,573262,Mike Yastrzemski,2.699083676358116,-4.699083676358116,-1.291737760412012,0.07294009599142187,0.0187546603283051,FALSE,-2,3.068802626496329
range,speed_and_jump,592206,Nick Castellanos,-6.377147119913053,-4.622852880086947,-1.2731325145784134,0.07635926839380267,0.019142905771564432,FALSE,-11,-5.994966417247667
range,speed_and_jump,592450,Aaron Judge,-2.4086157124354477,6.408615712435448,1.7409771280141553,0.0507677598096559,0.023158136578431184,FALSE,4,-2.7513675169212157
range,speed_and_jump,595777,Jurickson Profar,-7.0026288577714615,1.0026288577714615,0.27747225736029824,0.08531529467907434,0.0010258800225540902,FALSE,-6,-7.096146958551879
range,speed_and_jump,596146,Max Kepler,-3.0553637945356864,3.0553637945356864,0.8282232140344875,0.046630598456073404,0.00479299016904806,FALSE,0,-3.204805807263885
range,speed_and_jump,606192,Teoscar Hernández,-0.5218978903553815,-7.4781021096446185,-2.027281117392697,0.04679791749890769,0.028825142004287135,FALSE,-8,-0.15475684859715502
range,speed_and_jump,607043,Brandon Nimmo,-0.3481970357133547,-0.6518029642866453,-0.17736661947704283,0.05393922517219694,2.562308425023966e-4,FALSE,-1,-0.3110347858938708
range,speed_and_jump,621438,Tyrone Taylor,0.9776636891746135,2.0223363108253865,0.5531913730902698,0.0637623262390233,0.0029773562165763194,FALSE,3,0.8399327782854275
range,speed_and_jump,621439,Byron Buxton,2.434015763097896,-0.4340157630978961,-0.12050837255836484,0.09132890274931892,2.0851530057683826e-4,FALSE,2,2.4776379092623046
range,speed_and_jump,621493,Taylor Ward,-0.20803867226318257,0.20803867226318257,0.05673796043470265,0.058173604618176444,2.8405635989557778e-5,FALSE,0,-0.22088855577130398
range,speed_and_jump,624424,Michael Conforto,-8.281751077004447,1.2817510770044471,0.3539115288168924,0.0811426093206991,0.0015801278833176466,FALSE,-7,-8.394940161559637
range,speed_and_jump,641355,Cody Bellinger,4.902790636940884,1.097209363059116,0.3099542652275439,0.12216290855710743,0.0019099527829278787,FALSE,6,4.750099108644811
range,speed_and_jump,643217,Andrew Benintendi,-9.871486792667243,2.871486792667243,0.8069008277813741,0.1128368886144251,0.011830140674704314,FALSE,-7,-10.236706706822542
range,speed_and_jump,643565,Mike Tauchman,-5.4153885217377065,5.4153885217377065,1.5824506276639039,0.1795935738158525,0.07831122852923868,TRUE,0,-6.600860681852059
range,speed_and_jump,656775,Cedric Mullins,1.2962884617387702,1.7037115382612298,0.46192543780289685,0.04703155085411709,0.0015043763441286678,FALSE,3,1.2122057243466795
range,speed_and_jump,657656,Ramón Laureano,-0.794713171470451,-7.205286828529549,-1.9823716182286313,0.07452954978107577,0.045210368169139974,TRUE,-8,-0.21446041110754915
range,speed_and_jump,660670,Ronald Acuña Jr.,-8.30735939315997,-1.6926406068400297,-0.4684738959249948,0.08548913520559952,0.002930858200393322,FALSE,-10,-8.149130128464288
range,speed_and_jump,660821,Jesús Sánchez,1.3051955815202625,-2.3051955815202625,-0.6291769380106004,0.0596270737642849,0.0035858401904048484,FALSE,-1,1.4513631956078243
range,speed_and_jump,662139,Daulton Varsho,10.366603085327522,-2.3666030853275233,-0.659088574684822,0.09678022480670569,0.006649403925426539,FALSE,8,10.620185197806427
range,speed_and_jump,663457,Lars Nootbaar,-5.209641047084153,4.209641047084153,1.1448814826594877,0.052892621973440926,0.010457283901252678,FALSE,-1,-5.444734720423751
range,speed_and_jump,663656,Kyle Tucker,-3.7440520221155498,1.7440520221155498,0.47650916819372513,0.06156002504843507,0.0021278292307714123,FALSE,-2,-3.858458791896153
range,speed_and_jump,663757,Trent Grisham,1.2831539462140564,-2.2831539462140564,-0.6338374365235736,0.0910400050192112,0.005748376911871006,FALSE,-1,1.5118310583760213
range,speed_and_jump,663968,Jake Mangum,0.9324897382766419,4.067510261723358,1.1200536418035425,0.0761322211288165,0.014768564515300854,FALSE,5,0.5973026067721555
range,speed_and_jump,664023,Ian Happ,-0.29742685523412343,0.29742685523412343,0.08088336264579127,0.052733643515821924,5.202786715058583e-5,FALSE,0,-0.31398439646694626
range,speed_and_jump,664056,Harrison Bader,3.148949706317697,2.851050293682303,0.7897758709139097,0.08708112593192198,0.008499659576803613,FALSE,6,2.876994906483125
range,speed_and_jump,664702,Myles Straw,6.0152125747876655,2.9847874252123345,0.8116991747087551,0.052745329822052094,0.005240942875035887,FALSE,9,5.849012710962277
range,speed_and_jump,664728,Kyle Isbel,7.96664770382999,3.0333522961700106,0.8268323523849362,0.05715362964782765,0.005920246170793038,FALSE,11,7.782771412656555
range,speed_and_jump,664770,Nathan Lukes,-0.5420069641502558,2.542006964150256,0.7038957231616271,0.08637711333107079,0.006691913655301216,FALSE,2,-0.7823372216718634
range,speed_and_jump,665487,Fernando Tatis Jr.,2.657282475505916,4.342717524494084,1.192598284924707,0.07110857704514917,0.015554188440185955,FALSE,7,2.3248383856536408
range,speed_and_jump,665742,Juan Soto,-5.150335849729964,-5.849664150270036,-1.649573295826052,0.11905502787862997,0.052534445739458736,TRUE,-11,-4.359784849916694
range,speed_and_jump,665750,Leody Taveras,-3.2341163373295276,2.2341163373295276,0.6229683179602348,0.0990311021613938,0.006093905208728224,FALSE,-1,-3.479681976469
range,speed_and_jump,665833,Oneil Cruz,1.0771475157109953,-1.0771475157109953,-0.2943904050519352,0.06215035739559019,8.204642745968832e-4,FALSE,0,1.1485290037747975
range,speed_and_jump,666134,Nolan Jones,-5.431530766363128,0.43153076636312776,0.1174347650884149,0.05406713736662864,1.1260777807701646e-4,FALSE,-5,-5.456195976912989
range,speed_and_jump,666139,Josh Lowe,-2.925889202637382,-1.0741107973626178,-0.2916584694194607,0.04987853204314493,6.379485828931691e-4,FALSE,-4,-2.8695016020715745
range,speed_and_jump,666160,Mickey Moniak,-3.8437742542412865,-3.1562257457587135,-0.8685704205328308,0.07496919231433595,0.008734512395205752,FALSE,-7,-3.587977698110101
range,speed_and_jump,666176,Jo Adell,-10.458596757663399,-0.5414032423366014,-0.1570564522872946,0.1675459132050803,7.092299633790457e-4,FALSE,-11,-10.34962990641191
range,speed_and_jump,666181,Will Benson,-4.971024596789968,4.971024596789968,1.3949407625168684,0.1103679003111825,0.03448623840896435,FALSE,0,-5.587730701858409
range,speed_and_jump,666185,Dylan Carlson,-3.2854588961954576,1.2854588961954578,0.3551467630385077,0.08223642246249131,0.0016145484127725947,FALSE,-2,-3.4006427446647325
range,speed_and_jump,666969,Adolis García,3.6798060228094425,-2.6798060228094425,-0.7386246182209043,0.07787602894298307,0.006582092829384788,FALSE,1,3.9061233705242726
range,speed_and_jump,666971,Lourdes Gurriel Jr.,-1.8704250466602186,-1.1295749533397814,-0.30607672226700466,0.04588734697736182,6.436590171443584e-4,FALSE,-3,-1.8160989692765583
range,speed_and_jump,667472,Dane Myers,6.506387583783396,-5.506387583783396,-1.4922471007000184,0.04614531274616017,0.015389652838601348,FALSE,1,6.772774047623914
range,speed_and_jump,668227,Randy Arozarena,-4.401292644540261,0.4012926445402612,0.11064448276914389,0.07850491277134604,1.4899280519950305e-4,FALSE,-4,-4.435479960883058
range,speed_and_jump,668709,JJ Bleday,1.7646720133594194,-8.76467201335942,-2.416489619161044,0.07842301332021231,0.0709878024521329,TRUE,-7,2.510515279831741
range,speed_and_jump,668804,Bryan Reynolds,-3.3234342518924986,1.3234342518924986,0.35951301655673,0.050695250117788804,9.860360979866958e-4,FALSE,-2,-3.3941089540073497
range,speed_and_jump,669016,Brandon Marsh,2.5593889889290895,-2.5593889889290895,-0.690921992768258,0.03873149871133372,0.002747764982172406,FALSE,0,2.6625120718071953
range,speed_and_jump,669065,Kyle Stowers,-3.6974176436193673,1.697417643619367,0.46143035980151537,0.0520285796839626,0.0016694023367465841,FALSE,-2,-3.7905789217289754
range,speed_and_jump,669326,Bryce Teodosio,12.506446962040949,-3.506446962040948,-0.9976590691621867,0.13463288006444943,0.022121624492140446,FALSE,9,13.051976185901413
range,speed_and_jump,669743,Alex Call,3.0478013227017033,-3.0478013227017033,-0.84996327350765,0.09925235230942608,0.01137208121925761,FALSE,0,3.383635061957645
range,speed_and_jump,670242,Matt Wallner,-7.30607263663719,4.30607263663719,1.187881800377827,0.07945208867756869,0.017398320976041572,FALSE,-3,-7.677727887569932
range,speed_and_jump,670770,TJ Friedl,-1.3038891583927827,2.3038891583927827,0.6478428567663265,0.11404030641280814,0.007717661393126802,FALSE,1,-1.6004446647730581
range,speed_and_jump,671218,Heliot Ramos,-1.718205541305882,-6.281794458694118,-1.7126329848020378,0.05752684867505241,0.02557597302270176,FALSE,-8,-1.3347762216217633
range,speed_and_jump,671732,Lawrence Butler,-2.7467405739809756,6.746740573980976,1.8444061637382132,0.06264296472457281,0.03247748194540861,FALSE,4,-3.197620885192956
range,speed_and_jump,671739,Michael Harris II,5.962142305097321,1.037857694902679,0.28407083479309136,0.06491201797118436,8.002540675365904e-4,FALSE,7,5.89009621035778
range,speed_and_jump,672016,Denzel Clarke,9.069064026528531,2.9309359734714686,0.8223190560672287,0.11005717741228156,0.01194645178601292,FALSE,12,8.706601930954305
range,speed_and_jump,672744,Alexander Canario,-1.3299303636073576,-0.6700696363926424,-0.18544675981864658,0.0853993000904774,4.5873644127782315e-4,FALSE,-2,-1.2673637397621353
range,speed_and_jump,672761,Wenceel Pérez,2.0175910215199813,-0.017591021519981268,-0.004788204208656421,0.05448822245647754,1.8874827251532195e-7,FALSE,2,2.018604761926585
range,speed_and_jump,673357,Luis Robert Jr.,3.6880275813427774,2.3119724186572226,0.624523487129904,0.03994105875418361,0.0023180414005412307,FALSE,6,3.591843251147581
range,speed_and_jump,676694,Jake Meyers,4.113331572731491,3.8866684272685084,1.049562738938092,0.039343053119537535,0.006444934381090473,FALSE,8,3.954155705749413
range,speed_and_jump,677594,Julio Rodríguez,5.422802205283112,4.577197794716888,1.2581928120428145,0.07288178927324618,0.01777789242753849,FALSE,10,5.062983617667378
range,speed_and_jump,677800,Wilyer Abreu,3.8964657046470856,3.1035342953529144,0.850794601835551,0.06783284268898533,0.007524846261905577,FALSE,7,3.670624714664312
range,speed_and_jump,677950,Alek Thomas,1.5431735916504514,-1.5431735916504514,-0.4182363441524498,0.04629035004004053,0.0012128854529278464,FALSE,0,1.6180748425007938
range,speed_and_jump,678009,Parker Meadows,5.586932054288007,-1.586932054288007,-0.4375127889099007,0.07835151947799998,0.0023246928320862286,FALSE,4,5.721840905536144
range,speed_and_jump,678882,Ceddanne Rafaela,17.999972967438932,1.000027032561067,0.28457363498858124,0.13490399124219654,0.0018040633057820137,FALSE,19,17.844027688907023
range,speed_and_jump,680757,Steven Kwan,2.0096857201722536,2.9903142798277464,0.8186390045605791,0.06528555428698654,0.0066869021338826894,FALSE,5,1.8008258634039898
range,speed_and_jump,680776,Jarren Duran,4.298309274331171,-7.298309274331171,-2.0329754711006687,0.09716081486203242,0.06353996711079381,TRUE,-3,5.083731183218282
range,speed_and_jump,681297,Colton Cowser,-5.05339863637512,5.05339863637512,1.3957320229230086,0.08168181785598451,0.024753593630486345,FALSE,0,-5.502884223175083
range,speed_and_jump,681460,Brooks Baldwin,-3.0767530546925395,-1.9232469453074605,-0.5318164677955167,0.0838286821559975,0.0036969320632470803,FALSE,-5,-2.900778044620114
range,speed_and_jump,681624,Andy Pages,9.46293467169288,0.5370653283071207,0.14801680001696405,0.0777209113008994,2.6375427303227105e-4,FALSE,10,9.417675912976986
range,speed_and_jump,682657,Angel Martínez,-1.0556346330180078,-3.9443653669819922,-1.078511828423542,0.06301076815309545,0.011174599302883448,FALSE,-5,-0.7903834612835143
range,speed_and_jump,682985,Riley Greene,1.0081661079196036,-0.00816610791960357,-0.0022348724364788623,0.0646914533548291,4.935139618609006e-8,FALSE,1,1.008730924087981
range,speed_and_jump,682998,Corbin Carroll,4.748961261400864,4.251038738599136,1.192986580035563,0.1104934308300571,0.025255756136887488,FALSE,9,4.220902367740733
range,speed_and_jump,686217,Sal Frelick,2.5672358468110272,3.4327641531889728,0.9414187259375586,0.06856528852002747,0.009320077304781803,FALSE,6,2.3145413082849413
range,speed_and_jump,686555,Isaac Collins,8.790268980065584,-5.7902689800655835,-1.6444324241801076,0.13144851730011728,0.058464756949994846,TRUE,3,9.66658119339869
range,speed_and_jump,686611,Dylan Crews,4.318352818681081,-2.3183528186810816,-0.6413397655752731,0.08459585765551825,0.00543018370079393,FALSE,2,4.53260031437421
range,speed_and_jump,686668,Brenton Doyle,4.735135887988187,0.26486411201181365,0.07192007402589064,0.04988508865406459,3.8796882162891346e-5,FALSE,5,4.72122939146739
range,speed_and_jump,687363,Victor Scott II,8.421188239810299,6.578811760189701,1.803129793843349,0.06745222026370415,0.033595498990235076,FALSE,15,7.94533545289224
range,speed_and_jump,687597,Jordan Beck,-1.0098657467185745,-0.9901342532814253,-0.27163644236073897,0.06923026454553598,7.840283473848034e-4,FALSE,-2,-0.936219974107799
range,speed_and_jump,691016,Tyler Soderstrom,0.7406313114956982,3.259368688504302,0.8880484339225428,0.05632201402993665,0.0067240296201398686,FALSE,4,0.5461007494481214
range,speed_and_jump,691023,Jordan Walker,-3.2017976990770434,-0.7982023009229564,-0.21869470430745683,0.06678960346841176,4.889987962452728e-4,FALSE,-4,-3.144670586729865
range,speed_and_jump,691176,Jasson Domínguez,-5.417813042268546,-2.5821869577314542,-0.7196423240564542,0.0980714742460345,0.008044627437312851,FALSE,-8,-5.137038153247378
range,speed_and_jump,691718,Pete Crow-Armstrong,16.083997239610632,5.916002760389366,1.6639681756399447,0.11448309747154743,0.05113714854716358,TRUE,22,15.319153204758534
range,speed_and_jump,694192,Jackson Chourio,7.144924503860225,-4.144924503860225,-1.1206089183220056,0.04158135999765607,0.007783116783603126,FALSE,3,7.324753641947205
range,speed_and_jump,694671,Wyatt Langford,5.270229094846472,3.7297709051535284,1.0315131112475988,0.08410653608735762,0.013958419692709155,FALSE,9,4.927724072601012
range,speed_and_jump,695578,James Wood,-5.597166693645815,-0.40283330635418507,-0.11001649879452104,0.06078449459642029,1.1190388278075628e-4,FALSE,-6,-5.571095979531244
range,speed_and_jump,695734,Daylen Lile,-1.982682791822171,-5.017317208177829,-1.3948750896388944,0.09363603111655462,0.028715273810052337,FALSE,-7,-1.4643461341929895
range,speed_and_jump,696285,Jacob Young,9.033642297156646,3.966357702843354,1.0735172606544314,0.043696282345629105,0.0075226121007452166,FALSE,13,8.852407943605964
range,speed_and_jump,701358,Cam Smith,3.9529700226036826,-2.9529700226036826,-0.8143645545975696,0.07889211017926114,0.008114518515171932,FALSE,1,4.20588940257408
range,speed_and_jump,701538,Jackson Merrill,2.859487031441968,-0.859487031441968,-0.23193850264747834,0.038026498336478816,3.0378818859575494e-4,FALSE,2,2.8934622730830686
range,speed_and_jump,802415,Chandler Simpson,2.2591899240595854,-7.259189924059585,-2.012642289590228,0.08867500530056951,0.056307090755669,TRUE,-5,2.9655336639304757
range,speed_and_jump,808982,Jung Hoo Lee,1.4791393274949654,-6.479139327494965,-1.771890670175884,0.06332064837868763,0.030320070678095584,FALSE,-5,1.917136922341806
arm,baseline,502054,Tommy Pham,-0.4422249792472621,-0.7289429198083208,-0.35237356018749405,0.034600913928605766,8.900559568947423e-4,FALSE,-1.171167899055583,-0.4160989018653226
arm,baseline,543807,George Springer,-0.27834370751187,-2.309763354034696,-1.1182265319178541,0.03749752170797474,0.009742945862698634,FALSE,-2.588107061546566,-0.18835910647282356
arm,baseline,572191,Michael A. Taylor,-0.2722731767783182,-0.400547959813061,-0.19519530547083172,0.05005867955004741,4.01560830028633e-4,FALSE,-0.6728211365913792,-0.2511656604159287
arm,baseline,573262,Mike Yastrzemski,0.09501657627114746,4.463926356151505,2.162243647475458,0.03849565611232164,0.03743688719284108,TRUE,4.558942932422652,-0.08370521007286824
arm,baseline,592206,Nick Castellanos,0.10680690102219081,-1.6494340249706123,-0.7995627883177955,0.03995582167910173,0.005321376546192242,FALSE,-1.5426271239484215,0.17545425419757765
arm,baseline,592450,Aaron Judge,-0.13292970224901035,2.4137663238575766,1.162530360232568,0.027458128268884573,0.007631347392143689,FALSE,2.2808366216085663,-0.20107844448632034
arm,baseline,595777,Jurickson Profar,-0.5935341468856423,-1.6196892129478448,-0.7851451445974209,0.03995862791314734,0.005131573012736288,FALSE,-2.213223359833487,-0.5261198036324574
arm,baseline,596146,Max Kepler,-0.44222497924726123,-0.9049779143719892,-0.4374694930326846,0.03460091392860568,0.0013718487383212962,FALSE,-1.3472028936192504,-0.4097896233677567
arm,baseline,606192,Teoscar Hernández,0.05178538551732481,-0.8937028170403306,-0.4318601032398674,0.033890053837106256,0.0013084642752557401,FALSE,-0.8419174315230058,0.08313547843807778
arm,baseline,607043,Brandon Nimmo,-0.2594749456061003,0.1533447174916683,0.07462120845741303,0.04733644433540492,5.5336365725422345e-5,FALSE,-0.106130228114432,-0.26709441802163625
arm,baseline,621438,Tyrone Taylor,0.44551971059992024,4.526204707796563,2.185979044862911,0.032829897190696684,0.032440582523254144,FALSE,4.971724418396483,0.29188093000756116
arm,baseline,621439,Byron Buxton,0.5909337158627808,-1.032765474857119,-0.49882861806786866,0.03299845549656234,0.0016982403812305462,FALSE,-0.4418317589943382,0.626176333368587
arm,baseline,621493,Taylor Ward,-0.1062007238425462,-2.1210282855426947,-1.0470227227624695,0.07422132132122225,0.01757776753680102,FALSE,-2.227229009385241,0.06384588182927065
arm,baseline,624424,Michael Conforto,-0.5031416571276482,-0.6284974229791594,-0.3038846970910261,0.03502556147046591,6.70373677788035e-4,FALSE,-1.1316390801068077,-0.4803291615385099
arm,baseline,641355,Cody Bellinger,-0.0010957075043385167,3.194100099548264,1.5738815386308085,0.07086369457414837,0.03778491407879882,TRUE,3.1930043920439255,-0.2447044574497006
arm,baseline,641584,Jake Fraley,-0.2527980038846105,-1.5207917722910986,-0.7352206399577492,0.034770480615151055,0.0038944441065859882,FALSE,-1.7735897761757091,-0.19801449408081856
arm,baseline,641933,Tyler O'Neill,-0.290134032262912,-1.1639479838083342,-0.563911963510134,0.038894647207111874,0.002573780184308801,FALSE,-1.4540820160712462,-0.24303061527943604
arm,baseline,642201,Eli White,-0.21742702963148242,1.7056878402624551,0.8232877330273575,0.031672455290922254,0.004433969797772237,FALSE,1.4882608106309727,-0.2732173685061377
arm,baseline,643217,Andrew Benintendi,-0.6348002835142923,-2.28432349656108,-1.1096185626940567,0.043919952318881746,0.011312146668253708,FALSE,-2.919123780075372,-0.5298641128524325
arm,baseline,643565,Mike Tauchman,-0.18402110950352807,0.006353931973050287,0.003063382107852401,0.029469369093643567,5.6989379719985887e-8,FALSE,-0.17766717753047778,-0.18421404145286235
arm,baseline,650489,Willi Castro,-0.40196674903978724,1.0729212395953807,0.5246287259839537,0.05646498852411542,0.0032942408864772856,FALSE,0.6709544905555934,-0.46617473787347047
arm,baseline,656775,Cedric Mullins,0.618444473615213,-5.007081442131741,-2.4203480775521595,0.03452702117840349,0.04189909463264521,TRUE,-4.388636968516528,0.7975065610963987
arm,baseline,657077,Alex Verdugo,-0.7703890181512817,0.1289314171243844,0.0633133682370761,0.06447985560411199,5.525756524086106e-5,FALSE,-0.6414576010268973,-0.779275496126999
arm,baseline,657656,Ramón Laureano,-0.13078927976580657,3.498891297673469,1.709661313761608,0.05514057580300021,0.034115698101068063,TRUE,3.3681020179076624,-0.33497931680733395
arm,baseline,657757,Gavin Sheets,-0.7468083686491962,2.039064916205672,0.9989581325935745,0.0600732733585401,0.012755922370784416,FALSE,1.2922565475564758,-0.8771305529589503
arm,baseline,660670,Ronald Acuña Jr.,-0.06611786199310199,1.2459994760207334,0.6000577423370621,0.02730630677264444,0.002021635931972969,FALSE,1.1798816140276314,-0.10109664736785529
arm,baseline,660821,Jesús Sánchez,-0.02681677948962613,1.0848822752172655,0.5227944063196079,0.02852902141796939,0.0016052730102987661,FALSE,1.0580654957276394,-0.05867633098217229
arm,baseline,662139,Daulton Varsho,0.32761646308949466,-2.0855774930778517,-1.0123046130964046,0.04246049877448025,0.009088261613367283,FALSE,-1.757961029988357,0.4200979330190148
arm,baseline,663457,Lars Nootbaar,-0.26340505385644786,-2.633117921201918,-1.2810054330385872,0.046841462057154885,0.016128621077705976,FALSE,-2.8965229750583656,-0.13400465687297114
arm,baseline,663616,Trevor Larnach,-0.28227381576221733,-2.371290692858073,-1.1482858187306717,0.037953511530592156,0.010403654078166898,FALSE,-2.65356450862029,-0.18872448136678577
arm,baseline,663656,Kyle Tucker,-0.06218775374275465,2.1120442463738316,1.0171751224062269,0.027384844190249637,0.005826271210496503,FALSE,2.049856492631077,-0.12165423672358677
arm,baseline,663757,Trent Grisham,0.46320519772648505,-1.8957035867498069,-0.915223856380501,0.03213971926262517,0.00556306418863621,FALSE,-1.4324983890233218,0.5261557932782231
arm,baseline,663968,Jake Mangum,-0.1995661741468885,-0.6577044294941959,-0.32068828167597835,0.05109699871417983,0.0011075663390971754,FALSE,-0.8572706036410844,-0.1641497803293579
arm,baseline,664023,Ian Happ,-0.29288086573405436,0.8357293423888148,0.4058565147495387,0.04343887780268139,0.0014960320935265895,FALSE,0.5428484766547604,-0.3308325908645421
arm,baseline,664056,Harrison Bader,-0.0030607616295109663,-0.3354935883679088,-0.16528506977396468,0.07054650125046172,4.147105271833279e-4,FALSE,-0.3385543499974198,0.022403555717360968
arm,baseline,664702,Myles Straw,0.38263797859436055,-0.34716937450471447,-0.16802114021690254,0.03687772620074612,2.1619246813095108e-4,FALSE,0.03546860408964611,0.3959310126011075
arm,baseline,664728,Kyle Isbel,0.49661111785443934,-1.0449014393546485,-0.5042666858056606,0.03137300675243085,0.0016472143848137663,FALSE,-0.5482903215002092,0.530454589222699
arm,baseline,664770,Nathan Lukes,-0.23690220252519012,4.397502331028301,2.1430949750607993,0.05014833434624838,0.048496852769298535,TRUE,4.160600128503111,-0.46907257728895085
arm,baseline,664983,Jake McCarthy,-0.39214147841391833,-0.9251453183587348,-0.4521653734091161,0.0556091375224408,0.0024077920774989614,FALSE,-1.3172867967726531,-0.3376655878892197
arm,baseline,665487,Fernando Tatis Jr.,0.10680690102219037,1.9616557807418524,0.9509122171755992,0.039955821679101736,0.007526614933980468,FALSE,2.068462681764043,0.02516527416686709
arm,baseline,665742,Juan Soto,0.23060531090813896,-2.2860688294006253,-1.1202629280379337,0.06056844629676483,0.01618270862670865,FALSE,-2.0554635184924863,0.3779961842276865
arm,baseline,665750,Leody Taveras,-0.40000169491461357,-0.6644013792322646,-0.3248435449751351,0.05628895898523301,0.0012588171725677196,FALSE,-1.0644030741468782,-0.36037254959368675
arm,baseline,665833,Oneil Cruz,0.5712831746110427,3.2361889934360875,1.5624419612232265,0.032198183179524505,0.016243616115009265,FALSE,3.80747216804713,0.46361711715669407
arm,baseline,666134,Nolan Jones,-0.1014888362462294,3.974471189285943,1.9137904463773339,0.027036810483470775,0.020355314050850035,FALSE,3.8729823530397134,-0.21193188843419047
arm,baseline,666139,Josh Lowe,-0.11327916099727253,-1.6296627758831383,-0.7847508038858372,0.027121914574788776,0.003433645514772455,FALSE,-1.7429419368804109,-0.06784738978629085
arm,baseline,666158,Gavin Lux,-0.768423964026108,0.7687278731911577,0.37741657662111877,0.06409927723597542,0.0019511707983578773,FALSE,3.0390916504963e-4,-0.8210736734067956
arm,baseline,666160,Mickey Moniak,-0.056117223009201744,-4.468636791430946,-2.1925296912129744,0.06290069649639571,0.06453432940658774,TRUE,-4.5247540144401475,0.2438300350023322
arm,baseline,666176,Jo Adell,-0.05611722300920308,-1.937481276458172,-0.9506221747423482,0.06290069649639571,0.012131533904941278,FALSE,-1.993598499467375,0.07393187774490528
arm,baseline,666181,Will Benson,-0.386246316038397,-0.761289499660326,-0.3719853571302314,0.055124782952720906,0.0016145597413661276,FALSE,-1.147535815698723,-0.34183207204530763
arm,baseline,666185,Dylan Carlson,-0.6564158788912028,0.6711433559277543,0.3264378762699799,0.04642255356168261,0.001037538302486637,FALSE,0.01472747703655152,-0.689088829058485
arm,baseline,666624,Christopher Morel,-0.7527035310247177,-0.6391143898812521,-0.31328665929474575,0.06114211838473759,0.0012783636826408855,FALSE,-1.3918179209059698,-0.711081887906295
arm,baseline,666969,Adolis García,0.034099898390760996,1.0856201722921721,0.5241804745291196,0.032344882679113854,0.0018368625401584623,FALSE,1.1197200706829331,-0.002188089424659534
arm,baseline,666971,Lourdes Gurriel Jr.,-0.349867435364094,0.7605910551643302,0.3684000083961925,0.038410677240678225,0.0010842553921857436,FALSE,0.41072361980023625,-0.3802492385316154
arm,baseline,667472,Dane Myers,0.4926810096040918,-1.334556830356306,-0.6440714879506604,0.03142676318511233,0.002691939728907803,FALSE,-0.8418758207522142,0.5359826411901578
arm,baseline,668227,Randy Arozarena,-0.21427870072710364,-1.864792804946937,-0.9105119637458318,0.05372727045148027,0.009414120692042468,FALSE,-2.0790715056740408,-0.10839989407993234
arm,baseline,668709,JJ Bleday,0.42390411522300986,0.5887004585055409,0.284482606090414,0.03394071161178431,5.686677433840685e-4,FALSE,1.0126045737285507,0.4032212102211867
arm,baseline,668804,Bryan Reynolds,-0.011096346488235653,-2.0583009715907306,-0.9922644056959353,0.02929023023475815,0.00594180241448722,FALSE,-2.069397318078966,0.05101089836302264
arm,baseline,668885,Austin Martin,-0.7703890181512817,0.7546643324469777,0.3705872613616543,0.06447985560411199,0.0018931362950057977,FALSE,-0.01572468570430395,-0.8224035551735464
arm,baseline,669016,Brandon Marsh,0.614514365364866,-0.297412488346895,-0.14374631129318127,0.03427949862114131,1.466919979254201e-4,FALSE,0.31710187701797105,0.6250714064234751
arm,baseline,669065,Kyle Stowers,-0.4874212241262583,2.505474747631634,1.211212687322228,0.034692445434866374,0.010544840796979201,FALSE,2.0180535235053756,-0.5774661487304211
arm,baseline,669326,Bryce Teodosio,0.2627696769587603,-0.02254724747050734,-0.010996002104606023,0.05148565714611393,1.3126289613879488e-6,FALSE,0.24022242948825295,0.2639935486498957
arm,baseline,669720,Austin Hays,-0.723227719147111,0.30276339814264447,0.14800773683824653,0.05601656348838666,2.599865731331588e-4,FALSE,-0.4204643210044666,-0.7411938872577399
arm,baseline,669743,Alex Call,-0.2624479061524494,-2.474780202218145,-1.2059772642162754,0.0500046194087067,0.015310764232572277,FALSE,-2.7372281083705943,-0.13218364944091004
arm,baseline,670224,Kameron Misner,0.2608046228335861,1.3519231011145496,0.659424913382309,0.05180045117139276,0.004751103546654969,FALSE,1.6127277239481357,0.18694862208640559
arm,baseline,670231,John Rave,-0.3960715866642659,0.9870947441494172,0.4825287988583339,0.05594418891528944,0.0027595215162875895,FALSE,0.5910231574851513,-0.45456623729359097
arm,baseline,670242,Matt Wallner,-0.08969851149518693,1.2453031505885366,0.5996400663697516,0.027039174486007393,0.001998523947340544,FALSE,1.1556046390933497,-0.12430624522274958
arm,baseline,670770,TJ Friedl,0.6027240406138232,-1.7283763157305043,-0.8350683253087603,0.03359524301192452,0.004848336398048112,FALSE,-1.125652275116681,0.6628077911574244
arm,baseline,671218,Heliot Ramos,-0.1789077264739758,-2.673356391475178,-1.3093918494532328,0.0596253345043316,0.021741983925147985,FALSE,-2.852264117949154,-0.009401066054767648
arm,baseline,671221,Drew Waters,-0.3430151252845739,-1.3244686682181068,-0.646183651823208,0.052241008491719906,0.0046031546642763006,FALSE,-1.6674837935026807,-0.2700096676066825
arm,baseline,671289,Tyler Freeman,-0.18402110950352818,0.5630182669978949,0.27144453117074113,0.029469369093643567,4.474595481370031e-4,FALSE,0.37899715749436674,-0.20111669885255223
arm,baseline,671732,Lawrence Butler,0.03016979014041321,-1.9330810986920661,-0.9332155446250007,0.03202823767268223,0.005763207794910028,FALSE,-1.902911308551653,0.09413155357101188
arm,baseline,671739,Michael Harris II,0.7225923422494233,-1.7102650131639845,-0.8310751617827661,0.044627611912325955,0.006452701329379987,FALSE,-0.9876726709145612,0.8024827014710116
arm,baseline,672016,Denzel Clarke,0.26669978520910786,-0.7642821827393292,-0.3726083639514989,0.05086335810337749,0.0014880293048378582,FALSE,-0.4975823975302214,0.3076569631714094
arm,baseline,672744,Alexander Canario,-0.38231620778804976,2.6317349419246234,1.285721028496568,0.05481402825260966,0.019173347419668498,FALSE,2.2494187341365737,-0.5349380174339823
arm,baseline,672761,Wenceel Pérez,-0.01699150886375722,0.8917541451881642,0.4298290351528936,0.028986554408909314,0.001103044019706656,FALSE,0.874762636324407,-0.04361202598041969
arm,baseline,673357,Luis Robert Jr.,0.4828557389782231,0.2080595013461486,0.10042092572901337,0.03160367347910647,6.582075652564339e-5,FALSE,0.6909152403243717,0.47606570439765716
arm,baseline,673548,Seiya Suzuki,-0.2999593028887808,-0.38908667737754177,-0.18862637573563107,0.040125734361420654,2.974702110994631e-4,FALSE,-0.6890459802663226,-0.28369426774937906
arm,baseline,676475,Alec Burleson,-0.35284039591044314,-1.627775527872013,-0.794392863685414,0.05279315083417713,0.0070345029598487,FALSE,-1.980615923782456,-0.26211533512481805
arm,baseline,676694,Jake Meyers,0.36102238321744873,-1.1845073297243933,-0.5738574141385199,0.038843784206189905,0.0026617394636159137,FALSE,-0.8234849465069446,0.40889259031845027
arm,baseline,677594,Julio Rodríguez,0.7009767468725121,0.13092758568428609,0.0635338014038443,0.04197000928984416,3.536711533012236e-5,FALSE,0.8319043325567982,0.6952409849018525
arm,baseline,677800,Wilyer Abreu,-0.1506151893755736,1.5874390247400714,0.7647510949633755,0.027968457316475487,0.003365567961115857,FALSE,1.4368238353644978,-0.19629088883217627
arm,baseline,677950,Alek Thomas,0.622374581865561,-0.595814430014614,-0.28804613614980573,0.034784262412760614,5.980155927619949e-4,FALSE,0.02656015185094707,0.64384642973943
arm,baseline,678882,Ceddanne Rafaela,0.6538154478683407,1.60488698936087,0.7768512336862338,0.037192064663036116,0.004662473134819425,FALSE,2.2587024372292106,0.5918206735270961
arm,baseline,680718,Addison Barger,-0.3019243570139567,4.2451284706060965,2.058279054809376,0.04037924080010363,0.035653077220832365,TRUE,3.94320411359214,-0.48055228174215636
arm,baseline,680757,Steven Kwan,-0.2771604327326642,7.068045317253431,3.4356037637093215,0.04518555866540255,0.11171636918086603,TRUE,6.790884884520767,-0.6116480174471064
arm,baseline,680776,Jarren Duran,-0.15336202284671696,3.800206881147877,1.8660336810445965,0.06437462579004934,0.04791612380531031,TRUE,3.64684485830116,-0.4148308784827005
arm,baseline,681297,Colton Cowser,-0.297818880405577,1.476445048186234,0.7196631496846518,0.05048350722256069,0.005507259392850025,FALSE,1.1786261677806569,-0.3763179110393657
arm,baseline,681460,Brooks Baldwin,-0.4000016949146137,-0.8942548120871843,-0.43722501540431385,0.05628895898523301,0.0022804690360563205,FALSE,-1.294256507001798,-0.34666262156246097
arm,baseline,681481,Kerry Carpenter,-0.18991627187904941,-0.37662673836590493,-0.181612335321262,0.02980712595606187,2.026668437082004e-4,FALSE,-0.5665430102449543,-0.17834521118665247
arm,baseline,681624,Andy Pages,0.7127670716235537,2.365647175786455,1.1487993910377274,0.04338316568118269,0.01197020558163132,FALSE,3.0784142474100085,0.6054835076212067
arm,baseline,682622,Noelvi Marte,-0.2685184368860004,1.26297548566462,0.6110964689222192,0.03640006636372161,0.0028213369598484805,FALSE,0.9944570487786196,-0.3162274392314681
arm,baseline,682641,Luis Matos,-0.28030876163704305,-0.255218131822405,-0.12357340121595527,0.03772430178464658,1.1972964330047465e-4,FALSE,-0.535526893459448,-0.2703033901581229
arm,baseline,682657,Angel Martínez,0.4199740069726622,0.022004895264586294,0.010634893688603039,0.034174263570722486,8.003808554939226e-7,FALSE,0.4419789022372485,0.4191953974758824
arm,baseline,682985,Riley Greene,-0.3321819482375301,-3.3783731841912368,-1.637492270996395,0.03975248304252543,0.02220084892052669,FALSE,-3.710555132428767,-0.1923235051338109
arm,baseline,682998,Corbin Carroll,0.191304228404662,-2.818208818225178,-1.375488068736343,0.05297999815424333,0.021168809657133178,FALSE,-2.626904589820516,0.34896583818781163
arm,baseline,686217,Sal Frelick,0.012484303013849285,1.1082432702964267,0.5346560903110944,0.03072360377278999,0.0018121892543107136,FALSE,1.120727573310276,-0.022644198260896253
arm,baseline,686527,Dominic Canzone,-0.23118240850769856,-1.9373753063112857,-0.9356538105398495,0.032783700649972276,0.0059346450073818734,FALSE,-2.1685577148189843,-0.1655152644247881
arm,baseline,686555,Isaac Collins,-0.5503029561318193,-1.7523696608856074,-0.8481376129704902,0.03695790257838039,0.00552108822879595,FALSE,-2.3026726170174268,-0.4830536558346522
arm,baseline,686611,Dylan Crews,-0.02288667123927879,-1.7099330217225277,-0.8240749255952923,0.028704745606524137,0.004013893368204069,FALSE,-1.7328196929618065,0.027647079616315184
arm,baseline,686668,Brenton Doyle,0.75599826237737755,4.33603802354071,2.1122122447335387,0.04931307725240229,0.04628387286360809,TRUE,5.092036285918088,0.5310836528377382
arm,baseline,687363,Victor Scott II,0.6361299607417767,-3.7718682720797414,-1.8244309721059209,0.03576114131513337,0.024689461046396844,FALSE,-3.1357383113379647,0.7760188618008824
arm,baseline,687597,Jordan Beck,-0.24375451260471004,1.399321585442928,0.681686918580187,0.0494135602193546,0.0048311936607231595,FALSE,1.155567072838218,-0.31649430620463026
arm,baseline,690987,Robert Hassell III,0.2765250558349765,0.2849649023376288,0.13881752940879696,0.049350129708826816,2.0007200413111538e-4,FALSE,0.5614899581726053,0.2617319597306053
arm,baseline,691016,Tyler Soderstrom,-0.5090368195031696,-0.9990949238293407,-0.4831135478717248,0.03519056952683245,0.001702602177224275,FALSE,-1.5081317433325103,-0.4725957169699171
arm,baseline,691023,Jordan Walker,0.053750439642498815,-2.5691831978770074,-1.2416132935521333,0.034073887867696336,0.010876282677435664,FALSE,-2.5154327582345086,0.1443806225275846
arm,baseline,691176,Jasson Domínguez,-0.5738836056339041,-0.28086662339898255,-0.13604330640134932,0.03844888169546529,1.4801157773032162e-4,FALSE,-0.8547502290328867,-0.5626527855873178
arm,baseline,691718,Pete Crow-Armstrong,0.7088369633732068,1.7997560133045467,0.8737732652384065,0.04290239487364155,0.00684467460979127,FALSE,2.5085929766777535,0.6281619697827583
arm,baseline,694192,Jackson Chourio,0.6400600689921248,-1.8885239155739109,-0.913610744804628,0.036062116596417795,0.006245318009191104,FALSE,-1.248463846581786,0.7107121004260172
arm,baseline,694671,Wyatt Langford,-0.3734480848661791,0.8221618622358301,0.39791574557628695,0.03692774116670639,0.0012142444152339342,FALSE,0.448713777369651,-0.4049728019030525
arm,baseline,695506,Jac Caglianone,-0.30585446526430216,-0.29429969006372536,-0.14273143470114394,0.040893542685290794,1.7372294343696355e-4,FALSE,-0.6001541553280275,-0.2933063723533397
arm,baseline,695578,James Wood,-0.4166792756200022,0.49837435022643894,0.24098041690014727,0.035117721339469825,4.227128953686993e-4,FALSE,0.08169507460643674,-0.4348180392195241
arm,baseline,695734,Daylen Lile,-0.08773345737001348,-2.44640720435773,-1.178002710039433,0.027048072328888246,0.007715561032834615,FALSE,-2.5341406617277435,-0.019723315113787443
arm,baseline,696285,Jacob Young,0.49661111785443945,1.3198878857976981,0.636974421451001,0.03137300675243085,0.002628291660624415,FALSE,1.8164990036521376,0.4538610687207172
arm,baseline,701358,Cam Smith,-0.013061400613409768,-0.3458862995651762,-0.16673574234847202,0.029186575290201477,1.6716092889623407e-4,FALSE,-0.35894770017858596,-0.002662660477398493
arm,baseline,701538,Jackson Merrill,0.5182267132313507,2.1465948889422837,1.0358758459558084,0.03125106772575507,0.006923074927110034,FALSE,2.6648216021736344,0.44897927458219583
arm,baseline,802415,Chandler Simpson,-0.20153122827206205,-0.7867102488946304,-0.38357536102411194,0.051025201987140834,0.0015822002696727507,FALSE,-0.9882414771666924,-0.15923079053729905
arm,baseline,805300,Jakob Marsee,0.27652505583497666,-0.918986338530374,-0.44767412417714225,0.049350129708826816,0.0020807585417610937,FALSE,-0.6424612826953974,0.32423146849479517
arm,baseline,808982,Jung Hoo Lee,0.718662233999076,1.708554052188482,0.8300243769304848,0.04412254441204744,0.006360188985277361,FALSE,2.427216286187558,0.6397967354904819
arm,of_strength,502054,Tommy Pham,-0.42017882752323743,-0.7509890715323455,-0.4101939660318569,0.03460525221111217,0.0010052275250793357,FALSE,-1.171167899055583,-0.39325909723916536
arm,of_strength,543807,George Springer,-1.2815989129316325,-1.3065081486149335,-0.7180516878367627,0.04648163229767286,0.004189020366548693,FALSE,-2.588107061546566,-1.217909912892579
arm,of_strength,572191,Michael A. Taylor,-0.32311795228862916,-0.34970318430275005,-0.19255933991322383,0.05008175472030261,3.2581511970776136e-4,FALSE,-0.6728211365913792,-0.30468084026537323
arm,of_strength,573262,Mike Yastrzemski,-0.35522219307876757,4.91416512550142,2.6921004565893303,0.040305070432335506,0.05072917005039559,TRUE,4.558942932422652,-0.5616062901466635
arm,of_strength,592206,Nick Castellanos,-1.8656616303430344,0.32303450639461284,0.18022366466203038,0.0746832330943109,4.369231552444896e-4,FALSE,-1.5426271239484215,-1.8917340654284223
arm,of_strength,592450,Aaron Judge,-0.11792311217369766,2.398759733782264,1.3053926435006395,0.027460138362501437,0.008019113894653443,FALSE,2.2808366216085663,-0.18565326575027613
arm,of_strength,595777,Jurickson Profar,-1.1589321820297607,-1.0542911778037265,-0.5783224740506401,0.04281201594628165,0.0024932012118405143,FALSE,-2.213223359833487,-1.1117770448277584
arm,of_strength,596146,Max Kepler,-1.1569958197571084,-0.19020707386214197,-0.10413806409871267,0.03916113502628715,7.366691088736923e-5,FALSE,-1.3472028936192504,-1.1492435054263586
arm,of_strength,606192,Teoscar Hernández,-0.762295159295539,-0.07962227222746676,-0.04360768931429938,0.03980549307289141,1.3138890406937293e-5,FALSE,-0.8419174315230058,-0.7589943657763764
arm,of_strength,607043,Brandon Nimmo,-0.889033415906866,0.7829031877924341,0.4312749979832077,0.05087417192572543,0.0016616168008703202,FALSE,-0.106130228114432,-0.9309978743578152
arm,of_strength,621438,Tyrone Taylor,0.6791104399176602,4.292613978478823,2.3430842069146385,0.03331693586761035,0.03153591860341389,FALSE,4.971724418396483,0.5311645929985906
arm,of_strength,621439,Byron Buxton,0.6994495285885982,-1.1412812875829363,-0.6228892464089578,0.03310356410841467,0.0022139367611717286,FALSE,-0.4418317589943382,0.7385234943897011
arm,of_strength,621493,Taylor Ward,-0.5798723450468346,-1.6473566643384063,-0.9198402542334401,0.07622398018650783,0.011635860625073722,FALSE,-2.227229009385241,-0.44394320308015195
arm,of_strength,624424,Michael Conforto,-0.4417463421644866,-0.6898927379423211,-0.3769114720997976,0.03505920663907387,8.602583160381094e-4,FALSE,-1.1316390801068077,-0.4166804601697249
arm,of_strength,641355,Cody Bellinger,0.4564355128027975,2.736568879241128,1.525147720535024,0.07273219720622295,0.03040843693776484,FALSE,3.1930043920439255,0.24178698646154395
arm,of_strength,641584,Jake Fraley,-0.18413070524944497,-1.5894590709262642,-0.8682636835613151,0.034812568022268675,0.004531859377067746,FALSE,-1.7735897761757091,-0.1268017863348518
arm,of_strength,641933,Tyler O'Neill,0.10180311187851943,-1.5558851279497656,-0.8523346805951901,0.040265797602733605,0.005079891111652075,FALSE,-1.4540820160712462,0.16708051420370681
arm,of_strength,642201,Eli White,-0.31995454612998864,1.8082153567609613,0.9862071994910891,0.03176628343392088,0.005318281138322517,FALSE,1.4882608106309727,-0.37927935640013183
arm,of_strength,643217,Andrew Benintendi,-1.6653001595123114,-1.2538236205630608,-0.6916095810302955,0.0533986382481668,0.004497113087075204,FALSE,-2.919123780075372,-1.5945708360117108
arm,of_strength,643565,Mike Tauchman,-1.5506350528133996,1.3729678752829217,0.7544424256785632,0.04613968924861941,0.004588712429957246,FALSE,-0.17766717753047778,-1.6170476190978593
arm,of_strength,650489,Willi Castro,0.13255699345532668,0.5383974971002667,0.2978652625048099,0.059015259020565,9.274066430578328e-4,FALSE,0.6709544905555934,0.0987905928287605
arm,of_strength,656775,Cedric Mullins,-0.5128282516965239,-3.8758087168200044,-2.1295357164431734,0.045950197457523344,0.03640281281102369,TRUE,-4.388636968516528,-0.3261564706523239
arm,of_strength,657077,Alex Verdugo,0.2061890496251525,-0.8476466506520498,-0.47247773800252835,0.07299253306956825,0.0029295887109434867,FALSE,-0.6414576010268973,0.2729327150067295
arm,of_strength,657656,Ramón Laureano,0.40396080873030993,2.9641412091773525,1.638742806786799,0.05769300659917222,0.02740318889334957,FALSE,3.3681020179076624,0.22248044241703696
arm,of_strength,657757,Gavin Sheets,-0.9345361205825262,2.226792668139002,1.2328594945638314,0.06038783749319446,0.016280838407700494,FALSE,1.2922565475564758,-1.0776496296880915
arm,of_strength,660670,Ronald Acuña Jr.,1.1556158006103516,0.024265813417279642,0.01329565597936188,0.04062940795450378,1.2477350658642457e-6,FALSE,1.1798816140276314,1.154588141808997
arm,of_strength,660821,Jesús Sánchez,-0.16968987994381024,1.2277553756714497,0.6685682917821697,0.028711223436665326,0.002202133425821302,FALSE,1.0580654957276394,-0.20598223682781608
arm,of_strength,662139,Daulton Varsho,-3.3991444680104927,1.6411834380221357,0.9647043528028271,0.16643013124622133,0.030968999408732278,FALSE,-1.757961029988357,-3.726822309098375
arm,of_strength,663457,Lars Nootbaar,0.4274858362208631,-3.3240088112792288,-1.831304371610351,0.051102066129494576,0.030101544004636202,FALSE,-2.8965229750583656,0.6064974158921873
arm,of_strength,663616,Trevor Larnach,-1.718195952670635,-0.9353685559496551,-0.516757937888961,0.056357587928940044,0.0026580797562876964,FALSE,-2.65356450862029,-1.6623325080399542
arm,of_strength,663656,Kyle Tucker,-1.0501653386961594,3.1000218313272363,1.694557447757714,0.03609741716570148,0.017922736806644222,FALSE,2.049856492631077,-1.1662587938450828
arm,of_strength,663757,Trent Grisham,-0.4178045214009125,-1.0146938676224093,-0.5555162676841827,0.0390678112390258,0.0020910703860458225,FALSE,-1.4324983890233218,-0.37655096683241956
arm,of_strength,663968,Jake Mangum,-0.5416157503705603,-0.31565485327052417,-0.1739998162199156,0.0521413109322006,2.775777678800767e-4,FALSE,-0.8572706036410844,-0.524251708618914
arm,of_strength,664023,Ian Happ,-0.7254671738379893,1.2683156504927497,0.6965601277283587,0.04510919050726433,0.003820122520883179,FALSE,0.5428484766547604,-0.7853826026311704
arm,of_strength,664056,Harrison Bader,0.47950807659611067,-0.8180624265935305,-0.45589716746651604,0.0726251006319449,0.0027127760814973493,FALSE,-0.3385543499974198,0.5435726378593677
arm,of_strength,664702,Myles Straw,-0.8184259778887638,0.85389458197841,0.4701043941309303,0.04975383133215823,0.0019285361017583873,FALSE,0.03546860408964611,-0.8631349474253154
arm,of_strength,664728,Kyle Isbel,-0.7592231409055454,0.2109328194053363,0.11586519170421913,0.045450226766834356,1.0653497156066069e-4,FALSE,-0.5482903215002092,-0.7692665611056939
arm,of_strength,664770,Nathan Lukes,0.1508377866105608,4.00976234189255,2.209560284724721,0.05149027538119266,0.044171676882915706,TRUE,4.160600128503111,-0.06683395869511163
arm,of_strength,664983,Jake McCarthy,-2.3457016971576956,1.0284149003850425,0.5784662005917157,0.0896739381602744,0.0054938145224289565,FALSE,-1.3172867967726531,-2.4470082707538148
arm,of_strength,665487,Fernando Tatis Jr.,1.6659784358812573,0.4024842458827856,0.22298502208354548,0.061654837706655884,5.445085130940673e-4,FALSE,2.068462681764043,1.639532835843486
arm,of_strength,665742,Juan Soto,-0.44818762785867783,-1.6072758906338085,-0.8919052121329943,0.06468114484104935,0.0091686239838593,FALSE,-2.0554635184924863,-0.3370378909446883
arm,of_strength,665750,Leody Taveras,0.5668191144968131,-1.6312221886436913,-0.9051698318245393,0.06463238125934238,0.00943575634041169,FALSE,-1.0644030741468782,0.6795339148627488
arm,of_strength,665833,Oneil Cruz,3.1152186607324155,0.6922535073147146,0.3894428984250669,0.08996313728474552,0.002498860055183027,FALSE,3.80747216804713,3.0467848424268733
arm,of_strength,666134,Nolan Jones,1.418477053945007,2.4545052990947065,1.3498194715598841,0.04765829515358134,0.015196578794315359,FALSE,3.8729823530397134,1.2956455771704558
arm,of_strength,666139,Josh Lowe,-1.0092432948681753,-0.7336986420122356,-0.4006838496170034,0.034287200007927766,9.50028115088977e-4,FALSE,-1.7429419368804109,-0.9831936535209479
arm,of_strength,666158,Gavin Lux,-0.7315528838377549,0.7318567930028045,0.4059963682311351,0.06411141179414176,0.0018819333383984225,FALSE,3.0390916504963e-4,-0.7816874541507544
arm,of_strength,666160,Mickey Moniak,-0.6760564753420661,-3.8486975390980813,-2.137595181107148,0.06633114193376496,0.05410336456086779,TRUE,-4.5247540144401475,-0.4026313733687727
arm,of_strength,666176,Jo Adell,-0.9047238177594648,-1.0888746817079102,-0.6057421814499803,0.06932853638891247,0.004555541613909401,FALSE,-1.993598499467375,-0.8236102444466566
arm,of_strength,666181,Will Benson,-0.306098341799382,-0.841437473899341,-0.46457508425056926,0.05518212026688428,0.0021009264967271073,FALSE,-1.147535815698723,-0.2569541576367209
arm,of_strength,666185,Dylan Carlson,-1.4877244052583607,1.5024518822949122,0.8283997104025538,0.05259101303094986,0.006348961051030287,FALSE,0.01472747703655152,-1.5711260486953051
arm,of_strength,666624,Christopher Morel,0.6083155552650918,-2.0001334761710616,-1.117700364625144,0.0776762228358558,0.01753493777485386,FALSE,-1.3918179209059698,0.776762707385801
arm,of_strength,666969,Adolis García,0.6649170744037225,0.45480299627921067,0.2485819924699926,0.03589677069976767,3.8345987148299043e-4,FALSE,1.1197200706829331,0.6479832457691661
arm,of_strength,666971,Lourdes Gurriel Jr.,-0.6153274386300753,1.0260510584303115,0.5617257861804106,0.03903967693806097,0.0021364770387566475,FALSE,0.41072361980023625,-0.6570114716559562
arm,of_strength,667472,Dane Myers,1.8530777182541196,-2.6949535390063337,-1.4822742033837748,0.04794574939996654,0.018441416025033477,FALSE,-0.8418758207522142,1.9887964201498591
arm,of_strength,668227,Randy Arozarena,-1.3942949006621839,-0.6847766050118568,-0.38029435076116636,0.0661560414131223,0.0017075903609064154,FALSE,-2.0790715056740408,-1.3457834667943123
arm,of_strength,668709,JJ Bleday,0.6280188517542065,0.38458572197434426,0.21003080083170567,0.03431259002327616,2.6123517758634864e-4,FALSE,1.0126045737285507,0.6143538375160877
arm,of_strength,668804,Bryan Reynolds,-0.6337526976893391,-1.4356446203896271,-0.7834041669831997,0.03275081180346759,0.0034634123375735727,FALSE,-2.069397318078966,-0.5851421355376032
arm,of_strength,668885,Austin Martin,-1.2420374523517115,1.2263127666474076,0.6811522042622917,0.06646544314779212,0.005505573794063235,FALSE,-0.01572468570430395,-1.3293480086398972
arm,of_strength,669016,Brandon Marsh,0.7528760354495642,-0.4357741584315931,-0.23800292230628048,0.03445037571004743,3.3684700644544995e-4,FALSE,0.31710187701797105,0.7684242611492361
arm,of_strength,669065,Kyle Stowers,0.6440472720301424,1.3740062514752331,0.7550050506539884,0.04611957570018412,0.004593458851571141,FALSE,2.0180535235053756,0.5776148516626229
arm,of_strength,669326,Bryce Teodosio,0.3349255885949521,-0.09470315910669914,-0.05218687250798184,0.05153212965100452,2.4661912845395847e-5,FALSE,0.24022242948825295,0.34007099797149853
arm,of_strength,669720,Austin Hays,0.36385702832872613,-0.7843213493331928,-0.43567241330932505,0.06656478036170436,0.002255948558471261,FALSE,-0.4204643210044666,0.4197882566057029
arm,of_strength,669743,Alex Call,-0.006553568911203289,-2.730674539459391,-1.5040107889962195,0.05058910471335052,0.020088774109766273,FALSE,-2.7372281083705943,0.13894969095298557
arm,of_strength,670224,Kameron Misner,0.5612580123148376,1.051469711633298,0.5797484778769784,0.05260621257607846,0.0031105306626231753,FALSE,1.6127277239481357,0.5028727453838734
arm,of_strength,670231,John Rave,-0.9783674800483168,1.569390637533468,0.8682356150675341,0.05897068209986847,0.007873302539460452,FALSE,0.5910231574851513,-1.076715145329362
arm,of_strength,670242,Matt Wallner,1.5595239785841886,-0.40391933949083897,-0.22255749112917567,0.05131705349780066,4.4655381288401567e-4,FALSE,1.1556046390933497,1.5813731647953162
arm,of_strength,670770,TJ Friedl,-0.6839524962215535,-0.44169977889512757,-0.24299748819018094,0.04837240413293146,5.002452384818766e-4,FALSE,-1.125652275116681,-0.6615003518081982
arm,of_strength,671218,Heliot Ramos,-0.3105595819832625,-2.5417045359658914,-1.4067549338241498,0.059780040168499776,0.020970673547798344,FALSE,-2.852264117949154,-0.1489556959269355
arm,of_strength,671221,Drew Waters,-0.4579899903806992,-1.2094938031219815,-0.666791174793257,0.052359001986123824,0.00409426505246985,FALSE,-1.6674837935026807,-0.3911631133538615
arm,of_strength,671289,Tyler Freeman,0.5073710289431991,-0.12837387144883233,-0.07008690637517863,0.03373615763181425,2.8583961600925464e-5,FALSE,0.37899715749436674,0.5118530771924499
arm,of_strength,671732,Lawrence Butler,-0.7371642999865238,-1.1657470085651291,-0.6376219976394046,0.037283824694399975,0.0026242035659373862,FALSE,-1.902911308551653,-0.6920175493447089
arm,of_strength,671739,Michael Harris II,0.8558890813218888,-1.84356175223645,-1.0123146300546153,0.04478620757134715,0.00800798922785168,FALSE,-0.9876726709145612,0.9423264212773057
arm,of_strength,672016,Denzel Clarke,-0.2447766712989347,-0.25280572623128666,-0.13943299063239595,0.05319844765815112,1.820622195039157e-4,FALSE,-0.4975823975302214,-0.2305721400945497
arm,of_strength,672744,Alexander Canario,0.435388487829488,1.8140302463070856,1.004545229108763,0.06078225382309217,0.010884243531142784,FALSE,2.2494187341365737,0.31799201898867113
arm,of_strength,672761,Wenceel Pérez,-0.23423773392872071,1.1090003702531277,0.6041174960296917,0.029407820713672768,0.0018429673075777107,FALSE,0.874762636324407,-0.26783916278401787
arm,of_strength,673357,Luis Robert Jr.,-0.4198628169166152,1.1107780572409869,0.6080594097226086,0.038877400281628664,0.002492637954295525,FALSE,0.6909152403243717,-0.46479377907280484
arm,of_strength,673548,Seiya Suzuki,-0.08772385904479596,-0.6013221212215266,-0.32945727144801024,0.040527791774002044,7.641304137277043e-4,FALSE,-0.6890459802663226,-0.06232420962397103
arm,of_strength,676475,Alec Burleson,-0.317219688923323,-1.6633962348591331,-0.9172421675120249,0.052804476332381924,0.007817139758522771,FALSE,-1.980615923782456,-0.22448828878442967
arm,of_strength,676694,Jake Meyers,-2.216114138065792,1.3926291915588471,0.7869928105551932,0.09812636429225172,0.011231306934794663,FALSE,-0.8234849465069446,-2.3676360741380127
arm,of_strength,677594,Julio Rodríguez,1.8465042752821477,-1.0145999427253496,-0.5597377541894067,0.05368287883467957,0.0029622182379491924,FALSE,0.8319043325567982,1.9040607165350845
arm,of_strength,677800,Wilyer Abreu,1.029806814126524,0.4070170212379738,0.22298562965108137,0.040405778172323055,3.4894610271146443e-4,FALSE,1.4368238353644978,1.0126684872187488
arm,of_strength,677950,Alek Thomas,-0.6606033092464356,0.6871634610973827,0.3782568190039268,0.04947658958112981,0.001241249881715129,FALSE,0.02656015185094707,-0.6963715019781412
arm,of_strength,678882,Ceddanne Rafaela,1.9937260864684445,0.264976350760766,0.14614705553371668,0.05321728156318955,2.000927041415836e-4,FALSE,2.2587024372292106,1.9788321506250584
arm,of_strength,680718,Addison Barger,1.4343901717070247,2.508813941885115,1.3941291575110712,0.06728895245466078,0.02336960741745273,FALSE,3.94320411359214,1.2533957871145258
arm,of_strength,680757,Steven Kwan,-0.14782320945980487,6.938708093980572,3.811195300852332,0.0453348722464608,0.11496151955773014,TRUE,6.790884884520767,-0.47732665087732473
arm,of_strength,680776,Jarren Duran,0.12631408093754848,3.5205307773636116,1.9540126181918427,0.06507279865761982,0.04429198733976095,TRUE,3.64684485830116,-0.11872188562156193
arm,of_strength,681297,Colton Cowser,0.8406797817123624,0.3379463860682946,0.18726938828361814,0.062053079269527654,3.866939779843467e-4,FALSE,1.1786261677806569,0.8183217853054743
arm,of_strength,681460,Brooks Baldwin,-1.1100747298974523,-0.18418177710434575,-0.10199368671554192,0.06078943329522991,1.1221746530606001e-4,FALSE,-1.294256507001798,-1.098153754718516
arm,of_strength,681481,Kerry Carpenter,-0.7191928867088021,0.15264987646384773,0.08327907683495547,0.032307572978218416,3.859113447524544e-5,FALSE,-0.5665430102449543,-0.7242892860256271
arm,of_strength,681624,Andy Pages,2.317848472302021,0.7605657751079875,0.42243467016215847,0.06637885170214368,0.002114593598356056,FALSE,3.0784142474100085,2.263773558845252
arm,of_strength,682622,Noelvi Marte,0.35615455996854695,0.6383024888100727,0.34960094432462374,0.03988310034331028,8.461721763116441e-4,FALSE,0.9944570487786196,0.3296395780744654
arm,of_strength,682641,Luis Matos,0.46918246023758703,-1.004709353697035,-0.5511035686411393,0.04273831353180603,0.0022599659711916155,FALSE,-0.535526893459448,0.5140391425572053
arm,of_strength,682657,Angel Martínez,1.6904632789737166,-1.2484843767364682,-0.6869190096878265,0.048581950075432895,0.0040157195677136244,FALSE,0.4419789022372485,1.7542142301621837
arm,of_strength,682985,Riley Greene,-1.0008328902056274,-2.7097222422231395,-1.4871186656688269,0.043743202212515236,0.016860716880768997,FALSE,-3.710555132428767,-0.876878814003953
arm,of_strength,682998,Corbin Carroll,-0.6219234142630259,-2.0049811755574902,-1.1091661772663435,0.058883048817665436,0.012828878083179675,FALSE,-2.626904589820516,-0.49647736391770547
arm,of_strength,686217,Sal Frelick,-0.681956120791664,1.80268369410194,0.9848505075239927,0.035028099019790836,0.005868015835208295,FALSE,1.120727573310276,-0.7473928271602339
arm,of_strength,686527,Dominic Canzone,0.1972581552946937,-2.365815870113678,-1.2920978685185398,0.03442215146970197,0.00991951154145632,FALSE,-2.1685577148189843,0.28159777882109943
arm,of_strength,686555,Isaac Collins,-0.9551190757395693,-1.3475535412778574,-0.7374992461254865,0.03842064494666712,0.0036220248981213917,FALSE,-2.3026726170174268,-0.9012765344204554
arm,of_strength,686611,Dylan Crews,-0.7239846573468764,-1.00883503561493,-0.5505994004546855,0.03309217039788302,0.001729260386527592,FALSE,-1.7328196929618065,-0.6894575391667855
arm,of_strength,686668,Brenton Doyle,2.318401718665635,2.7736345672524525,1.5444483080337283,0.071102143921776,0.030430580678296505,FALSE,5.092036285918088,2.1060948833158273
arm,of_strength,687363,Victor Scott II,0.34663293877821477,-3.4823712501161794,-1.9039669297719748,0.036509208228881235,0.02289403789709507,FALSE,-3.1357383113379647,0.47858917353066116
arm,of_strength,687597,Jordan Beck,-0.08272210911128353,1.2382891819495014,0.681690541381079,0.049645021736696854,0.004045881298958176,FALSE,1.155567072838218,-0.14740835242063377
arm,of_strength,690987,Robert Hassell III,0.27504757200506863,0.28644238616753664,0.1576649316994182,0.04935014919370606,2.1507347352850954e-4,FALSE,0.5614899581726053,0.2601777705941937
arm,of_strength,691016,Tyler Soderstrom,0.5421407188850464,-2.0502724622175568,-1.125978676612563,0.04505346408657417,0.009969151888807993,FALSE,-1.5081317433325103,0.6388706124134391
arm,of_strength,691023,Jordan Walker,1.043971016250349,-3.5594037744848577,-1.9524950488063095,0.042826065813937504,0.02842797656993634,FALSE,-2.5154327582345086,1.2032265651742646
arm,of_strength,691176,Jasson Domínguez,0.7445707092661998,-1.5993209382990865,-0.8824500496262766,0.05396497624744881,0.007403443878893524,FALSE,-0.8547502290328867,0.835801281370197
arm,of_strength,691718,Pete Crow-Armstrong,1.7796215025997286,0.7289714740780248,0.4020453077955803,0.053136654485439284,0.0015118393615075425,FALSE,2.5085929766777535,1.7387126369948682
arm,of_strength,694192,Jackson Chourio,0.4021177411548842,-1.6505815877366703,-0.9024735028716186,0.03656747053849676,0.005152183035003953,FALSE,-1.248463846581786,0.46476623156310864
arm,of_strength,694671,Wyatt Langford,-0.5417165330369301,0.9904303104065811,0.5417009458286269,0.03718047164820082,0.0018885911132385071,FALSE,0.448713777369651,-0.5799632293192795
arm,of_strength,695506,Jac Caglianone,1.1248305444221343,-1.7249846997501617,-0.9544129241173318,0.05916361638363271,0.009546891382190307,FALSE,-0.6001541553280275,1.233304594555456
arm,of_strength,695578,James Wood,-0.5676772618913651,0.6493723364978019,0.3548220008990646,0.03532123546433667,7.682861395228351e-4,FALSE,0.08169507460643674,-0.5914537085642638
arm,of_strength,695734,Daylen Lile,-1.3345941066720342,-1.1995465550557094,-0.6573533809585125,0.04092483253055868,0.0030731291786303505,FALSE,-2.5341406617277435,-1.2834080854472378
arm,of_strength,696285,Jacob Young,0.5873734311080316,1.229125572544106,0.6702588723551306,0.0314465365479246,0.0024309896756803664,FALSE,1.8164990036521376,0.5474667623514752
arm,of_strength,701358,Cam Smith,0.32939671826439226,-0.6883444184429782,-0.37512870400442244,0.030233383642742844,7.311876850855085e-4,FALSE,-0.35894770017858596,0.35085650098954585
arm,of_strength,701538,Jackson Merrill,1.8580241788309517,0.8067974233426828,0.4435969116662098,0.0472735776613752,0.001627331527883999,FALSE,2.6648216021736344,1.8179914897450706
arm,of_strength,802415,Chandler Simpson,-0.6709880815221831,-0.31725339564450933,-0.17495955226641635,0.05299237977721745,2.854854746595576e-4,FALSE,-0.9882414771666924,-0.6532353073431757
arm,of_strength,805300,Jakob Marsee,0.19882512453259904,-0.8412864072279964,-0.4630778424227011,0.049404017888728835,0.0018574753021710882,FALSE,-0.6424612826953974,0.2425481461888991
arm,of_strength,808982,Jung Hoo Lee,1.5626287536698906,0.8645875325176675,0.4761733562708749,0.050480283227364836,0.002009077675360397,FALSE,2.427216286187558,1.5166638066072995
arm,overall_strength_sensitivity,502054,Tommy Pham,-0.42017882752323743,-0.7509890715323455,-0.4101939660318569,0.03460525221111217,0.0010052275250793357,FALSE,-1.171167899055583,-0.39325909723916536
arm,overall_strength_sensitivity,543807,George Springer,-1.2815989129316325,-1.3065081486149335,-0.7180516878367627,0.04648163229767286,0.004189020366548693,FALSE,-2.588107061546566,-1.217909912892579
arm,overall_strength_sensitivity,572191,Michael A. Taylor,-0.32311795228862916,-0.34970318430275005,-0.19255933991322383,0.05008175472030261,3.2581511970776136e-4,FALSE,-0.6728211365913792,-0.30468084026537323
arm,overall_strength_sensitivity,573262,Mike Yastrzemski,-0.35522219307876757,4.91416512550142,2.6921004565893303,0.040305070432335506,0.05072917005039559,TRUE,4.558942932422652,-0.5616062901466635
arm,overall_strength_sensitivity,592206,Nick Castellanos,-1.8656616303430344,0.32303450639461284,0.18022366466203038,0.0746832330943109,4.369231552444896e-4,FALSE,-1.5426271239484215,-1.8917340654284223
arm,overall_strength_sensitivity,592450,Aaron Judge,-0.11792311217369766,2.398759733782264,1.3053926435006395,0.027460138362501437,0.008019113894653443,FALSE,2.2808366216085663,-0.18565326575027613
arm,overall_strength_sensitivity,595777,Jurickson Profar,-1.1589321820297607,-1.0542911778037265,-0.5783224740506401,0.04281201594628165,0.0024932012118405143,FALSE,-2.213223359833487,-1.1117770448277584
arm,overall_strength_sensitivity,596146,Max Kepler,-1.1569958197571084,-0.19020707386214197,-0.10413806409871267,0.03916113502628715,7.366691088736923e-5,FALSE,-1.3472028936192504,-1.1492435054263586
arm,overall_strength_sensitivity,606192,Teoscar Hernández,-0.762295159295539,-0.07962227222746676,-0.04360768931429938,0.03980549307289141,1.3138890406937293e-5,FALSE,-0.8419174315230058,-0.7589943657763764
arm,overall_strength_sensitivity,607043,Brandon Nimmo,-0.889033415906866,0.7829031877924341,0.4312749979832077,0.05087417192572543,0.0016616168008703202,FALSE,-0.106130228114432,-0.9309978743578152
arm,overall_strength_sensitivity,621438,Tyrone Taylor,0.6791104399176602,4.292613978478823,2.3430842069146385,0.03331693586761035,0.03153591860341389,FALSE,4.971724418396483,0.5311645929985906
arm,overall_strength_sensitivity,621439,Byron Buxton,0.6994495285885982,-1.1412812875829363,-0.6228892464089578,0.03310356410841467,0.0022139367611717286,FALSE,-0.4418317589943382,0.7385234943897011
arm,overall_strength_sensitivity,621493,Taylor Ward,-0.5798723450468346,-1.6473566643384063,-0.9198402542334401,0.07622398018650783,0.011635860625073722,FALSE,-2.227229009385241,-0.44394320308015195
arm,overall_strength_sensitivity,624424,Michael Conforto,-0.4417463421644866,-0.6898927379423211,-0.3769114720997976,0.03505920663907387,8.602583160381094e-4,FALSE,-1.1316390801068077,-0.4166804601697249
arm,overall_strength_sensitivity,641355,Cody Bellinger,0.4564355128027975,2.736568879241128,1.525147720535024,0.07273219720622295,0.03040843693776484,FALSE,3.1930043920439255,0.24178698646154395
arm,overall_strength_sensitivity,641584,Jake Fraley,-0.18413070524944497,-1.5894590709262642,-0.8682636835613151,0.034812568022268675,0.004531859377067746,FALSE,-1.7735897761757091,-0.1268017863348518
arm,overall_strength_sensitivity,641933,Tyler O'Neill,0.10180311187851943,-1.5558851279497656,-0.8523346805951901,0.040265797602733605,0.005079891111652075,FALSE,-1.4540820160712462,0.16708051420370681
arm,overall_strength_sensitivity,642201,Eli White,-0.31995454612998864,1.8082153567609613,0.9862071994910891,0.03176628343392088,0.005318281138322517,FALSE,1.4882608106309727,-0.37927935640013183
arm,overall_strength_sensitivity,643217,Andrew Benintendi,-1.6653001595123114,-1.2538236205630608,-0.6916095810302955,0.0533986382481668,0.004497113087075204,FALSE,-2.919123780075372,-1.5945708360117108
arm,overall_strength_sensitivity,643565,Mike Tauchman,-1.5506350528133996,1.3729678752829217,0.7544424256785632,0.04613968924861941,0.004588712429957246,FALSE,-0.17766717753047778,-1.6170476190978593
arm,overall_strength_sensitivity,650489,Willi Castro,0.13255699345532668,0.5383974971002667,0.2978652625048099,0.059015259020565,9.274066430578328e-4,FALSE,0.6709544905555934,0.0987905928287605
arm,overall_strength_sensitivity,656775,Cedric Mullins,-0.5128282516965239,-3.8758087168200044,-2.1295357164431734,0.045950197457523344,0.03640281281102369,TRUE,-4.388636968516528,-0.3261564706523239
arm,overall_strength_sensitivity,657077,Alex Verdugo,0.2061890496251525,-0.8476466506520498,-0.47247773800252835,0.07299253306956825,0.0029295887109434867,FALSE,-0.6414576010268973,0.2729327150067295
arm,overall_strength_sensitivity,657656,Ramón Laureano,0.40396080873030993,2.9641412091773525,1.638742806786799,0.05769300659917222,0.02740318889334957,FALSE,3.3681020179076624,0.22248044241703696
arm,overall_strength_sensitivity,657757,Gavin Sheets,-0.9345361205825262,2.226792668139002,1.2328594945638314,0.06038783749319446,0.016280838407700494,FALSE,1.2922565475564758,-1.0776496296880915
arm,overall_strength_sensitivity,660670,Ronald Acuña Jr.,1.1556158006103516,0.024265813417279642,0.01329565597936188,0.04062940795450378,1.2477350658642457e-6,FALSE,1.1798816140276314,1.154588141808997
arm,overall_strength_sensitivity,660821,Jesús Sánchez,-0.16968987994381024,1.2277553756714497,0.6685682917821697,0.028711223436665326,0.002202133425821302,FALSE,1.0580654957276394,-0.20598223682781608
arm,overall_strength_sensitivity,662139,Daulton Varsho,-3.3991444680104927,1.6411834380221357,0.9647043528028271,0.16643013124622133,0.030968999408732278,FALSE,-1.757961029988357,-3.726822309098375
arm,overall_strength_sensitivity,663457,Lars Nootbaar,0.4274858362208631,-3.3240088112792288,-1.831304371610351,0.051102066129494576,0.030101544004636202,FALSE,-2.8965229750583656,0.6064974158921873
arm,overall_strength_sensitivity,663616,Trevor Larnach,-1.718195952670635,-0.9353685559496551,-0.516757937888961,0.056357587928940044,0.0026580797562876964,FALSE,-2.65356450862029,-1.6623325080399542
arm,overall_strength_sensitivity,663656,Kyle Tucker,-1.0501653386961594,3.1000218313272363,1.694557447757714,0.03609741716570148,0.017922736806644222,FALSE,2.049856492631077,-1.1662587938450828
arm,overall_strength_sensitivity,663757,Trent Grisham,-0.4178045214009125,-1.0146938676224093,-0.5555162676841827,0.0390678112390258,0.0020910703860458225,FALSE,-1.4324983890233218,-0.37655096683241956
arm,overall_strength_sensitivity,663968,Jake Mangum,-0.5416157503705603,-0.31565485327052417,-0.1739998162199156,0.0521413109322006,2.775777678800767e-4,FALSE,-0.8572706036410844,-0.524251708618914
arm,overall_strength_sensitivity,664023,Ian Happ,-0.7254671738379893,1.2683156504927497,0.6965601277283587,0.04510919050726433,0.003820122520883179,FALSE,0.5428484766547604,-0.7853826026311704
arm,overall_strength_sensitivity,664056,Harrison Bader,0.47950807659611067,-0.8180624265935305,-0.45589716746651604,0.0726251006319449,0.0027127760814973493,FALSE,-0.3385543499974198,0.5435726378593677
arm,overall_strength_sensitivity,664702,Myles Straw,-0.8184259778887638,0.85389458197841,0.4701043941309303,0.04975383133215823,0.0019285361017583873,FALSE,0.03546860408964611,-0.8631349474253154
arm,overall_strength_sensitivity,664728,Kyle Isbel,-0.7592231409055454,0.2109328194053363,0.11586519170421913,0.045450226766834356,1.0653497156066069e-4,FALSE,-0.5482903215002092,-0.7692665611056939
arm,overall_strength_sensitivity,664770,Nathan Lukes,0.1508377866105608,4.00976234189255,2.209560284724721,0.05149027538119266,0.044171676882915706,TRUE,4.160600128503111,-0.06683395869511163
arm,overall_strength_sensitivity,664983,Jake McCarthy,-2.3457016971576956,1.0284149003850425,0.5784662005917157,0.0896739381602744,0.0054938145224289565,FALSE,-1.3172867967726531,-2.4470082707538148
arm,overall_strength_sensitivity,665487,Fernando Tatis Jr.,1.6659784358812573,0.4024842458827856,0.22298502208354548,0.061654837706655884,5.445085130940673e-4,FALSE,2.068462681764043,1.639532835843486
arm,overall_strength_sensitivity,665742,Juan Soto,-0.44818762785867783,-1.6072758906338085,-0.8919052121329943,0.06468114484104935,0.0091686239838593,FALSE,-2.0554635184924863,-0.3370378909446883
arm,overall_strength_sensitivity,665750,Leody Taveras,0.5668191144968131,-1.6312221886436913,-0.9051698318245393,0.06463238125934238,0.00943575634041169,FALSE,-1.0644030741468782,0.6795339148627488
arm,overall_strength_sensitivity,665833,Oneil Cruz,3.1152186607324155,0.6922535073147146,0.3894428984250669,0.08996313728474552,0.002498860055183027,FALSE,3.80747216804713,3.0467848424268733
arm,overall_strength_sensitivity,666134,Nolan Jones,1.418477053945007,2.4545052990947065,1.3498194715598841,0.04765829515358134,0.015196578794315359,FALSE,3.8729823530397134,1.2956455771704558
arm,overall_strength_sensitivity,666139,Josh Lowe,-1.0092432948681753,-0.7336986420122356,-0.4006838496170034,0.034287200007927766,9.50028115088977e-4,FALSE,-1.7429419368804109,-0.9831936535209479
arm,overall_strength_sensitivity,666158,Gavin Lux,-0.7315528838377549,0.7318567930028045,0.4059963682311351,0.06411141179414176,0.0018819333383984225,FALSE,3.0390916504963e-4,-0.7816874541507544
arm,overall_strength_sensitivity,666160,Mickey Moniak,-0.6760564753420661,-3.8486975390980813,-2.137595181107148,0.06633114193376496,0.05410336456086779,TRUE,-4.5247540144401475,-0.4026313733687727
arm,overall_strength_sensitivity,666176,Jo Adell,-0.9047238177594648,-1.0888746817079102,-0.6057421814499803,0.06932853638891247,0.004555541613909401,FALSE,-1.993598499467375,-0.8236102444466566
arm,overall_strength_sensitivity,666181,Will Benson,-0.306098341799382,-0.841437473899341,-0.46457508425056926,0.05518212026688428,0.0021009264967271073,FALSE,-1.147535815698723,-0.2569541576367209
arm,overall_strength_sensitivity,666185,Dylan Carlson,-1.4877244052583607,1.5024518822949122,0.8283997104025538,0.05259101303094986,0.006348961051030287,FALSE,0.01472747703655152,-1.5711260486953051
arm,overall_strength_sensitivity,666624,Christopher Morel,0.6083155552650918,-2.0001334761710616,-1.117700364625144,0.0776762228358558,0.01753493777485386,FALSE,-1.3918179209059698,0.776762707385801
arm,overall_strength_sensitivity,666969,Adolis García,0.6649170744037225,0.45480299627921067,0.2485819924699926,0.03589677069976767,3.8345987148299043e-4,FALSE,1.1197200706829331,0.6479832457691661
arm,overall_strength_sensitivity,666971,Lourdes Gurriel Jr.,-0.6153274386300753,1.0260510584303115,0.5617257861804106,0.03903967693806097,0.0021364770387566475,FALSE,0.41072361980023625,-0.6570114716559562
arm,overall_strength_sensitivity,667472,Dane Myers,1.8530777182541196,-2.6949535390063337,-1.4822742033837748,0.04794574939996654,0.018441416025033477,FALSE,-0.8418758207522142,1.9887964201498591
arm,overall_strength_sensitivity,668227,Randy Arozarena,-1.3942949006621839,-0.6847766050118568,-0.38029435076116636,0.0661560414131223,0.0017075903609064154,FALSE,-2.0790715056740408,-1.3457834667943123
arm,overall_strength_sensitivity,668709,JJ Bleday,0.6280188517542065,0.38458572197434426,0.21003080083170567,0.03431259002327616,2.6123517758634864e-4,FALSE,1.0126045737285507,0.6143538375160877
arm,overall_strength_sensitivity,668804,Bryan Reynolds,-0.6337526976893391,-1.4356446203896271,-0.7834041669831997,0.03275081180346759,0.0034634123375735727,FALSE,-2.069397318078966,-0.5851421355376032
arm,overall_strength_sensitivity,668885,Austin Martin,-1.2420374523517115,1.2263127666474076,0.6811522042622917,0.06646544314779212,0.005505573794063235,FALSE,-0.01572468570430395,-1.3293480086398972
arm,overall_strength_sensitivity,669016,Brandon Marsh,0.7528760354495642,-0.4357741584315931,-0.23800292230628048,0.03445037571004743,3.3684700644544995e-4,FALSE,0.31710187701797105,0.7684242611492361
arm,overall_strength_sensitivity,669065,Kyle Stowers,0.6440472720301424,1.3740062514752331,0.7550050506539884,0.04611957570018412,0.004593458851571141,FALSE,2.0180535235053756,0.5776148516626229
arm,overall_strength_sensitivity,669326,Bryce Teodosio,0.3349255885949521,-0.09470315910669914,-0.05218687250798184,0.05153212965100452,2.4661912845395847e-5,FALSE,0.24022242948825295,0.34007099797149853
arm,overall_strength_sensitivity,669720,Austin Hays,0.36385702832872613,-0.7843213493331928,-0.43567241330932505,0.06656478036170436,0.002255948558471261,FALSE,-0.4204643210044666,0.4197882566057029
arm,overall_strength_sensitivity,669743,Alex Call,-0.006553568911203289,-2.730674539459391,-1.5040107889962195,0.05058910471335052,0.020088774109766273,FALSE,-2.7372281083705943,0.13894969095298557
arm,overall_strength_sensitivity,670224,Kameron Misner,0.5612580123148376,1.051469711633298,0.5797484778769784,0.05260621257607846,0.0031105306626231753,FALSE,1.6127277239481357,0.5028727453838734
arm,overall_strength_sensitivity,670231,John Rave,-0.9783674800483168,1.569390637533468,0.8682356150675341,0.05897068209986847,0.007873302539460452,FALSE,0.5910231574851513,-1.076715145329362
arm,overall_strength_sensitivity,670242,Matt Wallner,1.5595239785841886,-0.40391933949083897,-0.22255749112917567,0.05131705349780066,4.4655381288401567e-4,FALSE,1.1556046390933497,1.5813731647953162
arm,overall_strength_sensitivity,670770,TJ Friedl,-0.6839524962215535,-0.44169977889512757,-0.24299748819018094,0.04837240413293146,5.002452384818766e-4,FALSE,-1.125652275116681,-0.6615003518081982
arm,overall_strength_sensitivity,671218,Heliot Ramos,-0.3105595819832625,-2.5417045359658914,-1.4067549338241498,0.059780040168499776,0.020970673547798344,FALSE,-2.852264117949154,-0.1489556959269355
arm,overall_strength_sensitivity,671221,Drew Waters,-0.4579899903806992,-1.2094938031219815,-0.666791174793257,0.052359001986123824,0.00409426505246985,FALSE,-1.6674837935026807,-0.3911631133538615
arm,overall_strength_sensitivity,671289,Tyler Freeman,0.5073710289431991,-0.12837387144883233,-0.07008690637517863,0.03373615763181425,2.8583961600925464e-5,FALSE,0.37899715749436674,0.5118530771924499
arm,overall_strength_sensitivity,671732,Lawrence Butler,-0.7371642999865238,-1.1657470085651291,-0.6376219976394046,0.037283824694399975,0.0026242035659373862,FALSE,-1.902911308551653,-0.6920175493447089
arm,overall_strength_sensitivity,671739,Michael Harris II,0.8558890813218888,-1.84356175223645,-1.0123146300546153,0.04478620757134715,0.00800798922785168,FALSE,-0.9876726709145612,0.9423264212773057
arm,overall_strength_sensitivity,672016,Denzel Clarke,-0.2447766712989347,-0.25280572623128666,-0.13943299063239595,0.05319844765815112,1.820622195039157e-4,FALSE,-0.4975823975302214,-0.2305721400945497
arm,overall_strength_sensitivity,672744,Alexander Canario,0.435388487829488,1.8140302463070856,1.004545229108763,0.06078225382309217,0.010884243531142784,FALSE,2.2494187341365737,0.31799201898867113
arm,overall_strength_sensitivity,672761,Wenceel Pérez,-0.23423773392872071,1.1090003702531277,0.6041174960296917,0.029407820713672768,0.0018429673075777107,FALSE,0.874762636324407,-0.26783916278401787
arm,overall_strength_sensitivity,673357,Luis Robert Jr.,-0.4198628169166152,1.1107780572409869,0.6080594097226086,0.038877400281628664,0.002492637954295525,FALSE,0.6909152403243717,-0.46479377907280484
arm,overall_strength_sensitivity,673548,Seiya Suzuki,-0.08772385904479596,-0.6013221212215266,-0.32945727144801024,0.040527791774002044,7.641304137277043e-4,FALSE,-0.6890459802663226,-0.06232420962397103
arm,overall_strength_sensitivity,676475,Alec Burleson,-0.317219688923323,-1.6633962348591331,-0.9172421675120249,0.052804476332381924,0.007817139758522771,FALSE,-1.980615923782456,-0.22448828878442967
arm,overall_strength_sensitivity,676694,Jake Meyers,-2.216114138065792,1.3926291915588471,0.7869928105551932,0.09812636429225172,0.011231306934794663,FALSE,-0.8234849465069446,-2.3676360741380127
arm,overall_strength_sensitivity,677594,Julio Rodríguez,1.8465042752821477,-1.0145999427253496,-0.5597377541894067,0.05368287883467957,0.0029622182379491924,FALSE,0.8319043325567982,1.9040607165350845
arm,overall_strength_sensitivity,677800,Wilyer Abreu,1.029806814126524,0.4070170212379738,0.22298562965108137,0.040405778172323055,3.4894610271146443e-4,FALSE,1.4368238353644978,1.0126684872187488
arm,overall_strength_sensitivity,677950,Alek Thomas,-0.6606033092464356,0.6871634610973827,0.3782568190039268,0.04947658958112981,0.001241249881715129,FALSE,0.02656015185094707,-0.6963715019781412
arm,overall_strength_sensitivity,678882,Ceddanne Rafaela,1.9937260864684445,0.264976350760766,0.14614705553371668,0.05321728156318955,2.000927041415836e-4,FALSE,2.2587024372292106,1.9788321506250584
arm,overall_strength_sensitivity,680718,Addison Barger,1.4343901717070247,2.508813941885115,1.3941291575110712,0.06728895245466078,0.02336960741745273,FALSE,3.94320411359214,1.2533957871145258
arm,overall_strength_sensitivity,680757,Steven Kwan,-0.14782320945980487,6.938708093980572,3.811195300852332,0.0453348722464608,0.11496151955773014,TRUE,6.790884884520767,-0.47732665087732473
arm,overall_strength_sensitivity,680776,Jarren Duran,0.12631408093754848,3.5205307773636116,1.9540126181918427,0.06507279865761982,0.04429198733976095,TRUE,3.64684485830116,-0.11872188562156193
arm,overall_strength_sensitivity,681297,Colton Cowser,0.8406797817123624,0.3379463860682946,0.18726938828361814,0.062053079269527654,3.866939779843467e-4,FALSE,1.1786261677806569,0.8183217853054743
arm,overall_strength_sensitivity,681460,Brooks Baldwin,-1.1100747298974523,-0.18418177710434575,-0.10199368671554192,0.06078943329522991,1.1221746530606001e-4,FALSE,-1.294256507001798,-1.098153754718516
arm,overall_strength_sensitivity,681481,Kerry Carpenter,-0.7191928867088021,0.15264987646384773,0.08327907683495547,0.032307572978218416,3.859113447524544e-5,FALSE,-0.5665430102449543,-0.7242892860256271
arm,overall_strength_sensitivity,681624,Andy Pages,2.317848472302021,0.7605657751079875,0.42243467016215847,0.06637885170214368,0.002114593598356056,FALSE,3.0784142474100085,2.263773558845252
arm,overall_strength_sensitivity,682622,Noelvi Marte,0.35615455996854695,0.6383024888100727,0.34960094432462374,0.03988310034331028,8.461721763116441e-4,FALSE,0.9944570487786196,0.3296395780744654
arm,overall_strength_sensitivity,682641,Luis Matos,0.46918246023758703,-1.004709353697035,-0.5511035686411393,0.04273831353180603,0.0022599659711916155,FALSE,-0.535526893459448,0.5140391425572053
arm,overall_strength_sensitivity,682657,Angel Martínez,1.6904632789737166,-1.2484843767364682,-0.6869190096878265,0.048581950075432895,0.0040157195677136244,FALSE,0.4419789022372485,1.7542142301621837
arm,overall_strength_sensitivity,682985,Riley Greene,-1.0008328902056274,-2.7097222422231395,-1.4871186656688269,0.043743202212515236,0.016860716880768997,FALSE,-3.710555132428767,-0.876878814003953
arm,overall_strength_sensitivity,682998,Corbin Carroll,-0.6219234142630259,-2.0049811755574902,-1.1091661772663435,0.058883048817665436,0.012828878083179675,FALSE,-2.626904589820516,-0.49647736391770547
arm,overall_strength_sensitivity,686217,Sal Frelick,-0.681956120791664,1.80268369410194,0.9848505075239927,0.035028099019790836,0.005868015835208295,FALSE,1.120727573310276,-0.7473928271602339
arm,overall_strength_sensitivity,686527,Dominic Canzone,0.1972581552946937,-2.365815870113678,-1.2920978685185398,0.03442215146970197,0.00991951154145632,FALSE,-2.1685577148189843,0.28159777882109943
arm,overall_strength_sensitivity,686555,Isaac Collins,-0.9551190757395693,-1.3475535412778574,-0.7374992461254865,0.03842064494666712,0.0036220248981213917,FALSE,-2.3026726170174268,-0.9012765344204554
arm,overall_strength_sensitivity,686611,Dylan Crews,-0.7239846573468764,-1.00883503561493,-0.5505994004546855,0.03309217039788302,0.001729260386527592,FALSE,-1.7328196929618065,-0.6894575391667855
arm,overall_strength_sensitivity,686668,Brenton Doyle,2.318401718665635,2.7736345672524525,1.5444483080337283,0.071102143921776,0.030430580678296505,FALSE,5.092036285918088,2.1060948833158273
arm,overall_strength_sensitivity,687363,Victor Scott II,0.34663293877821477,-3.4823712501161794,-1.9039669297719748,0.036509208228881235,0.02289403789709507,FALSE,-3.1357383113379647,0.47858917353066116
arm,overall_strength_sensitivity,687597,Jordan Beck,-0.08272210911128353,1.2382891819495014,0.681690541381079,0.049645021736696854,0.004045881298958176,FALSE,1.155567072838218,-0.14740835242063377
arm,overall_strength_sensitivity,690987,Robert Hassell III,0.27504757200506863,0.28644238616753664,0.1576649316994182,0.04935014919370606,2.1507347352850954e-4,FALSE,0.5614899581726053,0.2601777705941937
arm,overall_strength_sensitivity,691016,Tyler Soderstrom,0.5421407188850464,-2.0502724622175568,-1.125978676612563,0.04505346408657417,0.009969151888807993,FALSE,-1.5081317433325103,0.6388706124134391
arm,overall_strength_sensitivity,691023,Jordan Walker,1.043971016250349,-3.5594037744848577,-1.9524950488063095,0.042826065813937504,0.02842797656993634,FALSE,-2.5154327582345086,1.2032265651742646
arm,overall_strength_sensitivity,691176,Jasson Domínguez,0.7445707092661998,-1.5993209382990865,-0.8824500496262766,0.05396497624744881,0.007403443878893524,FALSE,-0.8547502290328867,0.835801281370197
arm,overall_strength_sensitivity,691718,Pete Crow-Armstrong,1.7796215025997286,0.7289714740780248,0.4020453077955803,0.053136654485439284,0.0015118393615075425,FALSE,2.5085929766777535,1.7387126369948682
arm,overall_strength_sensitivity,694192,Jackson Chourio,0.4021177411548842,-1.6505815877366703,-0.9024735028716186,0.03656747053849676,0.005152183035003953,FALSE,-1.248463846581786,0.46476623156310864
arm,overall_strength_sensitivity,694671,Wyatt Langford,-0.5417165330369301,0.9904303104065811,0.5417009458286269,0.03718047164820082,0.0018885911132385071,FALSE,0.448713777369651,-0.5799632293192795
arm,overall_strength_sensitivity,695506,Jac Caglianone,1.1248305444221343,-1.7249846997501617,-0.9544129241173318,0.05916361638363271,0.009546891382190307,FALSE,-0.6001541553280275,1.233304594555456
arm,overall_strength_sensitivity,695578,James Wood,-0.5676772618913651,0.6493723364978019,0.3548220008990646,0.03532123546433667,7.682861395228351e-4,FALSE,0.08169507460643674,-0.5914537085642638
arm,overall_strength_sensitivity,695734,Daylen Lile,-1.3345941066720342,-1.1995465550557094,-0.6573533809585125,0.04092483253055868,0.0030731291786303505,FALSE,-2.5341406617277435,-1.2834080854472378
arm,overall_strength_sensitivity,696285,Jacob Young,0.5873734311080316,1.229125572544106,0.6702588723551306,0.0314465365479246,0.0024309896756803664,FALSE,1.8164990036521376,0.5474667623514752
arm,overall_strength_sensitivity,701358,Cam Smith,0.32939671826439226,-0.6883444184429782,-0.37512870400442244,0.030233383642742844,7.311876850855085e-4,FALSE,-0.35894770017858596,0.35085650098954585
arm,overall_strength_sensitivity,701538,Jackson Merrill,1.8580241788309517,0.8067974233426828,0.4435969116662098,0.0472735776613752,0.001627331527883999,FALSE,2.6648216021736344,1.8179914897450706
arm,overall_strength_sensitivity,802415,Chandler Simpson,-0.6709880815221831,-0.31725339564450933,-0.17495955226641635,0.05299237977721745,2.854854746595576e-4,FALSE,-0.9882414771666924,-0.6532353073431757
arm,overall_strength_sensitivity,805300,Jakob Marsee,0.19882512453259904,-0.8412864072279964,-0.4630778424227011,0.049404017888728835,0.0018574753021710882,FALSE,-0.6424612826953974,0.2425481461888991
arm,overall_strength_sensitivity,808982,Jung Hoo Lee,1.5626287536698906,0.8645875325176675,0.4761733562708749,0.050480283227364836,0.002009077675360397,FALSE,2.427216286187558,1.5166638066072995
